threshold,net_benefit,treat_all,analysis,method
0.02,0.335671768707483,0.335671768707483,PIDD cross-validation,EBRO-MH
0.03,0.3288230240549828,0.3288230240549828,PIDD cross-validation,EBRO-MH
0.039999999999999994,0.3218315972222222,0.3218315972222222,PIDD cross-validation,EBRO-MH
0.049999999999999996,0.31469298245614036,0.3146929824561403,PIDD cross-validation,EBRO-MH
0.06,0.3074024822695035,0.3074024822695035,PIDD cross-validation,EBRO-MH
0.06999999999999999,0.2999551971326165,0.2999551971326165,PIDD cross-validation,EBRO-MH
0.07999999999999999,0.2923460144927536,0.2923460144927536,PIDD cross-validation,EBRO-MH
0.09,0.28456959706959706,0.28456959706959706,PIDD cross-validation,EBRO-MH
0.09999999999999999,0.27662037037037035,0.27662037037037035,PIDD cross-validation,EBRO-MH
0.10999999999999999,0.2684925093632959,0.2684925093632959,PIDD cross-validation,EBRO-MH
0.11999999999999998,0.2603574810606061,0.2601799242424242,PIDD cross-validation,EBRO-MH
0.12999999999999998,0.25264906609195403,0.25167624521072796,PIDD cross-validation,EBRO-MH
0.13999999999999999,0.2446705426356589,0.24297480620155038,PIDD cross-validation,EBRO-MH
0.14999999999999997,0.23743872549019612,0.2340686274509804,PIDD cross-validation,EBRO-MH
0.15999999999999998,0.23648313492063497,0.2249503968253968,PIDD cross-validation,EBRO-MH
0.16999999999999996,0.234375,0.2156124497991968,PIDD cross-validation,EBRO-MH
0.17999999999999997,0.23138973577235772,0.20604674796747968,PIDD cross-validation,EBRO-MH
0.18999999999999997,0.23034014917695472,0.1962448559670782,PIDD cross-validation,EBRO-MH
0.19999999999999996,0.2275390625,0.18619791666666666,PIDD cross-validation,EBRO-MH
0.20999999999999996,0.21682159810126583,0.17589662447257384,PIDD cross-validation,EBRO-MH
0.21999999999999995,0.2128071581196581,0.16533119658119658,PIDD cross-validation,EBRO-MH
0.22999999999999995,0.21332183441558444,0.15449134199134198,PIDD cross-validation,EBRO-MH
0.23999999999999996,0.20860745614035092,0.14336622807017543,PIDD cross-validation,EBRO-MH
0.24999999999999994,0.2035590277777778,0.13194444444444445,PIDD cross-validation,EBRO-MH
0.25999999999999995,0.19598113738738737,0.12021396396396394,PIDD cross-validation,EBRO-MH
0.26999999999999996,0.19679295091324203,0.10816210045662097,PIDD cross-validation,EBRO-MH
0.27999999999999997,0.1976996527777778,0.09577546296296297,PIDD cross-validation,EBRO-MH
0.29,0.1968713321596244,0.08303990610328632,PIDD cross-validation,EBRO-MH
0.3,0.18843005952380953,0.06994047619047611,PIDD cross-validation,EBRO-MH
0.31,0.18132925724637677,0.05646135265700475,PIDD cross-validation,EBRO-MH
0.31999999999999995,0.18114276960784315,0.042585784313725505,PIDD cross-validation,EBRO-MH
0.32999999999999996,0.17313821517412936,0.028296019900497515,PIDD cross-validation,EBRO-MH
0.33999999999999997,0.16556186868686873,0.01357323232323232,PIDD cross-validation,EBRO-MH
0.35,0.1569511217948718,-0.0016025641025641524,PIDD cross-validation,EBRO-MH
0.36,0.15380859375,-0.01725260416666674,PIDD cross-validation,EBRO-MH
0.36999999999999994,0.1488715277777778,-0.03339947089947082,PIDD cross-validation,EBRO-MH
0.37999999999999995,0.13944892473118284,-0.0500672043010752,PIDD cross-validation,EBRO-MH
0.38999999999999996,0.1357581967213115,-0.06728142076502724,PIDD cross-validation,EBRO-MH
0.39999999999999997,0.13368055555555558,-0.08506944444444442,PIDD cross-validation,EBRO-MH
0.41,0.12711864406779663,-0.10346045197740106,PIDD cross-validation,EBRO-MH
0.41999999999999993,0.12248563218390805,-0.12248563218390796,PIDD cross-validation,EBRO-MH
0.42999999999999994,0.11318987573099419,-0.14217836257309935,PIDD cross-validation,EBRO-MH
0.43999999999999995,0.1064918154761905,-0.1625744047619047,PIDD cross-validation,EBRO-MH
0.44999999999999996,0.09919507575757577,-0.18371212121212116,PIDD cross-validation,EBRO-MH
0.45999999999999996,0.09268904320987656,-0.20563271604938277,PIDD cross-validation,EBRO-MH
0.47,0.09087558962264151,-0.22838050314465413,PIDD cross-validation,EBRO-MH
0.4799999999999999,0.08393429487179489,-0.2520032051282051,PIDD cross-validation,EBRO-MH
0.48999999999999994,0.0757761437908497,-0.2765522875816993,PIDD cross-validation,EBRO-MH
0.49999999999999994,0.07421875000000001,-0.3020833333333333,PIDD cross-validation,EBRO-MH
0.02,0.3356983418367347,0.335671768707483,PIDD cross-validation,LR
0.03,0.3292660008591065,0.3288230240549828,PIDD cross-validation,LR
0.039999999999999994,0.3230794270833333,0.3218315972222222,PIDD cross-validation,LR
0.049999999999999996,0.3172286184210526,0.3146929824561403,PIDD cross-validation,LR
0.06,0.31164117907801414,0.3074024822695035,PIDD cross-validation,LR
0.06999999999999999,0.3055135528673835,0.2999551971326165,PIDD cross-validation,LR
0.07999999999999999,0.3010076992753623,0.2923460144927536,PIDD cross-validation,LR
0.09,0.2945713141025641,0.28456959706959706,PIDD cross-validation,LR
0.09999999999999999,0.28978587962962965,0.27662037037037035,PIDD cross-validation,LR
0.10999999999999999,0.28661926498127344,0.2684925093632959,PIDD cross-validation,LR
0.11999999999999998,0.28480113636363635,0.2601799242424242,PIDD cross-validation,LR
0.12999999999999998,0.28057650862068967,0.25167624521072796,PIDD cross-validation,LR
0.13999999999999999,0.27734375,0.24297480620155038,PIDD cross-validation,LR
0.14999999999999997,0.27389705882352944,0.2340686274509804,PIDD cross-validation,LR
0.15999999999999998,0.2685391865079365,0.2249503968253968,PIDD cross-validation,LR
0.16999999999999996,0.2613579317269077,0.2156124497991968,PIDD cross-validation,LR
0.17999999999999997,0.25088922764227645,0.20604674796747968,PIDD cross-validation,LR
0.18999999999999997,0.24487204218106998,0.1962448559670782,PIDD cross-validation,LR
0.19999999999999996,0.23600260416666666,0.18619791666666666,PIDD cross-validation,LR
0.20999999999999996,0.23332014767932494,0.17589662447257384,PIDD cross-validation,LR
0.21999999999999995,0.22629540598290598,0.16533119658119658,PIDD cross-validation,LR
0.22999999999999995,0.22495603354978358,0.15449134199134198,PIDD cross-validation,LR
0.23999999999999996,0.2206688596491228,0.14336622807017543,PIDD cross-validation,LR
0.24999999999999994,0.21484375000000006,0.13194444444444445,PIDD cross-validation,LR
0.25999999999999995,0.21329532657657657,0.12021396396396394,PIDD cross-validation,LR
0.26999999999999996,0.21124072488584478,0.10816210045662097,PIDD cross-validation,LR
0.27999999999999997,0.20645254629629628,0.09577546296296297,PIDD cross-validation,LR
0.29,0.19987896126760563,0.08303990610328632,PIDD cross-validation,LR
0.3,0.19345238095238096,0.06994047619047611,PIDD cross-validation,LR
0.31,0.191670440821256,0.05646135265700475,PIDD cross-validation,LR
0.31999999999999995,0.18236825980392157,0.042585784313725505,PIDD cross-validation,LR
0.32999999999999996,0.17447916666666669,0.028296019900497515,PIDD cross-validation,LR
0.33999999999999997,0.1706912878787879,0.01357323232323232,PIDD cross-validation,LR
0.35,0.16586538461538464,-0.0016025641025641524,PIDD cross-validation,LR
0.36,0.16162109375,-0.01725260416666674,PIDD cross-validation,LR
0.36999999999999994,0.15951554232804235,-0.03339947089947082,PIDD cross-validation,LR
0.37999999999999995,0.1543598790322581,-0.0500672043010752,PIDD cross-validation,LR
0.38999999999999996,0.15055071721311478,-0.06728142076502724,PIDD cross-validation,LR
0.39999999999999997,0.1449652777777778,-0.08506944444444442,PIDD cross-validation,LR
0.41,0.14472987288135594,-0.10346045197740106,PIDD cross-validation,LR
0.41999999999999993,0.14026580459770116,-0.12248563218390796,PIDD cross-validation,LR
0.42999999999999994,0.1339775219298246,-0.14217836257309935,PIDD cross-validation,LR
0.43999999999999995,0.130859375,-0.1625744047619047,PIDD cross-validation,LR
0.44999999999999996,0.1284327651515152,-0.18371212121212116,PIDD cross-validation,LR
0.45999999999999996,0.12789351851851855,-0.20563271604938277,PIDD cross-validation,LR
0.47,0.12445951257861636,-0.22838050314465413,PIDD cross-validation,LR
0.4799999999999999,0.11969150641025644,-0.2520032051282051,PIDD cross-validation,LR
0.48999999999999994,0.11894914215686275,-0.2765522875816993,PIDD cross-validation,LR
0.49999999999999994,0.11848958333333334,-0.3020833333333333,PIDD cross-validation,LR
0.02,0.33500744047619047,0.335671768707483,PIDD cross-validation,Random Forest
0.03,0.32961501288659795,0.3288230240549828,PIDD cross-validation,Random Forest
0.039999999999999994,0.3234592013888889,0.3218315972222222,PIDD cross-validation,Random Forest
0.049999999999999996,0.31866776315789475,0.3146929824561403,PIDD cross-validation,Random Forest
0.06,0.3140237145390071,0.3074024822695035,PIDD cross-validation,Random Forest
0.06999999999999999,0.3088877688172043,0.2999551971326165,PIDD cross-validation,Random Forest
0.07999999999999999,0.30485733695652173,0.2923460144927536,PIDD cross-validation,Random Forest
0.09,0.2997081043956044,0.28456959706959706,PIDD cross-validation,Random Forest
0.09999999999999999,0.29354745370370366,0.27662037037037035,PIDD cross-validation,Random Forest
0.10999999999999999,0.28931121254681647,0.2684925093632959,PIDD cross-validation,Random Forest
0.11999999999999998,0.28272964015151514,0.2601799242424242,PIDD cross-validation,Random Forest
0.12999999999999998,0.2734674329501916,0.25167624521072796,PIDD cross-validation,Random Forest
0.13999999999999999,0.26925872093023256,0.24297480620155038,PIDD cross-validation,Random Forest
0.14999999999999997,0.2653186274509804,0.2340686274509804,PIDD cross-validation,Random Forest
0.15999999999999998,0.26165674603174605,0.2249503968253968,PIDD cross-validation,Random Forest
0.16999999999999996,0.2590832078313253,0.2156124497991968,PIDD cross-validation,Random Forest
0.17999999999999997,0.2547637195121951,0.20604674796747968,PIDD cross-validation,Random Forest
0.18999999999999997,0.2548064557613169,0.1962448559670782,PIDD cross-validation,Random Forest
0.19999999999999996,0.251953125,0.18619791666666666,PIDD cross-validation,Random Forest
0.20999999999999996,0.24632449894514774,0.17589662447257384,PIDD cross-validation,Random Forest
0.21999999999999995,0.24258814102564102,0.16533119658119658,PIDD cross-validation,Random Forest
0.22999999999999995,0.2388731060606061,0.15449134199134198,PIDD cross-validation,Random Forest
0.23999999999999996,0.23183936403508776,0.14336622807017543,PIDD cross-validation,Random Forest
0.24999999999999994,0.2265625,0.13194444444444445,PIDD cross-validation,Random Forest
0.25999999999999995,0.22378237612612617,0.12021396396396394,PIDD cross-validation,Random Forest
0.26999999999999996,0.2208369006849315,0.10816210045662097,PIDD cross-validation,Random Forest
0.27999999999999997,0.21976273148148148,0.09577546296296297,PIDD cross-validation,Random Forest
0.29,0.21497212441314553,0.08303990610328632,PIDD cross-validation,Random Forest
0.3,0.20944940476190474,0.06994047619047611,PIDD cross-validation,Random Forest
0.31,0.20769172705314007,0.05646135265700475,PIDD cross-validation,Random Forest
0.31999999999999995,0.20335477941176472,0.042585784313725505,PIDD cross-validation,Random Forest
0.32999999999999996,0.19861629353233834,0.028296019900497515,PIDD cross-validation,Random Forest
0.33999999999999997,0.19456281565656566,0.01357323232323232,PIDD cross-validation,Random Forest
0.35,0.19270833333333337,-0.0016025641025641524,PIDD cross-validation,Random Forest
0.36,0.18505859375,-0.01725260416666674,PIDD cross-validation,Random Forest
0.36999999999999994,0.1788401124338625,-0.03339947089947082,PIDD cross-validation,Random Forest
0.37999999999999995,0.17116095430107528,-0.0500672043010752,PIDD cross-validation,Random Forest
0.38999999999999996,0.1660903346994536,-0.06728142076502724,PIDD cross-validation,Random Forest
0.39999999999999997,0.16232638888888895,-0.08506944444444442,PIDD cross-validation,Random Forest
0.41,0.15607344632768366,-0.10346045197740106,PIDD cross-validation,Random Forest
0.41999999999999993,0.1528825431034483,-0.12248563218390796,PIDD cross-validation,Random Forest
0.42999999999999994,0.14720394736842107,-0.14217836257309935,PIDD cross-validation,Random Forest
0.43999999999999995,0.14248511904761904,-0.1625744047619047,PIDD cross-validation,Random Forest
0.44999999999999996,0.13151041666666669,-0.18371212121212116,PIDD cross-validation,Random Forest
0.45999999999999996,0.1263985339506173,-0.20563271604938277,PIDD cross-validation,Random Forest
0.47,0.12163423742138366,-0.22838050314465413,PIDD cross-validation,Random Forest
0.4799999999999999,0.11558493589743592,-0.2520032051282051,PIDD cross-validation,Random Forest
0.48999999999999994,0.11986825980392157,-0.2765522875816993,PIDD cross-validation,Random Forest
0.49999999999999994,0.1171875,-0.3020833333333333,PIDD cross-validation,Random Forest
0.02,0.335671768707483,0.335671768707483,PIDD cross-validation,XGBoost
0.03,0.3288230240549828,0.3288230240549828,PIDD cross-validation,XGBoost
0.039999999999999994,0.3208550347222222,0.3218315972222222,PIDD cross-validation,XGBoost
0.049999999999999996,0.31476151315789475,0.3146929824561403,PIDD cross-validation,XGBoost
0.06,0.30754100177304966,0.3074024822695035,PIDD cross-validation,XGBoost
0.06999999999999999,0.3025453629032258,0.2999551971326165,PIDD cross-validation,XGBoost
0.07999999999999999,0.2969316123188406,0.2923460144927536,PIDD cross-validation,XGBoost
0.09,0.29289720695970695,0.28456959706959706,PIDD cross-validation,XGBoost
0.09999999999999999,0.28935185185185186,0.27662037037037035,PIDD cross-validation,XGBoost
0.10999999999999999,0.28388342696629215,0.2684925093632959,PIDD cross-validation,XGBoost
0.11999999999999998,0.27923768939393945,0.2601799242424242,PIDD cross-validation,XGBoost
0.12999999999999998,0.2744103208812261,0.25167624521072796,PIDD cross-validation,XGBoost
0.13999999999999999,0.26710876937984496,0.24297480620155038,PIDD cross-validation,XGBoost
0.14999999999999997,0.26256127450980393,0.2340686274509804,PIDD cross-validation,XGBoost
0.15999999999999998,0.2546502976190476,0.2249503968253968,PIDD cross-validation,XGBoost
0.16999999999999996,0.2504863202811245,0.2156124497991968,PIDD cross-validation,XGBoost
0.17999999999999997,0.24434705284552843,0.20604674796747968,PIDD cross-validation,XGBoost
0.18999999999999997,0.23953510802469138,0.1962448559670782,PIDD cross-validation,XGBoost
0.19999999999999996,0.23404947916666669,0.18619791666666666,PIDD cross-validation,XGBoost
0.20999999999999996,0.23125988924050636,0.17589662447257384,PIDD cross-validation,XGBoost
0.21999999999999995,0.2289997329059829,0.16533119658119658,PIDD cross-validation,XGBoost
0.22999999999999995,0.22759402056277062,0.15449134199134198,PIDD cross-validation,XGBoost
0.23999999999999996,0.22704221491228072,0.14336622807017543,PIDD cross-validation,XGBoost
0.24999999999999994,0.2243923611111111,0.13194444444444445,PIDD cross-validation,XGBoost
0.25999999999999995,0.21540681306306306,0.12021396396396394,PIDD cross-validation,XGBoost
0.26999999999999996,0.2127033390410959,0.10816210045662097,PIDD cross-validation,XGBoost
0.27999999999999997,0.20833333333333337,0.09577546296296297,PIDD cross-validation,XGBoost
0.29,0.20563747065727697,0.08303990610328632,PIDD cross-validation,XGBoost
0.3,0.20200892857142855,0.06994047619047611,PIDD cross-validation,XGBoost
0.31,0.19833182367149754,0.05646135265700475,PIDD cross-validation,XGBoost
0.31999999999999995,0.1942401960784314,0.042585784313725505,PIDD cross-validation,XGBoost
0.32999999999999996,0.1902790733830846,0.028296019900497515,PIDD cross-validation,XGBoost
0.33999999999999997,0.18327809343434343,0.01357323232323232,PIDD cross-validation,XGBoost
0.35,0.17437900641025644,-0.0016025641025641524,PIDD cross-validation,XGBoost
0.36,0.16438802083333331,-0.01725260416666674,PIDD cross-validation,XGBoost
0.36999999999999994,0.158254794973545,-0.03339947089947082,PIDD cross-validation,XGBoost
0.37999999999999995,0.15595598118279574,-0.0500672043010752,PIDD cross-validation,XGBoost
0.38999999999999996,0.1467725409836066,-0.06728142076502724,PIDD cross-validation,XGBoost
0.39999999999999997,0.14453125000000003,-0.08506944444444442,PIDD cross-validation,XGBoost
0.41,0.13925670903954804,-0.10346045197740106,PIDD cross-validation,XGBoost
0.41999999999999993,0.1363146551724138,-0.12248563218390796,PIDD cross-validation,XGBoost
0.42999999999999994,0.13160179093567256,-0.14217836257309935,PIDD cross-validation,XGBoost
0.43999999999999995,0.12565104166666669,-0.1625744047619047,PIDD cross-validation,XGBoost
0.44999999999999996,0.1200284090909091,-0.18371212121212116,PIDD cross-validation,XGBoost
0.45999999999999996,0.11979166666666667,-0.20563271604938277,PIDD cross-validation,XGBoost
0.47,0.11667158018867926,-0.22838050314465413,PIDD cross-validation,XGBoost
0.4799999999999999,0.10266426282051283,-0.2520032051282051,PIDD cross-validation,XGBoost
0.48999999999999994,0.09237132352941177,-0.2765522875816993,PIDD cross-validation,XGBoost
0.49999999999999994,0.09244791666666667,-0.3020833333333333,PIDD cross-validation,XGBoost
0.02,0.335671768707483,0.335671768707483,PIDD cross-validation,RuleFit
0.03,0.3288230240549828,0.3288230240549828,PIDD cross-validation,RuleFit
0.039999999999999994,0.32194010416666663,0.3218315972222222,PIDD cross-validation,RuleFit
0.049999999999999996,0.3145559210526316,0.3146929824561403,PIDD cross-validation,RuleFit
0.06,0.3088707890070922,0.3074024822695035,PIDD cross-validation,RuleFit
0.06999999999999999,0.30470150089605735,0.2999551971326165,PIDD cross-validation,RuleFit
0.07999999999999999,0.29919610507246375,0.2923460144927536,PIDD cross-validation,RuleFit
0.09,0.29468578296703296,0.28456959706959706,PIDD cross-validation,RuleFit
0.09999999999999999,0.2905092592592593,0.27662037037037035,PIDD cross-validation,RuleFit
0.10999999999999999,0.2885358146067416,0.2684925093632959,PIDD cross-validation,RuleFit
0.11999999999999998,0.28486032196969696,0.2601799242424242,PIDD cross-validation,RuleFit
0.12999999999999998,0.2799778496168583,0.25167624521072796,PIDD cross-validation,RuleFit
0.13999999999999999,0.274890988372093,0.24297480620155038,PIDD cross-validation,RuleFit
0.14999999999999997,0.27060355392156865,0.2340686274509804,PIDD cross-validation,RuleFit
0.15999999999999998,0.2683531746031746,0.2249503968253968,PIDD cross-validation,RuleFit
0.16999999999999996,0.26171875,0.2156124497991968,PIDD cross-validation,RuleFit
0.17999999999999997,0.2590828252032521,0.20604674796747968,PIDD cross-validation,RuleFit
0.18999999999999997,0.2509805812757202,0.1962448559670782,PIDD cross-validation,RuleFit
0.19999999999999996,0.2451171875,0.18619791666666666,PIDD cross-validation,RuleFit
0.20999999999999996,0.24154469936708864,0.17589662447257384,PIDD cross-validation,RuleFit
0.21999999999999995,0.23958333333333337,0.16533119658119658,PIDD cross-validation,RuleFit
0.22999999999999995,0.23469629329004332,0.15449134199134198,PIDD cross-validation,RuleFit
0.23999999999999996,0.23286732456140352,0.14336622807017543,PIDD cross-validation,RuleFit
0.24999999999999994,0.22743055555555558,0.13194444444444445,PIDD cross-validation,RuleFit
0.25999999999999995,0.22086148648648646,0.12021396396396394,PIDD cross-validation,RuleFit
0.26999999999999996,0.2175549372146119,0.10816210045662097,PIDD cross-validation,RuleFit
0.27999999999999997,0.21375868055555555,0.09577546296296297,PIDD cross-validation,RuleFit
0.29,0.21295481220657278,0.08303990610328632,PIDD cross-validation,RuleFit
0.3,0.2075892857142857,0.06994047619047611,PIDD cross-validation,RuleFit
0.31,0.2029362922705314,0.05646135265700475,PIDD cross-validation,RuleFit
0.31999999999999995,0.2037377450980392,0.042585784313725505,PIDD cross-validation,RuleFit
0.32999999999999996,0.19465174129353235,0.028296019900497515,PIDD cross-validation,RuleFit
0.33999999999999997,0.1927872474747475,0.01357323232323232,PIDD cross-validation,RuleFit
0.35,0.18910256410256412,-0.0016025641025641524,PIDD cross-validation,RuleFit
0.36,0.18294270833333331,-0.01725260416666674,PIDD cross-validation,RuleFit
0.36999999999999994,0.1782200727513228,-0.03339947089947082,PIDD cross-validation,RuleFit
0.37999999999999995,0.17153897849462368,-0.0500672043010752,PIDD cross-validation,RuleFit
0.38999999999999996,0.16873719262295084,-0.06728142076502724,PIDD cross-validation,RuleFit
0.39999999999999997,0.1662326388888889,-0.08506944444444442,PIDD cross-validation,RuleFit
0.41,0.15611758474576273,-0.10346045197740106,PIDD cross-validation,RuleFit
0.41999999999999993,0.14906609195402304,-0.12248563218390796,PIDD cross-validation,RuleFit
0.42999999999999994,0.14270376461988304,-0.14217836257309935,PIDD cross-validation,RuleFit
0.43999999999999995,0.13244047619047622,-0.1625744047619047,PIDD cross-validation,RuleFit
0.44999999999999996,0.12653882575757575,-0.18371212121212116,PIDD cross-validation,RuleFit
0.45999999999999996,0.1207561728395062,-0.20563271604938277,PIDD cross-validation,RuleFit
0.47,0.11755601415094342,-0.22838050314465413,PIDD cross-validation,RuleFit
0.4799999999999999,0.11227964743589744,-0.2520032051282051,PIDD cross-validation,RuleFit
0.48999999999999994,0.11570669934640525,-0.2765522875816993,PIDD cross-validation,RuleFit
0.49999999999999994,0.11067708333333336,-0.3020833333333333,PIDD cross-validation,RuleFit
0.02,0.335671768707483,0.335671768707483,PIDD cross-validation,BRL
0.03,0.3288230240549828,0.3288230240549828,PIDD cross-validation,BRL
0.039999999999999994,0.3218315972222222,0.3218315972222222,PIDD cross-validation,BRL
0.049999999999999996,0.31469298245614036,0.3146929824561403,PIDD cross-validation,BRL
0.06,0.3074024822695035,0.3074024822695035,PIDD cross-validation,BRL
0.06999999999999999,0.2999551971326165,0.2999551971326165,PIDD cross-validation,BRL
0.07999999999999999,0.2926856884057971,0.2923460144927536,PIDD cross-validation,BRL
0.09,0.2840401785714286,0.28456959706959706,PIDD cross-validation,BRL
0.09999999999999999,0.2779224537037037,0.27662037037037035,PIDD cross-validation,BRL
0.10999999999999999,0.2728230337078652,0.2684925093632959,PIDD cross-validation,BRL
0.11999999999999998,0.2693536931818182,0.2601799242424242,PIDD cross-validation,BRL
0.12999999999999998,0.26210787835249044,0.25167624521072796,PIDD cross-validation,BRL
0.13999999999999999,0.2598716085271318,0.24297480620155038,PIDD cross-validation,BRL
0.14999999999999997,0.256280637254902,0.2340686274509804,PIDD cross-validation,BRL
0.15999999999999998,0.24993799603174607,0.2249503968253968,PIDD cross-validation,BRL
0.16999999999999996,0.24279932228915668,0.2156124497991968,PIDD cross-validation,BRL
0.17999999999999997,0.2383447662601626,0.20604674796747968,PIDD cross-validation,BRL
0.18999999999999997,0.23292824074074078,0.1962448559670782,PIDD cross-validation,BRL
0.19999999999999996,0.22819010416666669,0.18619791666666666,PIDD cross-validation,BRL
0.20999999999999996,0.22524393459915615,0.17589662447257384,PIDD cross-validation,BRL
0.21999999999999995,0.2230902777777778,0.16533119658119658,PIDD cross-validation,BRL
0.22999999999999995,0.22167545995670995,0.15449134199134198,PIDD cross-validation,BRL
0.23999999999999996,0.2145696271929825,0.14336622807017543,PIDD cross-validation,BRL
0.24999999999999994,0.21093750000000006,0.13194444444444445,PIDD cross-validation,BRL
0.25999999999999995,0.20083755630630631,0.12021396396396394,PIDD cross-validation,BRL
0.26999999999999996,0.1928510273972603,0.10816210045662097,PIDD cross-validation,BRL
0.27999999999999997,0.1893807870370371,0.09577546296296297,PIDD cross-validation,BRL
0.29,0.18641798708920188,0.08303990610328632,PIDD cross-validation,BRL
0.3,0.1847098214285714,0.06994047619047611,PIDD cross-validation,BRL
0.31,0.182782306763285,0.05646135265700475,PIDD cross-validation,BRL
0.31999999999999995,0.17953431372549022,0.042585784313725505,PIDD cross-validation,BRL
0.32999999999999996,0.17729710820895522,0.028296019900497515,PIDD cross-validation,BRL
0.33999999999999997,0.17617582070707072,0.01357323232323232,PIDD cross-validation,BRL
0.35,0.1748798076923077,-0.0016025641025641524,PIDD cross-validation,BRL
0.36,0.17073567708333331,-0.01725260416666674,PIDD cross-validation,BRL
0.36999999999999994,0.15854414682539686,-0.03339947089947082,PIDD cross-validation,BRL
0.37999999999999995,0.1569220430107527,-0.0500672043010752,PIDD cross-validation,BRL
0.38999999999999996,0.15191683743169404,-0.06728142076502724,PIDD cross-validation,BRL
0.39999999999999997,0.15364583333333337,-0.08506944444444442,PIDD cross-validation,BRL
0.41,0.143604343220339,-0.10346045197740106,PIDD cross-validation,BRL
0.41999999999999993,0.13591056034482762,-0.12248563218390796,PIDD cross-validation,BRL
0.42999999999999994,0.12938596491228072,-0.14217836257309935,PIDD cross-validation,BRL
0.43999999999999995,0.12444196428571432,-0.1625744047619047,PIDD cross-validation,BRL
0.44999999999999996,0.1189630681818182,-0.18371212121212116,PIDD cross-validation,BRL
0.45999999999999996,0.11140046296296297,-0.20563271604938277,PIDD cross-validation,BRL
0.47,0.11347779088050317,-0.22838050314465413,PIDD cross-validation,BRL
0.4799999999999999,0.10346554487179489,-0.2520032051282051,PIDD cross-validation,BRL
0.48999999999999994,0.10107741013071898,-0.2765522875816993,PIDD cross-validation,BRL
0.49999999999999994,0.09635416666666669,-0.3020833333333333,PIDD cross-validation,BRL
0.02,0.3351137329931973,0.335671768707483,PIDD cross-validation,EBM
0.03,0.3282323883161512,0.3288230240549828,PIDD cross-validation,EBM
0.039999999999999994,0.32307942708333337,0.3218315972222222,PIDD cross-validation,EBM
0.049999999999999996,0.31818804824561403,0.3146929824561403,PIDD cross-validation,EBM
0.06,0.3124722960992908,0.3074024822695035,PIDD cross-validation,EBM
0.06999999999999999,0.30761368727598565,0.2999551971326165,PIDD cross-validation,EBM
0.07999999999999999,0.3021965579710145,0.2923460144927536,PIDD cross-validation,EBM
0.09,0.29867788461538464,0.28456959706959706,PIDD cross-validation,EBM
0.09999999999999999,0.2939814814814815,0.27662037037037035,PIDD cross-validation,EBM
0.10999999999999999,0.29096441947565543,0.2684925093632959,PIDD cross-validation,EBM
0.11999999999999998,0.2868726325757576,0.2601799242424242,PIDD cross-validation,EBM
0.12999999999999998,0.2842732279693487,0.25167624521072796,PIDD cross-validation,EBM
0.13999999999999999,0.2792514534883721,0.24297480620155038,PIDD cross-validation,EBM
0.14999999999999997,0.2738204656862745,0.2340686274509804,PIDD cross-validation,EBM
0.15999999999999998,0.26791914682539686,0.2249503968253968,PIDD cross-validation,EBM
0.16999999999999996,0.26142068273092367,0.2156124497991968,PIDD cross-validation,EBM
0.17999999999999997,0.25968622967479676,0.20604674796747968,PIDD cross-validation,EBM
0.18999999999999997,0.25466177983539096,0.1962448559670782,PIDD cross-validation,EBM
0.19999999999999996,0.2506510416666667,0.18619791666666666,PIDD cross-validation,EBM
0.20999999999999996,0.24563225210970469,0.17589662447257384,PIDD cross-validation,EBM
0.21999999999999995,0.242053952991453,0.16533119658119658,PIDD cross-validation,EBM
0.22999999999999995,0.2383488906926407,0.15449134199134198,PIDD cross-validation,EBM
0.23999999999999996,0.2355400219298246,0.14336622807017543,PIDD cross-validation,EBM
0.24999999999999994,0.23046875,0.13194444444444445,PIDD cross-validation,EBM
0.25999999999999995,0.22508445945945948,0.12021396396396394,PIDD cross-validation,EBM
0.26999999999999996,0.22295947488584478,0.10816210045662097,PIDD cross-validation,EBM
0.27999999999999997,0.22135416666666669,0.09577546296296297,PIDD cross-validation,EBM
0.29,0.21704445422535212,0.08303990610328632,PIDD cross-validation,EBM
0.3,0.21316964285714285,0.06994047619047611,PIDD cross-validation,EBM
0.31,0.2107487922705314,0.05646135265700475,PIDD cross-validation,EBM
0.31999999999999995,0.20519301470588236,0.042585784313725505,PIDD cross-validation,EBM
0.32999999999999996,0.19986007462686567,0.028296019900497515,PIDD cross-validation,EBM
0.33999999999999997,0.19543087121212127,0.01357323232323232,PIDD cross-validation,EBM
0.35,0.18990384615384615,-0.0016025641025641524,PIDD cross-validation,EBM
0.36,0.18367513020833331,-0.01725260416666674,PIDD cross-validation,EBM
0.36999999999999994,0.17745535714285715,-0.03339947089947082,PIDD cross-validation,EBM
0.37999999999999995,0.17254704301075274,-0.0500672043010752,PIDD cross-validation,EBM
0.38999999999999996,0.16848104508196723,-0.06728142076502724,PIDD cross-validation,EBM
0.39999999999999997,0.15885416666666669,-0.08506944444444442,PIDD cross-validation,EBM
0.41,0.1540872175141243,-0.10346045197740106,PIDD cross-validation,EBM
0.41999999999999993,0.1499191810344828,-0.12248563218390796,PIDD cross-validation,EBM
0.42999999999999994,0.14658717105263158,-0.14217836257309935,PIDD cross-validation,EBM
0.43999999999999995,0.14081101190476192,-0.1625744047619047,PIDD cross-validation,EBM
0.44999999999999996,0.1384943181818182,-0.18371212121212116,PIDD cross-validation,EBM
0.45999999999999996,0.13208912037037038,-0.20563271604938277,PIDD cross-validation,EBM
0.47,0.12522110849056606,-0.22838050314465413,PIDD cross-validation,EBM
0.4799999999999999,0.11338141025641028,-0.2520032051282051,PIDD cross-validation,EBM
0.48999999999999994,0.11185151143790852,-0.2765522875816993,PIDD cross-validation,EBM
0.49999999999999994,0.10937500000000003,-0.3020833333333333,PIDD cross-validation,EBM
0.02,0.14033343291434994,0.14033343291434994,NHANES diabetes cross-validation,EBRO-MH
0.03,0.1314708909856319,0.1314708909856319,NHANES diabetes cross-validation,EBRO-MH
0.039999999999999994,0.12242978175903674,0.12242371276673222,NHANES diabetes cross-validation,EBRO-MH
0.049999999999999996,0.11340071831315235,0.11318606763796099,NHANES diabetes cross-validation,EBRO-MH
0.06,0.10650849064936152,0.10375187686815207,NHANES diabetes cross-validation,EBRO-MH
0.06999999999999999,0.10276174389165714,0.0941148002753365,NHANES diabetes cross-validation,EBRO-MH
0.07999999999999999,0.09838417037930675,0.08426822201745973,NHANES diabetes cross-validation,EBRO-MH
0.09,0.09323572793094315,0.07420523544622301,NHANES diabetes cross-validation,EBRO-MH
0.09999999999999999,0.08865583958439541,0.06391862695118104,NHANES diabetes cross-validation,EBRO-MH
0.10999999999999999,0.08489115500970085,0.053400858714677465,NHANES diabetes cross-validation,EBRO-MH
0.11999999999999998,0.08004780159029667,0.04264405029098062,NHANES diabetes cross-validation,EBRO-MH
0.12999999999999998,0.07547482540136967,0.03163995891501489,NHANES diabetes cross-validation,EBRO-MH
0.13999999999999999,0.06976913553273614,0.02037995843728249,NHANES diabetes cross-validation,EBRO-MH
0.14999999999999997,0.06528379322015021,0.00885501677183878,NHANES diabetes cross-validation,EBRO-MH
0.15999999999999998,0.06059975515951047,-0.002944328266591717,NHANES diabetes cross-validation,EBRO-MH
0.16999999999999996,0.05774551121242673,-0.01502799487221329,NHANES diabetes cross-validation,EBRO-MH
0.17999999999999997,0.052784246435429186,-0.027406385053581728,NHANES diabetes cross-validation,EBRO-MH
0.18999999999999997,0.04927122641297381,-0.04009041449868769,NHANES diabetes cross-validation,EBRO-MH
0.19999999999999996,0.04637317019882019,-0.053091544679921276,NHANES diabetes cross-validation,EBRO-MH
0.20999999999999996,0.043277292719329556,-0.06642181739738862,NHANES diabetes cross-validation,EBRO-MH
0.21999999999999995,0.03961651438164438,-0.08009389197940645,NHANES diabetes cross-validation,EBRO-MH
0.22999999999999995,0.0363817960497008,-0.09412108538173641,NHANES diabetes cross-validation,EBRO-MH
0.23999999999999996,0.033136697982666975,-0.10851741545254873,NHANES diabetes cross-validation,EBRO-MH
0.24999999999999994,0.03087903284538636,-0.1232976476585827,NHANES diabetes cross-validation,EBRO-MH
0.25999999999999995,0.02821589341143635,-0.13847734559991492,NHANES diabetes cross-validation,EBRO-MH
0.26999999999999996,0.026229020823793376,-0.15407292567662612,NHANES diabetes cross-validation,EBRO-MH
0.27999999999999997,0.024579418833296923,-0.17010171631102367,NHANES diabetes cross-validation,EBRO-MH
0.29,0.021919148713561685,-0.18658202217455927,NHANES diabetes cross-validation,EBRO-MH
0.3,0.020204542380640258,-0.2035331939199101,NHANES diabetes cross-validation,EBRO-MH
0.31,0.01953054497439941,-0.22097570397672045,NHANES diabetes cross-validation,EBRO-MH
0.31999999999999995,0.01761578566318378,-0.23893122903520148,NHANES diabetes cross-validation,EBRO-MH
0.32999999999999996,0.016425410635265886,-0.2574227399163239,NHANES diabetes cross-validation,EBRO-MH
0.33999999999999997,0.014693582095810637,-0.27647459961202575,NHANES diabetes cross-validation,EBRO-MH
0.35,0.013663635905278904,-0.29611267037528777,NHANES diabetes cross-validation,EBRO-MH
0.36,0.012758539072172458,-0.3163644308499017,NHANES diabetes cross-validation,EBRO-MH
0.36999999999999994,0.01171488914552057,-0.3372591043554555,NHANES diabetes cross-validation,EBRO-MH
0.37999999999999995,0.01095237759625618,-0.35882779958699507,NHANES diabetes cross-validation,EBRO-MH
0.38999999999999996,0.010016822052768002,-0.3811036651539951,NHANES diabetes cross-validation,EBRO-MH
0.39999999999999997,0.009006384579904356,-0.40412205957322833,NHANES diabetes cross-validation,EBRO-MH
0.41,0.007829617258485995,-0.42792073854904566,NHANES diabetes cross-validation,EBRO-MH
0.41999999999999993,0.007729803439988551,-0.4525400616274775,NHANES diabetes cross-validation,EBRO-MH
0.42999999999999994,0.007065584725049099,-0.4780232206033982,NHANES diabetes cross-validation,EBRO-MH
0.43999999999999995,0.006377643913147518,-0.5044164923998875,NHANES diabetes cross-validation,EBRO-MH
0.44999999999999996,0.00560774888937441,-0.5317695195344309,NHANES diabetes cross-validation,EBRO-MH
0.45999999999999996,0.00490374578205035,-0.5601356217480316,NHANES diabetes cross-validation,EBRO-MH
0.47,0.004417768360533871,-0.5895721429130887,NHANES diabetes cross-validation,EBRO-MH
0.4799999999999999,0.003876685545901191,-0.6201408379691096,NHANES diabetes cross-validation,EBRO-MH
0.48999999999999994,0.0034471876289660884,-0.6519083053802686,NHANES diabetes cross-validation,EBRO-MH
0.49999999999999994,0.0033500837520938024,-0.684946471487874,NHANES diabetes cross-validation,EBRO-MH
0.02,0.14073472954836294,0.14033343291434994,NHANES diabetes cross-validation,LR
0.03,0.13367975391675246,0.1314708909856319,NHANES diabetes cross-validation,LR
0.039999999999999994,0.12776442599470783,0.12242371276673222,NHANES diabetes cross-validation,LR
0.049999999999999996,0.12245821019667366,0.11318606763796099,NHANES diabetes cross-validation,LR
0.06,0.11743732538734376,0.10375187686815207,NHANES diabetes cross-validation,LR
0.06999999999999999,0.11273368556981575,0.0941148002753365,NHANES diabetes cross-validation,LR
0.07999999999999999,0.10750349098992125,0.08426822201745973,NHANES diabetes cross-validation,LR
0.09,0.10297385958299221,0.07420523544622301,NHANES diabetes cross-validation,LR
0.09999999999999999,0.09885983864572462,0.06391862695118104,NHANES diabetes cross-validation,LR
0.10999999999999999,0.09473192374508924,0.053400858714677465,NHANES diabetes cross-validation,LR
0.11999999999999998,0.09069722790500595,0.04264405029098062,NHANES diabetes cross-validation,LR
0.12999999999999998,0.08705111430884224,0.03163995891501489,NHANES diabetes cross-validation,LR
0.13999999999999999,0.08291203235591507,0.02037995843728249,NHANES diabetes cross-validation,LR
0.14999999999999997,0.07967373097370914,0.00885501677183878,NHANES diabetes cross-validation,LR
0.15999999999999998,0.07484628109491559,-0.002944328266591717,NHANES diabetes cross-validation,LR
0.16999999999999996,0.07161001445151374,-0.01502799487221329,NHANES diabetes cross-validation,LR
0.17999999999999997,0.06915986791504358,-0.027406385053581728,NHANES diabetes cross-validation,LR
0.18999999999999997,0.06464241047786798,-0.04009041449868769,NHANES diabetes cross-validation,LR
0.19999999999999996,0.06077488893744083,-0.053091544679921276,NHANES diabetes cross-validation,LR
0.20999999999999996,0.05747228160615959,-0.06642181739738862,NHANES diabetes cross-validation,LR
0.21999999999999995,0.054697493412809134,-0.08009389197940645,NHANES diabetes cross-validation,LR
0.22999999999999995,0.05197926390847519,-0.09412108538173641,NHANES diabetes cross-validation,LR
0.23999999999999996,0.04978745750108284,-0.10851741545254873,NHANES diabetes cross-validation,LR
0.24999999999999994,0.0471924841599301,-0.1232976476585827,NHANES diabetes cross-validation,LR
0.25999999999999995,0.04544264605440048,-0.13847734559991492,NHANES diabetes cross-validation,LR
0.26999999999999996,0.04382943105441841,-0.15407292567662612,NHANES diabetes cross-validation,LR
0.27999999999999997,0.04066629443513867,-0.17010171631102367,NHANES diabetes cross-validation,LR
0.29,0.03806335207369774,-0.18658202217455927,NHANES diabetes cross-validation,LR
0.3,0.03665324552368467,-0.2035331939199101,NHANES diabetes cross-validation,LR
0.31,0.03434310810511284,-0.22097570397672045,NHANES diabetes cross-validation,LR
0.31999999999999995,0.031637299883903756,-0.23893122903520148,NHANES diabetes cross-validation,LR
0.32999999999999996,0.029961618605682534,-0.2574227399163239,NHANES diabetes cross-validation,LR
0.33999999999999997,0.027791570942106242,-0.27647459961202575,NHANES diabetes cross-validation,LR
0.35,0.02562421920079775,-0.29611267037528777,NHANES diabetes cross-validation,LR
0.36,0.023587138591508267,-0.3163644308499017,NHANES diabetes cross-validation,LR
0.36999999999999994,0.02159405261874129,-0.3372591043554555,NHANES diabetes cross-validation,LR
0.37999999999999995,0.019849128766788605,-0.35882779958699507,NHANES diabetes cross-validation,LR
0.38999999999999996,0.018892275585578176,-0.3811036651539951,NHANES diabetes cross-validation,LR
0.39999999999999997,0.01679897069890516,-0.40412205957322833,NHANES diabetes cross-validation,LR
0.41,0.015623437748802978,-0.42792073854904566,NHANES diabetes cross-validation,LR
0.41999999999999993,0.014821734861212618,-0.4525400616274775,NHANES diabetes cross-validation,LR
0.42999999999999994,0.013751697720742036,-0.4780232206033982,NHANES diabetes cross-validation,LR
0.43999999999999995,0.012828115733949257,-0.5044164923998875,NHANES diabetes cross-validation,LR
0.44999999999999996,0.01246681364662576,-0.5317695195344309,NHANES diabetes cross-validation,LR
0.45999999999999996,0.01172529313232831,-0.5601356217480316,NHANES diabetes cross-validation,LR
0.47,0.011381765266034849,-0.5895721429130887,NHANES diabetes cross-validation,LR
0.4799999999999999,0.010739315305625118,-0.6201408379691096,NHANES diabetes cross-validation,LR
0.48999999999999994,0.009022092559986636,-0.6519083053802686,NHANES diabetes cross-validation,LR
0.49999999999999994,0.008011069841963443,-0.684946471487874,NHANES diabetes cross-validation,LR
0.02,0.14167851978020835,0.14033343291434994,NHANES diabetes cross-validation,Random Forest
0.03,0.13584507026391482,0.1314708909856319,NHANES diabetes cross-validation,Random Forest
0.039999999999999994,0.12973988298982836,0.12242371276673222,NHANES diabetes cross-validation,Random Forest
0.049999999999999996,0.12431723836574174,0.11318606763796099,NHANES diabetes cross-validation,Random Forest
0.06,0.12001109463444265,0.10375187686815207,NHANES diabetes cross-validation,Random Forest
0.06999999999999999,0.11469925598069827,0.0941148002753365,NHANES diabetes cross-validation,Random Forest
0.07999999999999999,0.1099068119425103,0.08426822201745973,NHANES diabetes cross-validation,Random Forest
0.09,0.10516509926603876,0.07420523544622301,NHANES diabetes cross-validation,Random Forest
0.09999999999999999,0.10119033169065941,0.06391862695118104,NHANES diabetes cross-validation,Random Forest
0.10999999999999999,0.09788889079823479,0.053400858714677465,NHANES diabetes cross-validation,Random Forest
0.11999999999999998,0.09494772942446092,0.04264405029098062,NHANES diabetes cross-validation,Random Forest
0.12999999999999998,0.09154216861418538,0.03163995891501489,NHANES diabetes cross-validation,Random Forest
0.13999999999999999,0.08782706928643896,0.02037995843728249,NHANES diabetes cross-validation,Random Forest
0.14999999999999997,0.08442039695493667,0.00885501677183878,NHANES diabetes cross-validation,Random Forest
0.15999999999999998,0.08085978546979203,-0.002944328266591717,NHANES diabetes cross-validation,Random Forest
0.16999999999999996,0.0769668141651158,-0.01502799487221329,NHANES diabetes cross-validation,Random Forest
0.17999999999999997,0.07395052320634635,-0.027406385053581728,NHANES diabetes cross-validation,Random Forest
0.18999999999999997,0.07023397538776366,-0.04009041449868769,NHANES diabetes cross-validation,Random Forest
0.19999999999999996,0.06645546573446945,-0.053091544679921276,NHANES diabetes cross-validation,Random Forest
0.20999999999999996,0.06376405970413435,-0.06642181739738862,NHANES diabetes cross-validation,Random Forest
0.21999999999999995,0.06046770455771986,-0.08009389197940645,NHANES diabetes cross-validation,Random Forest
0.22999999999999995,0.058240572332772474,-0.09412108538173641,NHANES diabetes cross-validation,Random Forest
0.23999999999999996,0.054931407610133064,-0.10851741545254873,NHANES diabetes cross-validation,Random Forest
0.24999999999999994,0.052436093511033434,-0.1232976476585827,NHANES diabetes cross-validation,Random Forest
0.25999999999999995,0.04997765954724661,-0.13847734559991492,NHANES diabetes cross-validation,Random Forest
0.26999999999999996,0.04714858788682344,-0.15407292567662612,NHANES diabetes cross-validation,Random Forest
0.27999999999999997,0.04484176114064688,-0.17010171631102367,NHANES diabetes cross-validation,Random Forest
0.29,0.04243815525884166,-0.18658202217455927,NHANES diabetes cross-validation,Random Forest
0.3,0.03998252130216299,-0.2035331939199101,NHANES diabetes cross-validation,Random Forest
0.31,0.03870750517975299,-0.22097570397672045,NHANES diabetes cross-validation,Random Forest
0.31999999999999995,0.03604981428883549,-0.23893122903520148,NHANES diabetes cross-validation,Random Forest
0.32999999999999996,0.03380410597221453,-0.2574227399163239,NHANES diabetes cross-validation,Random Forest
0.33999999999999997,0.03253200565850774,-0.27647459961202575,NHANES diabetes cross-validation,Random Forest
0.35,0.030974269340011094,-0.29611267037528777,NHANES diabetes cross-validation,Random Forest
0.36,0.02859405724273542,-0.3163644308499017,NHANES diabetes cross-validation,Random Forest
0.36999999999999994,0.026360234575222574,-0.3372591043554555,NHANES diabetes cross-validation,Random Forest
0.37999999999999995,0.024535957017438777,-0.35882779958699507,NHANES diabetes cross-validation,Random Forest
0.38999999999999996,0.023010037118354906,-0.3811036651539951,NHANES diabetes cross-validation,Random Forest
0.39999999999999997,0.021411404850338656,-0.40412205957322833,NHANES diabetes cross-validation,Random Forest
0.41,0.02013629928073184,-0.42792073854904566,NHANES diabetes cross-validation,Random Forest
0.41999999999999993,0.018561071223182384,-0.4525400616274775,NHANES diabetes cross-validation,Random Forest
0.42999999999999994,0.017402036881585668,-0.4780232206033982,NHANES diabetes cross-validation,Random Forest
0.43999999999999995,0.01616259350583144,-0.5044164923998875,NHANES diabetes cross-validation,Random Forest
0.44999999999999996,0.014598685125230902,-0.5317695195344309,NHANES diabetes cross-validation,Random Forest
0.45999999999999996,0.012863566355664529,-0.5601356217480316,NHANES diabetes cross-validation,Random Forest
0.47,0.011873697170567087,-0.5895721429130887,NHANES diabetes cross-validation,Random Forest
0.4799999999999999,0.010072659843251938,-0.6201408379691096,NHANES diabetes cross-validation,Random Forest
0.48999999999999994,0.0088050368352133,-0.6519083053802686,NHANES diabetes cross-validation,Random Forest
0.49999999999999994,0.00742844658072974,-0.684946471487874,NHANES diabetes cross-validation,Random Forest
0.02,0.14156407592532314,0.14033343291434994,NHANES diabetes cross-validation,XGBoost
0.03,0.1351393152825235,0.1314708909856319,NHANES diabetes cross-validation,XGBoost
0.039999999999999994,0.12931505352851214,0.12242371276673222,NHANES diabetes cross-validation,XGBoost
0.049999999999999996,0.12441306456002361,0.11318606763796099,NHANES diabetes cross-validation,XGBoost
0.06,0.11907207948468831,0.10375187686815207,NHANES diabetes cross-validation,XGBoost
0.06999999999999999,0.11443456960664317,0.0941148002753365,NHANES diabetes cross-validation,XGBoost
0.07999999999999999,0.10997014055786178,0.08426822201745973,NHANES diabetes cross-validation,XGBoost
0.09,0.10656243472498661,0.07420523544622301,NHANES diabetes cross-validation,XGBoost
0.09999999999999999,0.10343990483820067,0.06391862695118104,NHANES diabetes cross-validation,XGBoost
0.10999999999999999,0.09975132133554929,0.053400858714677465,NHANES diabetes cross-validation,XGBoost
0.11999999999999998,0.0958613886295774,0.04264405029098062,NHANES diabetes cross-validation,XGBoost
0.12999999999999998,0.09222775546899917,0.03163995891501489,NHANES diabetes cross-validation,XGBoost
0.13999999999999999,0.0894563820111681,0.02037995843728249,NHANES diabetes cross-validation,XGBoost
0.14999999999999997,0.08606116687444043,0.00885501677183878,NHANES diabetes cross-validation,XGBoost
0.15999999999999998,0.08359603400022889,-0.002944328266591717,NHANES diabetes cross-validation,XGBoost
0.16999999999999996,0.08026337379230711,-0.01502799487221329,NHANES diabetes cross-validation,XGBoost
0.17999999999999997,0.07650127626467439,-0.027406385053581728,NHANES diabetes cross-validation,XGBoost
0.18999999999999997,0.07318755164262897,-0.04009041449868769,NHANES diabetes cross-validation,XGBoost
0.19999999999999996,0.0706430704245867,-0.053091544679921276,NHANES diabetes cross-validation,XGBoost
0.20999999999999996,0.06825726504472464,-0.06642181739738862,NHANES diabetes cross-validation,XGBoost
0.21999999999999995,0.0653023571966111,-0.08009389197940645,NHANES diabetes cross-validation,XGBoost
0.22999999999999995,0.06130785680709212,-0.09412108538173641,NHANES diabetes cross-validation,XGBoost
0.23999999999999996,0.05818949821571627,-0.10851741545254873,NHANES diabetes cross-validation,XGBoost
0.24999999999999994,0.054960794309712825,-0.1232976476585827,NHANES diabetes cross-validation,XGBoost
0.25999999999999995,0.05305020992152301,-0.13847734559991492,NHANES diabetes cross-validation,XGBoost
0.26999999999999996,0.05021633879143585,-0.15407292567662612,NHANES diabetes cross-validation,XGBoost
0.27999999999999997,0.048147338949174216,-0.17010171631102367,NHANES diabetes cross-validation,XGBoost
0.29,0.0467011522195587,-0.18658202217455927,NHANES diabetes cross-validation,XGBoost
0.3,0.04452906353714744,-0.2035331939199101,NHANES diabetes cross-validation,XGBoost
0.31,0.04211141825489556,-0.22097570397672045,NHANES diabetes cross-validation,XGBoost
0.31999999999999995,0.04058656453623617,-0.23893122903520148,NHANES diabetes cross-validation,XGBoost
0.32999999999999996,0.038771621464449665,-0.2574227399163239,NHANES diabetes cross-validation,XGBoost
0.33999999999999997,0.03642057454598421,-0.27647459961202575,NHANES diabetes cross-validation,XGBoost
0.35,0.034934987087051755,-0.29611267037528777,NHANES diabetes cross-validation,XGBoost
0.36,0.03289545553856238,-0.3163644308499017,NHANES diabetes cross-validation,XGBoost
0.36999999999999994,0.03097729272079284,-0.3372591043554555,NHANES diabetes cross-validation,XGBoost
0.37999999999999995,0.030089672297908435,-0.35882779958699507,NHANES diabetes cross-validation,XGBoost
0.38999999999999996,0.028304984174853845,-0.3811036651539951,NHANES diabetes cross-validation,XGBoost
0.39999999999999997,0.025829631248027587,-0.40412205957322833,NHANES diabetes cross-validation,XGBoost
0.41,0.02420849025278691,-0.42792073854904566,NHANES diabetes cross-validation,XGBoost
0.41999999999999993,0.022084435169350006,-0.4525400616274775,NHANES diabetes cross-validation,XGBoost
0.42999999999999994,0.02147912202763117,-0.4780232206033982,NHANES diabetes cross-validation,XGBoost
0.43999999999999995,0.020755953681450737,-0.5044164923998875,NHANES diabetes cross-validation,XGBoost
0.44999999999999996,0.01989526022735549,-0.5317695195344309,NHANES diabetes cross-validation,XGBoost
0.45999999999999996,0.01890828269096422,-0.5601356217480316,NHANES diabetes cross-validation,XGBoost
0.47,0.018007730751103068,-0.5895721429130887,NHANES diabetes cross-validation,XGBoost
0.4799999999999999,0.016666386559329543,-0.6201408379691096,NHANES diabetes cross-validation,XGBoost
0.48999999999999994,0.015542332292322658,-0.6519083053802686,NHANES diabetes cross-validation,XGBoost
0.49999999999999994,0.014638409438496834,-0.684946471487874,NHANES diabetes cross-validation,XGBoost
0.02,0.1409844252317488,0.14033343291434994,NHANES diabetes cross-validation,RuleFit
0.03,0.13473012755395083,0.1314708909856319,NHANES diabetes cross-validation,RuleFit
0.039999999999999994,0.12843504964435706,0.12242371276673222,NHANES diabetes cross-validation,RuleFit
0.049999999999999996,0.12255020334318427,0.11318606763796099,NHANES diabetes cross-validation,RuleFit
0.06,0.11768679970930818,0.10375187686815207,NHANES diabetes cross-validation,RuleFit
0.06999999999999999,0.11310722225746153,0.0941148002753365,NHANES diabetes cross-validation,RuleFit
0.07999999999999999,0.1077473061590245,0.08426822201745973,NHANES diabetes cross-validation,RuleFit
0.09,0.10261452188478626,0.07420523544622301,NHANES diabetes cross-validation,RuleFit
0.09999999999999999,0.09792925982569856,0.06391862695118104,NHANES diabetes cross-validation,RuleFit
0.10999999999999999,0.09431786844988663,0.053400858714677465,NHANES diabetes cross-validation,RuleFit
0.11999999999999998,0.09018743255142644,0.04264405029098062,NHANES diabetes cross-validation,RuleFit
0.12999999999999998,0.08636803876118893,0.03163995891501489,NHANES diabetes cross-validation,RuleFit
0.13999999999999999,0.08166379589216727,0.02037995843728249,NHANES diabetes cross-validation,RuleFit
0.14999999999999997,0.07839710059247645,0.00885501677183878,NHANES diabetes cross-validation,RuleFit
0.15999999999999998,0.07496766094100593,-0.002944328266591717,NHANES diabetes cross-validation,RuleFit
0.16999999999999996,0.07174338604143471,-0.01502799487221329,NHANES diabetes cross-validation,RuleFit
0.17999999999999997,0.06852573223132276,-0.027406385053581728,NHANES diabetes cross-validation,RuleFit
0.18999999999999997,0.06577798637129106,-0.04009041449868769,NHANES diabetes cross-validation,RuleFit
0.19999999999999996,0.06210399825213023,-0.053091544679921276,NHANES diabetes cross-validation,RuleFit
0.20999999999999996,0.059491181831004235,-0.06642181739738862,NHANES diabetes cross-validation,RuleFit
0.21999999999999995,0.05680390058803867,-0.08009389197940645,NHANES diabetes cross-validation,RuleFit
0.22999999999999995,0.0540241202246883,-0.09412108538173641,NHANES diabetes cross-validation,RuleFit
0.23999999999999996,0.05041607733557184,-0.10851741545254873,NHANES diabetes cross-validation,RuleFit
0.24999999999999994,0.047702279513509575,-0.1232976476585827,NHANES diabetes cross-validation,RuleFit
0.25999999999999995,0.04504504504504505,-0.13847734559991492,NHANES diabetes cross-validation,RuleFit
0.26999999999999996,0.04295948673285028,-0.15407292567662612,NHANES diabetes cross-validation,RuleFit
0.27999999999999997,0.04087668616836194,-0.17010171631102367,NHANES diabetes cross-validation,RuleFit
0.29,0.03854545230746507,-0.18658202217455927,NHANES diabetes cross-validation,RuleFit
0.3,0.03636193389306782,-0.2035331939199101,NHANES diabetes cross-validation,RuleFit
0.31,0.0350260016739864,-0.22097570397672045,NHANES diabetes cross-validation,RuleFit
0.31999999999999995,0.0329396342325438,-0.23893122903520148,NHANES diabetes cross-validation,RuleFit
0.32999999999999996,0.030946425834558908,-0.2574227399163239,NHANES diabetes cross-validation,RuleFit
0.33999999999999997,0.02897667962120662,-0.27647459961202575,NHANES diabetes cross-validation,RuleFit
0.35,0.027377691131241493,-0.29611267037528777,NHANES diabetes cross-validation,RuleFit
0.36,0.025822045007646934,-0.3163644308499017,NHANES diabetes cross-validation,RuleFit
0.36999999999999994,0.02367716197735862,-0.3372591043554555,NHANES diabetes cross-validation,RuleFit
0.37999999999999995,0.022071554593913953,-0.35882779958699507,NHANES diabetes cross-validation,RuleFit
0.38999999999999996,0.020015735603653818,-0.3811036651539951,NHANES diabetes cross-validation,RuleFit
0.39999999999999997,0.019080911805403836,-0.40412205957322833,NHANES diabetes cross-validation,RuleFit
0.41,0.01813661774853141,-0.42792073854904566,NHANES diabetes cross-validation,RuleFit
0.41999999999999993,0.016727816996024613,-0.4525400616274775,NHANES diabetes cross-validation,RuleFit
0.42999999999999994,0.015495734456671871,-0.4780232206033982,NHANES diabetes cross-validation,RuleFit
0.43999999999999995,0.015143002798672454,-0.5044164923998875,NHANES diabetes cross-validation,RuleFit
0.44999999999999996,0.01434047708900233,-0.5317695195344309,NHANES diabetes cross-validation,RuleFit
0.45999999999999996,0.012655871952354365,-0.5601356217480316,NHANES diabetes cross-validation,RuleFit
0.47,0.011613990103649233,-0.5895721429130887,NHANES diabetes cross-validation,RuleFit
0.4799999999999999,0.010257530685758784,-0.6201408379691096,NHANES diabetes cross-validation,RuleFit
0.48999999999999994,0.009706103692660523,-0.6519083053802686,NHANES diabetes cross-validation,RuleFit
0.49999999999999994,0.008885004733814001,-0.684946471487874,NHANES diabetes cross-validation,RuleFit
0.02,0.14033343291434994,0.14033343291434994,NHANES diabetes cross-validation,BRL
0.03,0.1314708909856319,0.1314708909856319,NHANES diabetes cross-validation,BRL
0.039999999999999994,0.12242371276673222,0.12242371276673222,NHANES diabetes cross-validation,BRL
0.049999999999999996,0.11318606763796099,0.11318606763796099,NHANES diabetes cross-validation,BRL
0.06,0.10375187686815207,0.10375187686815207,NHANES diabetes cross-validation,BRL
0.06999999999999999,0.0941148002753365,0.0941148002753365,NHANES diabetes cross-validation,BRL
0.07999999999999999,0.08426822201745973,0.08426822201745973,NHANES diabetes cross-validation,BRL
0.09,0.07420523544622301,0.07420523544622301,NHANES diabetes cross-validation,BRL
0.09999999999999999,0.06391862695118104,0.06391862695118104,NHANES diabetes cross-validation,BRL
0.10999999999999999,0.053400858714677465,0.053400858714677465,NHANES diabetes cross-validation,BRL
0.11999999999999998,0.04264405029098062,0.04264405029098062,NHANES diabetes cross-validation,BRL
0.12999999999999998,0.03183918928308041,0.03163995891501489,NHANES diabetes cross-validation,BRL
0.13999999999999999,0.023890941055123988,0.02037995843728249,NHANES diabetes cross-validation,BRL
0.14999999999999997,0.027194797516996785,0.00885501677183878,NHANES diabetes cross-validation,BRL
0.15999999999999998,0.03620587409095166,-0.002944328266591717,NHANES diabetes cross-validation,BRL
0.16999999999999996,0.016816227110758968,-0.01502799487221329,NHANES diabetes cross-validation,BRL
0.17999999999999997,0.0021990475530711175,-0.027406385053581728,NHANES diabetes cross-validation,BRL
0.18999999999999997,0.0001285727258586725,-0.04009041449868769,NHANES diabetes cross-validation,BRL
0.19999999999999996,0.0,-0.053091544679921276,NHANES diabetes cross-validation,BRL
0.20999999999999996,0.0,-0.06642181739738862,NHANES diabetes cross-validation,BRL
0.21999999999999995,0.0,-0.08009389197940645,NHANES diabetes cross-validation,BRL
0.22999999999999995,0.0,-0.09412108538173641,NHANES diabetes cross-validation,BRL
0.23999999999999996,0.0,-0.10851741545254873,NHANES diabetes cross-validation,BRL
0.24999999999999994,0.0,-0.1232976476585827,NHANES diabetes cross-validation,BRL
0.25999999999999995,0.0,-0.13847734559991492,NHANES diabetes cross-validation,BRL
0.26999999999999996,0.0,-0.15407292567662612,NHANES diabetes cross-validation,BRL
0.27999999999999997,0.0,-0.17010171631102367,NHANES diabetes cross-validation,BRL
0.29,0.0,-0.18658202217455927,NHANES diabetes cross-validation,BRL
0.3,0.0,-0.2035331939199101,NHANES diabetes cross-validation,BRL
0.31,0.0,-0.22097570397672045,NHANES diabetes cross-validation,BRL
0.31999999999999995,0.0,-0.23893122903520148,NHANES diabetes cross-validation,BRL
0.32999999999999996,0.0,-0.2574227399163239,NHANES diabetes cross-validation,BRL
0.33999999999999997,0.0,-0.27647459961202575,NHANES diabetes cross-validation,BRL
0.35,0.0,-0.29611267037528777,NHANES diabetes cross-validation,BRL
0.36,0.0,-0.3163644308499017,NHANES diabetes cross-validation,BRL
0.36999999999999994,0.0,-0.3372591043554555,NHANES diabetes cross-validation,BRL
0.37999999999999995,0.0,-0.35882779958699507,NHANES diabetes cross-validation,BRL
0.38999999999999996,0.0,-0.3811036651539951,NHANES diabetes cross-validation,BRL
0.39999999999999997,0.0,-0.40412205957322833,NHANES diabetes cross-validation,BRL
0.41,0.0,-0.42792073854904566,NHANES diabetes cross-validation,BRL
0.41999999999999993,0.0,-0.4525400616274775,NHANES diabetes cross-validation,BRL
0.42999999999999994,0.0,-0.4780232206033982,NHANES diabetes cross-validation,BRL
0.43999999999999995,0.0,-0.5044164923998875,NHANES diabetes cross-validation,BRL
0.44999999999999996,0.0,-0.5317695195344309,NHANES diabetes cross-validation,BRL
0.45999999999999996,0.0,-0.5601356217480316,NHANES diabetes cross-validation,BRL
0.47,0.0,-0.5895721429130887,NHANES diabetes cross-validation,BRL
0.4799999999999999,0.0,-0.6201408379691096,NHANES diabetes cross-validation,BRL
0.48999999999999994,0.0,-0.6519083053802686,NHANES diabetes cross-validation,BRL
0.49999999999999994,0.0,-0.684946471487874,NHANES diabetes cross-validation,BRL
0.02,0.14163987640063672,0.14033343291434994,NHANES diabetes cross-validation,EBM
0.03,0.13530749519298269,0.1314708909856319,NHANES diabetes cross-validation,EBM
0.039999999999999994,0.12933629500157792,0.12242371276673222,NHANES diabetes cross-validation,EBM
0.049999999999999996,0.12476187190720958,0.11318606763796099,NHANES diabetes cross-validation,EBM
0.06,0.11936803970515546,0.10375187686815207,NHANES diabetes cross-validation,EBM
0.06999999999999999,0.1149122580331923,0.0941148002753365,NHANES diabetes cross-validation,EBM
0.07999999999999999,0.11031211508075983,0.08426822201745973,NHANES diabetes cross-validation,EBM
0.09,0.10678812120804691,0.07420523544622301,NHANES diabetes cross-validation,EBM
0.09999999999999999,0.10225038234651518,0.06391862695118104,NHANES diabetes cross-validation,EBM
0.10999999999999999,0.09866544904951399,0.053400858714677465,NHANES diabetes cross-validation,EBM
0.11999999999999998,0.09567269814156422,0.04264405029098062,NHANES diabetes cross-validation,EBM
0.12999999999999998,0.09212730318257956,0.03163995891501489,NHANES diabetes cross-validation,EBM
0.13999999999999999,0.08938016675897183,0.02037995843728249,NHANES diabetes cross-validation,EBM
0.14999999999999997,0.085915511059132,0.00885501677183878,NHANES diabetes cross-validation,EBM
0.15999999999999998,0.0830272827214055,-0.002944328266591717,NHANES diabetes cross-validation,EBM
0.16999999999999996,0.08021599178009833,-0.01502799487221329,NHANES diabetes cross-validation,EBM
0.17999999999999997,0.07767895682015594,-0.027406385053581728,NHANES diabetes cross-validation,EBM
0.18999999999999997,0.07337007096675002,-0.04009041449868769,NHANES diabetes cross-validation,EBM
0.19999999999999996,0.06958706576360062,-0.053091544679921276,NHANES diabetes cross-validation,EBM
0.20999999999999996,0.06649741092178929,-0.06642181739738862,NHANES diabetes cross-validation,EBM
0.21999999999999995,0.06341816850883926,-0.08009389197940645,NHANES diabetes cross-validation,EBM
0.22999999999999995,0.06100424955570248,-0.09412108538173641,NHANES diabetes cross-validation,EBM
0.23999999999999996,0.05881045195466271,-0.10851741545254873,NHANES diabetes cross-validation,EBM
0.24999999999999994,0.0564901803704513,-0.1232976476585827,NHANES diabetes cross-validation,EBM
0.25999999999999995,0.053317901690197955,-0.13847734559991492,NHANES diabetes cross-validation,EBM
0.26999999999999996,0.050445796582675145,-0.15407292567662612,NHANES diabetes cross-validation,EBM
0.27999999999999997,0.0480947410158684,-0.17010171631102367,NHANES diabetes cross-validation,EBM
0.29,0.04553077697120014,-0.18658202217455927,NHANES diabetes cross-validation,EBM
0.3,0.043540684790411684,-0.2035331939199101,NHANES diabetes cross-validation,EBM
0.31,0.0417303910858641,-0.22097570397672045,NHANES diabetes cross-validation,EBM
0.31999999999999995,0.040269548938211955,-0.23893122903520148,NHANES diabetes cross-validation,EBM
0.32999999999999996,0.03783029358342655,-0.2574227399163239,NHANES diabetes cross-validation,EBM
0.33999999999999997,0.036813403866058456,-0.27647459961202575,NHANES diabetes cross-validation,EBM
0.35,0.03490137420659597,-0.29611267037528777,NHANES diabetes cross-validation,EBM
0.36,0.03299559391158693,-0.3163644308499017,NHANES diabetes cross-validation,EBM
0.36999999999999994,0.03118306045987935,-0.3372591043554555,NHANES diabetes cross-validation,EBM
0.37999999999999995,0.029784264943229482,-0.35882779958699507,NHANES diabetes cross-validation,EBM
0.38999999999999996,0.028439894889032966,-0.3811036651539951,NHANES diabetes cross-validation,EBM
0.39999999999999997,0.02697060180127692,-0.40412205957322833,NHANES diabetes cross-validation,EBM
0.41,0.024915785016954097,-0.42792073854904566,NHANES diabetes cross-validation,EBM
0.41999999999999993,0.023083935419225068,-0.4525400616274775,NHANES diabetes cross-validation,EBM
0.42999999999999994,0.021741046958668252,-0.4780232206033982,NHANES diabetes cross-validation,EBM
0.43999999999999995,0.02131776896906895,-0.5044164923998875,NHANES diabetes cross-validation,EBM
0.44999999999999996,0.02068312577379652,-0.5317695195344309,NHANES diabetes cross-validation,EBM
0.45999999999999996,0.01941538071463059,-0.5601356217480316,NHANES diabetes cross-validation,EBM
0.47,0.01875799561108798,-0.5895721429130887,NHANES diabetes cross-validation,EBM
0.4799999999999999,0.017629955799062208,-0.6201408379691096,NHANES diabetes cross-validation,EBM
0.48999999999999994,0.016431975164255496,-0.6519083053802686,NHANES diabetes cross-validation,EBM
0.49999999999999994,0.015293860607384756,-0.684946471487874,NHANES diabetes cross-validation,EBM
0.02,0.35707758583177407,0.35707758583177407,NHANES CKD cross-validation,EBRO-MH
0.03,0.3504495197063284,0.3504495197063284,NHANES CKD cross-validation,EBRO-MH
0.039999999999999994,0.34368336886993606,0.343683368869936,NHANES CKD cross-validation,EBRO-MH
0.049999999999999996,0.33677477275277745,0.33677477275277745,NHANES CKD cross-validation,EBRO-MH
0.06,0.32971918522887084,0.32971918522887084,NHANES CKD cross-validation,EBRO-MH
0.06999999999999999,0.322511864639934,0.322511864639934,NHANES CKD cross-validation,EBRO-MH
0.07999999999999999,0.3151478631686289,0.3151478631686289,NHANES CKD cross-validation,EBRO-MH
0.09,0.3076220155111413,0.3076220155111413,NHANES CKD cross-validation,EBRO-MH
0.09999999999999999,0.2999289267945984,0.2999289267945984,NHANES CKD cross-validation,EBRO-MH
0.10999999999999999,0.292062959679931,0.292062959679931,NHANES CKD cross-validation,EBRO-MH
0.11999999999999998,0.2840182205853848,0.28401822058538473,NHANES CKD cross-validation,EBRO-MH
0.12999999999999998,0.27578854495992944,0.27578854495992944,NHANES CKD cross-validation,EBRO-MH
0.13999999999999999,0.26736748152923095,0.2673674815292309,NHANES CKD cross-validation,EBRO-MH
0.14999999999999997,0.25874827542957485,0.25874827542957485,NHANES CKD cross-validation,EBRO-MH
0.15999999999999998,0.2499238501370698,0.24992385013706975,NHANES CKD cross-validation,EBRO-MH
0.16999999999999996,0.24088678809052846,0.24088678809052844,NHANES CKD cross-validation,EBRO-MH
0.17999999999999997,0.2316293098965105,0.2316293098965105,NHANES CKD cross-validation,EBRO-MH
0.18999999999999997,0.2221432519939983,0.22214325199399826,NHANES CKD cross-validation,EBRO-MH
0.19999999999999996,0.21202025586353948,0.21242004264392325,NHANES CKD cross-validation,EBRO-MH
0.20999999999999996,0.20262610995654645,0.20245067609511216,NHANES CKD cross-validation,EBRO-MH
0.21999999999999995,0.19356514132633543,0.1922256847629982,NHANES CKD cross-validation,EBRO-MH
0.22999999999999995,0.18384653725805117,0.18173510924043976,NHANES CKD cross-validation,EBRO-MH
0.23999999999999996,0.1777858826169903,0.17096846594097187,NHANES CKD cross-validation,EBRO-MH
0.24999999999999994,0.17110874200426443,0.15991471215351816,NHANES CKD cross-validation,EBRO-MH
0.25999999999999995,0.1628248717800957,0.1485622082637008,NHANES CKD cross-validation,EBRO-MH
0.26999999999999996,0.15448929520693988,0.13689867687005286,NHANES CKD cross-validation,EBRO-MH
0.27999999999999997,0.1479211087420043,0.12491115849324805,NHANES CKD cross-validation,EBRO-MH
0.29,0.14371302441514758,0.11258596354244871,NHANES CKD cross-validation,EBRO-MH
0.3,0.13935424916235148,0.09990862016448365,NHANES CKD cross-validation,EBRO-MH
0.31,0.13919532770927967,0.0868638175581718,NHANES CKD cross-validation,EBRO-MH
0.31999999999999995,0.13837325975166193,0.07343534428696857,NHANES CKD cross-validation,EBRO-MH
0.32999999999999996,0.13278490277821978,0.05960602106737106,NHANES CKD cross-validation,EBRO-MH
0.33999999999999997,0.13520062027524718,0.04535762744717975,NHANES CKD cross-validation,EBRO-MH
0.35,0.12899786780383796,0.030670821715597818,NHANES CKD cross-validation,EBRO-MH
0.36,0.12100213219616204,0.015525053304904002,NHANES CKD cross-validation,EBRO-MH
0.36999999999999994,0.12083291027853932,-0.00010153315057359613,NHANES CKD cross-validation,EBRO-MH
0.37999999999999995,0.11441639727629141,-0.016232203040098925,NHANES CKD cross-validation,EBRO-MH
0.38999999999999996,0.10764969065678635,-0.03289174735223177,NHANES CKD cross-validation,EBRO-MH
0.39999999999999997,0.09879175550817346,-0.050106609808102276,NHANES CKD cross-validation,EBRO-MH
0.41,0.09611145242311447,-0.06790502692349382,NHANES CKD cross-validation,EBRO-MH
0.41999999999999993,0.0866112785824572,-0.08631718256010579,NHANES CKD cross-validation,EBRO-MH
0.42999999999999994,0.08243556652826096,-0.10537537874537078,NHANES CKD cross-validation,EBRO-MH
0.43999999999999995,0.0739795918367347,-0.12511422479439532,NHANES CKD cross-validation,EBRO-MH
0.44999999999999996,0.06886024423337855,-0.14557084706338436,NHANES CKD cross-validation,EBRO-MH
0.45999999999999996,0.06682855563452578,-0.16678512200900258,NHANES CKD cross-validation,EBRO-MH
0.47,0.06112966166472222,-0.18879993563181402,NHANES CKD cross-validation,EBRO-MH
0.4799999999999999,0.05519107757913729,-0.21166147285550269,NHANES CKD cross-validation,EBRO-MH
0.48999999999999994,0.048173000543500995,-0.23541954095070855,NHANES CKD cross-validation,EBRO-MH
0.49999999999999994,0.045309168443496806,-0.26012793176972276,NHANES CKD cross-validation,EBRO-MH
0.02,0.35707758583177407,0.35707758583177407,NHANES CKD cross-validation,LR
0.03,0.3504660057591278,0.3504495197063284,NHANES CKD cross-validation,LR
0.039999999999999994,0.343727789623312,0.343683368869936,NHANES CKD cross-validation,LR
0.049999999999999996,0.3362978341375828,0.33677477275277745,NHANES CKD cross-validation,LR
0.06,0.3289252824025768,0.32971918522887084,NHANES CKD cross-validation,LR
0.06999999999999999,0.32102162001054635,0.322511864639934,NHANES CKD cross-validation,LR
0.07999999999999999,0.3136877723185316,0.3151478631686289,NHANES CKD cross-validation,LR
0.09,0.3053609503502894,0.3076220155111413,NHANES CKD cross-validation,LR
0.09999999999999999,0.29773750296138357,0.2999289267945984,NHANES CKD cross-validation,LR
0.10999999999999999,0.2902122613257948,0.292062959679931,NHANES CKD cross-validation,LR
0.11999999999999998,0.28258867997673964,0.28401822058538473,NHANES CKD cross-validation,LR
0.12999999999999998,0.2750900669068451,0.27578854495992944,NHANES CKD cross-validation,LR
0.13999999999999999,0.2672931025933456,0.2673674815292309,NHANES CKD cross-validation,LR
0.14999999999999997,0.2615075881098708,0.25874827542957485,NHANES CKD cross-validation,LR
0.15999999999999998,0.25413747588587676,0.24992385013706975,NHANES CKD cross-validation,LR
0.16999999999999996,0.24749531173735456,0.24088678809052844,NHANES CKD cross-validation,LR
0.17999999999999997,0.24058713401632953,0.2316293098965105,NHANES CKD cross-validation,LR
0.18999999999999997,0.23436389481165604,0.22214325199399826,NHANES CKD cross-validation,LR
0.19999999999999996,0.22734541577825162,0.21242004264392325,NHANES CKD cross-validation,LR
0.20999999999999996,0.21673504088958467,0.20245067609511216,NHANES CKD cross-validation,LR
0.21999999999999995,0.20921491443879506,0.1922256847629982,NHANES CKD cross-validation,LR
0.22999999999999995,0.2030016891424141,0.18173510924043976,NHANES CKD cross-validation,LR
0.23999999999999996,0.19492761755134105,0.17096846594097187,NHANES CKD cross-validation,LR
0.24999999999999994,0.18763326226012794,0.15991471215351816,NHANES CKD cross-validation,LR
0.25999999999999995,0.18014176223131448,0.1485622082637008,NHANES CKD cross-validation,LR
0.26999999999999996,0.17241580745976579,0.13689867687005286,NHANES CKD cross-validation,LR
0.27999999999999997,0.1666074389954987,0.12491115849324805,NHANES CKD cross-validation,LR
0.29,0.15821045677047355,0.11258596354244871,NHANES CKD cross-validation,LR
0.3,0.15252817544928418,0.09990862016448365,NHANES CKD cross-validation,LR
0.31,0.14954729458298563,0.0868638175581718,NHANES CKD cross-validation,LR
0.31999999999999995,0.14260629624984325,0.07343534428696857,NHANES CKD cross-validation,LR
0.32999999999999996,0.1368583521624288,0.05960602106737106,NHANES CKD cross-validation,LR
0.33999999999999997,0.13473218323964598,0.04535762744717975,NHANES CKD cross-validation,LR
0.35,0.13289322617680824,0.030670821715597818,NHANES CKD cross-validation,LR
0.36,0.12783182302771856,0.015525053304904002,NHANES CKD cross-validation,LR
0.36999999999999994,0.12095136562087527,-0.00010153315057359613,NHANES CKD cross-validation,LR
0.37999999999999995,0.11866359447004612,-0.016232203040098925,NHANES CKD cross-validation,LR
0.38999999999999996,0.11526093187458494,-0.03289174735223177,NHANES CKD cross-validation,LR
0.39999999999999997,0.11194029850746272,-0.050106609808102276,NHANES CKD cross-validation,LR
0.41,0.10716996133135777,-0.06790502692349382,NHANES CKD cross-validation,LR
0.41999999999999993,0.10359532387324463,-0.08631718256010579,NHANES CKD cross-validation,LR
0.42999999999999994,0.09719260838663828,-0.10537537874537078,NHANES CKD cross-validation,LR
0.43999999999999995,0.09031373743527263,-0.12511422479439532,NHANES CKD cross-validation,LR
0.44999999999999996,0.08402791238612137,-0.14557084706338436,NHANES CKD cross-validation,LR
0.45999999999999996,0.08021400931848695,-0.16678512200900258,NHANES CKD cross-validation,LR
0.47,0.07711107535100777,-0.18879993563181402,NHANES CKD cross-validation,LR
0.4799999999999999,0.07995735607675908,-0.21166147285550269,NHANES CKD cross-validation,LR
0.48999999999999994,0.075536184623103,-0.23541954095070855,NHANES CKD cross-validation,LR
0.49999999999999994,0.07249466950959489,-0.26012793176972276,NHANES CKD cross-validation,LR
0.02,0.35707758583177407,0.35707758583177407,NHANES CKD cross-validation,Random Forest
0.03,0.3504495197063284,0.3504495197063284,NHANES CKD cross-validation,Random Forest
0.039999999999999994,0.34368336886993606,0.343683368869936,NHANES CKD cross-validation,Random Forest
0.049999999999999996,0.33677477275277745,0.33677477275277745,NHANES CKD cross-validation,Random Forest
0.06,0.32971918522887084,0.32971918522887084,NHANES CKD cross-validation,Random Forest
0.06999999999999999,0.3225921085815164,0.322511864639934,NHANES CKD cross-validation,Random Forest
0.07999999999999999,0.3155186798924632,0.3151478631686289,NHANES CKD cross-validation,Random Forest
0.09,0.3078270343728766,0.3076220155111413,NHANES CKD cross-validation,Random Forest
0.09999999999999999,0.30075811419095,0.2999289267945984,NHANES CKD cross-validation,Random Forest
0.10999999999999999,0.29297333556934435,0.292062959679931,NHANES CKD cross-validation,Random Forest
0.11999999999999998,0.28544776119402987,0.28401822058538473,NHANES CKD cross-validation,Random Forest
0.12999999999999998,0.27723451706982327,0.27578854495992944,NHANES CKD cross-validation,Random Forest
0.13999999999999999,0.2684459760995686,0.2673674815292309,NHANES CKD cross-validation,Random Forest
0.14999999999999997,0.2618838580208203,0.25874827542957485,NHANES CKD cross-validation,Random Forest
0.15999999999999998,0.2547974413646056,0.24992385013706975,NHANES CKD cross-validation,Random Forest
0.16999999999999996,0.2481439617746038,0.24088678809052844,NHANES CKD cross-validation,Random Forest
0.17999999999999997,0.23940402517031573,0.2316293098965105,NHANES CKD cross-validation,Random Forest
0.18999999999999997,0.232402800810761,0.22214325199399826,NHANES CKD cross-validation,Random Forest
0.19999999999999996,0.22454690831556504,0.21242004264392325,NHANES CKD cross-validation,Random Forest
0.20999999999999996,0.21387411945696475,0.20245067609511216,NHANES CKD cross-validation,Random Forest
0.21999999999999995,0.20493685419058555,0.1922256847629982,NHANES CKD cross-validation,Random Forest
0.22999999999999995,0.20030875308060814,0.18173510924043976,NHANES CKD cross-validation,Random Forest
0.23999999999999996,0.19066322522724724,0.17096846594097187,NHANES CKD cross-validation,Random Forest
0.24999999999999994,0.1824804548685146,0.15991471215351816,NHANES CKD cross-validation,Random Forest
0.25999999999999995,0.1737163602835245,0.1485622082637008,NHANES CKD cross-validation,Random Forest
0.26999999999999996,0.16699769255483835,0.13689867687005286,NHANES CKD cross-validation,Random Forest
0.27999999999999997,0.15991471215351816,0.12491115849324805,NHANES CKD cross-validation,Random Forest
0.29,0.15613832247214632,0.11258596354244871,NHANES CKD cross-validation,Random Forest
0.3,0.15047212915016756,0.09990862016448365,NHANES CKD cross-validation,Random Forest
0.31,0.1453215290009579,0.0868638175581718,NHANES CKD cross-validation,Random Forest
0.31999999999999995,0.14317070111626745,0.07343534428696857,NHANES CKD cross-validation,Random Forest
0.32999999999999996,0.14117843617732237,0.05960602106737106,NHANES CKD cross-validation,Random Forest
0.33999999999999997,0.1376235704593914,0.04535762744717975,NHANES CKD cross-validation,Random Forest
0.35,0.132688207315073,0.030670821715597818,NHANES CKD cross-validation,Random Forest
0.36,0.12769856076759062,0.015525053304904002,NHANES CKD cross-validation,Random Forest
0.36999999999999994,0.12606186753308293,-0.00010153315057359613,NHANES CKD cross-validation,Random Forest
0.37999999999999995,0.12265286470871455,-0.016232203040098925,NHANES CKD cross-validation,Random Forest
0.38999999999999996,0.12155265825439551,-0.03289174735223177,NHANES CKD cross-validation,Random Forest
0.39999999999999997,0.12011371712864252,-0.050106609808102276,NHANES CKD cross-validation,Random Forest
0.41,0.11472299519352393,-0.06790502692349382,NHANES CKD cross-validation,Random Forest
0.41999999999999993,0.10857657525181977,-0.08631718256010579,NHANES CKD cross-validation,Random Forest
0.42999999999999994,0.09972692926345718,-0.10537537874537078,NHANES CKD cross-validation,Random Forest
0.43999999999999995,0.09587267742918064,-0.12511422479439532,NHANES CKD cross-validation,Random Forest
0.44999999999999996,0.09401046714479554,-0.14557084706338436,NHANES CKD cross-validation,Random Forest
0.45999999999999996,0.09071704967227355,-0.16678512200900258,NHANES CKD cross-validation,Random Forest
0.47,0.084070885464859,-0.18879993563181402,NHANES CKD cross-validation,Random Forest
0.4799999999999999,0.08044940134492376,-0.21166147285550269,NHANES CKD cross-validation,Random Forest
0.48999999999999994,0.07735482252602535,-0.23541954095070855,NHANES CKD cross-validation,Random Forest
0.49999999999999994,0.07356076759061835,-0.26012793176972276,NHANES CKD cross-validation,Random Forest
0.02,0.35707758583177407,0.35707758583177407,NHANES CKD cross-validation,XGBoost
0.03,0.3504495197063284,0.3504495197063284,NHANES CKD cross-validation,XGBoost
0.039999999999999994,0.34368336886993606,0.343683368869936,NHANES CKD cross-validation,XGBoost
0.049999999999999996,0.33677477275277745,0.33677477275277745,NHANES CKD cross-validation,XGBoost
0.06,0.32971918522887084,0.32971918522887084,NHANES CKD cross-validation,XGBoost
0.06999999999999999,0.32255198661072515,0.322511864639934,NHANES CKD cross-validation,XGBoost
0.07999999999999999,0.3152405673495875,0.3151478631686289,NHANES CKD cross-validation,XGBoost
0.09,0.3077801729187657,0.3076220155111413,NHANES CKD cross-validation,XGBoost
0.09999999999999999,0.30016583747927034,0.2999289267945984,NHANES CKD cross-validation,XGBoost
0.10999999999999999,0.2920569703648691,0.292062959679931,NHANES CKD cross-validation,XGBoost
0.11999999999999998,0.2847208761387866,0.28401822058538473,NHANES CKD cross-validation,XGBoost
0.12999999999999998,0.27687302404234987,0.27578854495992944,NHANES CKD cross-validation,XGBoost
0.13999999999999999,0.26827242524916944,0.2673674815292309,NHANES CKD cross-validation,XGBoost
0.14999999999999997,0.2613194531543961,0.25874827542957485,NHANES CKD cross-validation,XGBoost
0.15999999999999998,0.25362981013300845,0.24992385013706975,NHANES CKD cross-validation,XGBoost
0.16999999999999996,0.24558789529118613,0.24088678809052844,NHANES CKD cross-validation,XGBoost
0.17999999999999997,0.2381039055593115,0.2316293098965105,NHANES CKD cross-validation,XGBoost
0.18999999999999997,0.23040222169575403,0.22214325199399826,NHANES CKD cross-validation,XGBoost
0.19999999999999996,0.22108208955223885,0.21242004264392325,NHANES CKD cross-validation,XGBoost
0.20999999999999996,0.21327359585436295,0.20245067609511216,NHANES CKD cross-validation,XGBoost
0.21999999999999995,0.20738341260729326,0.1922256847629982,NHANES CKD cross-validation,XGBoost
0.22999999999999995,0.20126408772464213,0.18173510924043976,NHANES CKD cross-validation,XGBoost
0.23999999999999996,0.18942879587027273,0.17096846594097187,NHANES CKD cross-validation,XGBoost
0.24999999999999994,0.18407960199004977,0.15991471215351816,NHANES CKD cross-validation,XGBoost
0.25999999999999995,0.17573330259897424,0.1485622082637008,NHANES CKD cross-validation,XGBoost
0.26999999999999996,0.16614335368168942,0.13689867687005286,NHANES CKD cross-validation,XGBoost
0.27999999999999997,0.16145463160388535,0.12491115849324805,NHANES CKD cross-validation,XGBoost
0.29,0.15351061593441245,0.11258596354244871,NHANES CKD cross-validation,XGBoost
0.3,0.1536704233932379,0.09990862016448365,NHANES CKD cross-validation,XGBoost
0.31,0.1478322672352523,0.0868638175581718,NHANES CKD cross-validation,XGBoost
0.31999999999999995,0.1378715665370626,0.07343534428696857,NHANES CKD cross-validation,XGBoost
0.32999999999999996,0.13320656843713205,0.05960602106737106,NHANES CKD cross-validation,XGBoost
0.33999999999999997,0.12880403178910646,0.04535762744717975,NHANES CKD cross-validation,XGBoost
0.35,0.1257175660160735,0.030670821715597818,NHANES CKD cross-validation,XGBoost
0.36,0.11707089552238806,0.015525053304904002,NHANES CKD cross-validation,XGBoost
0.36999999999999994,0.11404711138186624,-0.00010153315057359613,NHANES CKD cross-validation,XGBoost
0.37999999999999995,0.11135566407593374,-0.016232203040098925,NHANES CKD cross-validation,XGBoost
0.38999999999999996,0.10632143730993747,-0.03289174735223177,NHANES CKD cross-validation,XGBoost
0.39999999999999997,0.1039445628997868,-0.050106609808102276,NHANES CKD cross-validation,XGBoost
0.41,0.09960789273969141,-0.06790502692349382,NHANES CKD cross-validation,XGBoost
0.41999999999999993,0.09716197338431001,-0.08631718256010579,NHANES CKD cross-validation,XGBoost
0.42999999999999994,0.09460217708450235,-0.10537537874537078,NHANES CKD cross-validation,XGBoost
0.43999999999999995,0.08970453853183065,-0.12511422479439532,NHANES CKD cross-validation,XGBoost
0.44999999999999996,0.08431866640821868,-0.14557084706338436,NHANES CKD cross-validation,XGBoost
0.45999999999999996,0.07926636657979942,-0.16678512200900258,NHANES CKD cross-validation,XGBoost
0.47,0.07682946453715253,-0.18879993563181402,NHANES CKD cross-validation,XGBoost
0.4799999999999999,0.07028046580285387,-0.21166147285550269,NHANES CKD cross-validation,XGBoost
0.48999999999999994,0.06898281700739999,-0.23541954095070855,NHANES CKD cross-validation,XGBoost
0.49999999999999994,0.06343283582089554,-0.26012793176972276,NHANES CKD cross-validation,XGBoost
0.02,0.35707758583177407,0.35707758583177407,NHANES CKD cross-validation,RuleFit
0.03,0.3504495197063284,0.3504495197063284,NHANES CKD cross-validation,RuleFit
0.039999999999999994,0.34368336886993606,0.343683368869936,NHANES CKD cross-validation,RuleFit
0.049999999999999996,0.33677477275277745,0.33677477275277745,NHANES CKD cross-validation,RuleFit
0.06,0.32971918522887084,0.32971918522887084,NHANES CKD cross-validation,RuleFit
0.06999999999999999,0.322511864639934,0.322511864639934,NHANES CKD cross-validation,RuleFit
0.07999999999999999,0.3151478631686289,0.3151478631686289,NHANES CKD cross-validation,RuleFit
0.09,0.3076220155111413,0.3076220155111413,NHANES CKD cross-validation,RuleFit
0.09999999999999999,0.2999289267945984,0.2999289267945984,NHANES CKD cross-validation,RuleFit
0.10999999999999999,0.29166167557078176,0.292062959679931,NHANES CKD cross-validation,RuleFit
0.11999999999999998,0.28457549912773794,0.28401822058538473,NHANES CKD cross-validation,RuleFit
0.12999999999999998,0.27545768693478423,0.27578854495992944,NHANES CKD cross-validation,RuleFit
0.13999999999999999,0.26891704269350925,0.2673674815292309,NHANES CKD cross-validation,RuleFit
0.14999999999999997,0.26088047159162175,0.25874827542957485,NHANES CKD cross-validation,RuleFit
0.15999999999999998,0.2543913087623109,0.24992385013706975,NHANES CKD cross-validation,RuleFit
0.16999999999999996,0.24916510391245156,0.24088678809052844,NHANES CKD cross-validation,RuleFit
0.17999999999999997,0.24154922252847266,0.2316293098965105,NHANES CKD cross-validation,RuleFit
0.18999999999999997,0.23358077338176844,0.22214325199399826,NHANES CKD cross-validation,RuleFit
0.19999999999999996,0.22654584221748403,0.21242004264392325,NHANES CKD cross-validation,RuleFit
0.20999999999999996,0.21812501686864055,0.20245067609511216,NHANES CKD cross-validation,RuleFit
0.21999999999999995,0.21211251435132036,0.1922256847629982,NHANES CKD cross-validation,RuleFit
0.22999999999999995,0.20626228781879105,0.18173510924043976,NHANES CKD cross-validation,RuleFit
0.23999999999999996,0.19495567276399958,0.17096846594097187,NHANES CKD cross-validation,RuleFit
0.24999999999999994,0.18674484719260842,0.15991471215351816,NHANES CKD cross-validation,RuleFit
0.25999999999999995,0.1820722641618164,0.1485622082637008,NHANES CKD cross-validation,RuleFit
0.26999999999999996,0.17421941174752462,0.13689867687005286,NHANES CKD cross-validation,RuleFit
0.27999999999999997,0.17119758351101635,0.12491115849324805,NHANES CKD cross-validation,RuleFit
0.29,0.1622646325715487,0.11258596354244871,NHANES CKD cross-validation,RuleFit
0.3,0.15298507462686564,0.09990862016448365,NHANES CKD cross-validation,RuleFit
0.31,0.14598590896449432,0.0868638175581718,NHANES CKD cross-validation,RuleFit
0.31999999999999995,0.14175968895020696,0.07343534428696857,NHANES CKD cross-validation,RuleFit
0.32999999999999996,0.13874391369379122,0.05960602106737106,NHANES CKD cross-validation,RuleFit
0.33999999999999997,0.13398914518317503,0.04535762744717975,NHANES CKD cross-validation,RuleFit
0.35,0.13162210923404952,0.030670821715597818,NHANES CKD cross-validation,RuleFit
0.36,0.12999733475479747,0.015525053304904002,NHANES CKD cross-validation,RuleFit
0.36999999999999994,0.1251819135614445,-0.00010153315057359613,NHANES CKD cross-validation,RuleFit
0.37999999999999995,0.12079579063209303,-0.016232203040098925,NHANES CKD cross-validation,RuleFit
0.38999999999999996,0.11807473172777799,-0.03289174735223177,NHANES CKD cross-validation,RuleFit
0.39999999999999997,0.11353944562899788,-0.050106609808102276,NHANES CKD cross-validation,RuleFit
0.41,0.10691698890535221,-0.06790502692349382,NHANES CKD cross-validation,RuleFit
0.41999999999999993,0.10015807661201385,-0.08631718256010579,NHANES CKD cross-validation,RuleFit
0.42999999999999994,0.09811843040436917,-0.10537537874537078,NHANES CKD cross-validation,RuleFit
0.43999999999999995,0.09316935729515688,-0.12511422479439532,NHANES CKD cross-validation,RuleFit
0.44999999999999996,0.08950377980228727,-0.14557084706338436,NHANES CKD cross-validation,RuleFit
0.45999999999999996,0.08844665561083472,-0.16678512200900258,NHANES CKD cross-validation,RuleFit
0.47,0.08425192098805168,-0.18879993563181402,NHANES CKD cross-validation,RuleFit
0.4799999999999999,0.08315565031982944,-0.21166147285550269,NHANES CKD cross-validation,RuleFit
0.48999999999999994,0.07641414774865171,-0.23541954095070855,NHANES CKD cross-validation,RuleFit
0.49999999999999994,0.07995735607675906,-0.26012793176972276,NHANES CKD cross-validation,RuleFit
0.02,0.35707758583177407,0.35707758583177407,NHANES CKD cross-validation,BRL
0.03,0.3504495197063284,0.3504495197063284,NHANES CKD cross-validation,BRL
0.039999999999999994,0.34368336886993606,0.343683368869936,NHANES CKD cross-validation,BRL
0.049999999999999996,0.33677477275277745,0.33677477275277745,NHANES CKD cross-validation,BRL
0.06,0.32971918522887084,0.32971918522887084,NHANES CKD cross-validation,BRL
0.06999999999999999,0.322511864639934,0.322511864639934,NHANES CKD cross-validation,BRL
0.07999999999999999,0.3151478631686289,0.3151478631686289,NHANES CKD cross-validation,BRL
0.09,0.3076220155111413,0.3076220155111413,NHANES CKD cross-validation,BRL
0.09999999999999999,0.2999289267945984,0.2999289267945984,NHANES CKD cross-validation,BRL
0.10999999999999999,0.292062959679931,0.292062959679931,NHANES CKD cross-validation,BRL
0.11999999999999998,0.2840182205853848,0.28401822058538473,NHANES CKD cross-validation,BRL
0.12999999999999998,0.27578854495992944,0.27578854495992944,NHANES CKD cross-validation,BRL
0.13999999999999999,0.26736748152923095,0.2673674815292309,NHANES CKD cross-validation,BRL
0.14999999999999997,0.25874827542957485,0.25874827542957485,NHANES CKD cross-validation,BRL
0.15999999999999998,0.2499238501370698,0.24992385013706975,NHANES CKD cross-validation,BRL
0.16999999999999996,0.24088678809052846,0.24088678809052844,NHANES CKD cross-validation,BRL
0.17999999999999997,0.2316293098965105,0.2316293098965105,NHANES CKD cross-validation,BRL
0.18999999999999997,0.2221432519939983,0.22214325199399826,NHANES CKD cross-validation,BRL
0.19999999999999996,0.21242004264392328,0.21242004264392325,NHANES CKD cross-validation,BRL
0.20999999999999996,0.2024506760951122,0.20245067609511216,NHANES CKD cross-validation,BRL
0.21999999999999995,0.19222568476299826,0.1922256847629982,NHANES CKD cross-validation,BRL
0.22999999999999995,0.18173510924043978,0.18173510924043976,NHANES CKD cross-validation,BRL
0.23999999999999996,0.1709684659409719,0.17096846594097187,NHANES CKD cross-validation,BRL
0.24999999999999994,0.15991471215351818,0.15991471215351816,NHANES CKD cross-validation,BRL
0.25999999999999995,0.14856220826370084,0.1485622082637008,NHANES CKD cross-validation,BRL
0.26999999999999996,0.1368986768700529,0.13689867687005286,NHANES CKD cross-validation,BRL
0.27999999999999997,0.1249111584932481,0.12491115849324805,NHANES CKD cross-validation,BRL
0.29,0.11258596354244871,0.11258596354244871,NHANES CKD cross-validation,BRL
0.3,0.09990862016448371,0.09990862016448365,NHANES CKD cross-validation,BRL
0.31,0.08686381755817185,0.0868638175581718,NHANES CKD cross-validation,BRL
0.31999999999999995,0.0736861908942682,0.07343534428696857,NHANES CKD cross-validation,BRL
0.32999999999999996,0.059065016071030874,0.05960602106737106,NHANES CKD cross-validation,BRL
0.33999999999999997,0.0485236156877949,0.04535762744717975,NHANES CKD cross-validation,BRL
0.35,0.03887157618500903,0.030670821715597818,NHANES CKD cross-validation,BRL
0.36,0.04207755863539442,0.015525053304904002,NHANES CKD cross-validation,BRL
0.36999999999999994,0.04569837885402925,-0.00010153315057359613,NHANES CKD cross-validation,BRL
0.37999999999999995,0.04230002063415643,-0.016232203040098925,NHANES CKD cross-validation,BRL
0.38999999999999996,0.019189765458422187,-0.03289174735223177,NHANES CKD cross-validation,BRL
0.39999999999999997,0.005863539445628998,-0.050106609808102276,NHANES CKD cross-validation,BRL
0.41,0.0019966752195439276,-0.06790502692349382,NHANES CKD cross-validation,BRL
0.41999999999999993,-0.0007720020586721563,-0.08631718256010579,NHANES CKD cross-validation,BRL
0.42999999999999994,-0.0004021247147720045,-0.10537537874537078,NHANES CKD cross-validation,BRL
0.43999999999999995,0.0,-0.12511422479439532,NHANES CKD cross-validation,BRL
0.44999999999999996,0.0,-0.14557084706338436,NHANES CKD cross-validation,BRL
0.45999999999999996,0.0,-0.16678512200900258,NHANES CKD cross-validation,BRL
0.47,0.0,-0.18879993563181402,NHANES CKD cross-validation,BRL
0.4799999999999999,0.0,-0.21166147285550269,NHANES CKD cross-validation,BRL
0.48999999999999994,0.0,-0.23541954095070855,NHANES CKD cross-validation,BRL
0.49999999999999994,0.0,-0.26012793176972276,NHANES CKD cross-validation,BRL
0.02,0.35707758583177407,0.35707758583177407,NHANES CKD cross-validation,EBM
0.03,0.3504495197063284,0.3504495197063284,NHANES CKD cross-validation,EBM
0.039999999999999994,0.34368336886993606,0.343683368869936,NHANES CKD cross-validation,EBM
0.049999999999999996,0.3362978341375828,0.33677477275277745,NHANES CKD cross-validation,EBM
0.06,0.3292541850020415,0.32971918522887084,NHANES CKD cross-validation,EBM
0.06999999999999999,0.32213930348258707,0.322511864639934,NHANES CKD cross-validation,EBM
0.07999999999999999,0.31445258181143976,0.3151478631686289,NHANES CKD cross-validation,EBM
0.09,0.30665549802010356,0.3076220155111413,NHANES CKD cross-validation,EBM
0.09999999999999999,0.2990405117270789,0.2999289267945984,NHANES CKD cross-validation,EBM
0.10999999999999999,0.2917754725569584,0.292062959679931,NHANES CKD cross-validation,EBM
0.11999999999999998,0.283485171544873,0.28401822058538473,NHANES CKD cross-validation,EBM
0.12999999999999998,0.27616841898879985,0.27578854495992944,NHANES CKD cross-validation,EBM
0.13999999999999999,0.26879307780036693,0.2673674815292309,NHANES CKD cross-validation,EBM
0.14999999999999997,0.2626991094945441,0.25874827542957485,NHANES CKD cross-validation,EBM
0.15999999999999998,0.254518225200528,0.24992385013706975,NHANES CKD cross-validation,EBM
0.16999999999999996,0.24773293600842605,0.24088678809052844,NHANES CKD cross-validation,EBM
0.17999999999999997,0.2405091268396693,0.2316293098965105,NHANES CKD cross-validation,EBM
0.18999999999999997,0.23337018610650453,0.22214325199399826,NHANES CKD cross-validation,EBM
0.19999999999999996,0.23041044776119407,0.21242004264392325,NHANES CKD cross-validation,EBM
0.20999999999999996,0.22429893929988398,0.20245067609511216,NHANES CKD cross-validation,EBM
0.21999999999999995,0.21361598600404574,0.1922256847629982,NHANES CKD cross-validation,EBM
0.22999999999999995,0.20423393237892176,0.18173510924043976,NHANES CKD cross-validation,EBM
0.23999999999999996,0.1947312310627315,0.17096846594097187,NHANES CKD cross-validation,EBM
0.24999999999999994,0.18923240938166314,0.15991471215351816,NHANES CKD cross-validation,EBM
0.25999999999999995,0.18174090935284967,0.1485622082637008,NHANES CKD cross-validation,EBM
0.26999999999999996,0.174861991412799,0.13689867687005286,NHANES CKD cross-validation,EBM
0.27999999999999997,0.16645936981757878,0.12491115849324805,NHANES CKD cross-validation,EBM
0.29,0.16101834889936634,0.11258596354244871,NHANES CKD cross-validation,EBM
0.3,0.156792567773378,0.09990862016448365,NHANES CKD cross-validation,EBM
0.31,0.15127777262754552,0.0868638175581718,NHANES CKD cross-validation,EBM
0.31999999999999995,0.14715289100714915,0.07343534428696857,NHANES CKD cross-validation,EBM
0.32999999999999996,0.13946790567418774,0.05960602106737106,NHANES CKD cross-validation,EBM
0.33999999999999997,0.13628287135749825,0.04535762744717975,NHANES CKD cross-validation,EBM
0.35,0.13199114318517302,0.030670821715597818,NHANES CKD cross-validation,EBM
0.36,0.13066364605543712,0.015525053304904002,NHANES CKD cross-validation,EBM
0.36999999999999994,0.12683182725826653,-0.00010153315057359613,NHANES CKD cross-validation,EBM
0.37999999999999995,0.12327188940092171,-0.016232203040098925,NHANES CKD cross-validation,EBM
0.38999999999999996,0.1197525254290608,-0.03289174735223177,NHANES CKD cross-validation,EBM
0.39999999999999997,0.11673773987206826,-0.050106609808102276,NHANES CKD cross-validation,EBM
0.41,0.11409056412851003,-0.06790502692349382,NHANES CKD cross-validation,EBM
0.41999999999999993,0.110138960370561,-0.08631718256010579,NHANES CKD cross-validation,EBM
0.42999999999999994,0.10926570156735124,-0.10537537874537078,NHANES CKD cross-validation,EBM
0.43999999999999995,0.10622905878769419,-0.12511422479439532,NHANES CKD cross-validation,EBM
0.44999999999999996,0.10157007171932547,-0.14557084706338436,NHANES CKD cross-validation,EBM
0.45999999999999996,0.09525783779515122,-0.16678512200900258,NHANES CKD cross-validation,EBM
0.47,0.0931226616244921,-0.18879993563181402,NHANES CKD cross-validation,EBM
0.4799999999999999,0.08873216335902905,-0.21166147285550269,NHANES CKD cross-validation,EBM
0.48999999999999994,0.08571637610267988,-0.23541954095070855,NHANES CKD cross-validation,EBM
0.49999999999999994,0.07995735607675908,-0.26012793176972276,NHANES CKD cross-validation,EBM
0.02,0.14517734709934327,0.14517734709934327,Temporal validation,EBRO-MH
0.03,0.13636474243026434,0.13636474243026434,Temporal validation,EBRO-MH
0.039999999999999994,0.12736854183057958,0.12736854183057958,Temporal validation,EBRO-MH
0.049999999999999996,0.11823470951178101,0.11818294753405936,Temporal validation,EBRO-MH
0.06,0.11155983728677368,0.10880191506101745,Temporal validation,EBRO-MH
0.06999999999999999,0.1079181577455733,0.09921913995414668,Temporal validation,EBRO-MH
0.07999999999999999,0.10303424212362741,0.08942804364930045,Temporal validation,EBRO-MH
0.09,0.09863523573200993,0.07942175841467737,Temporal validation,EBRO-MH
0.09999999999999999,0.09552845528455287,0.06919311128595156,Temporal validation,EBRO-MH
0.10999999999999999,0.09217284452656052,0.05873460691837799,Temporal validation,EBRO-MH
0.11999999999999998,0.08871861812459766,0.04803840926972319,Temporal validation,EBRO-MH
0.12999999999999998,0.08428063702216555,0.03709632201994989,Temporal validation,EBRO-MH
0.13999999999999999,0.0806405869760123,0.025899767624833037,Temporal validation,EBRO-MH
0.14999999999999997,0.07482528810107836,0.014439764891007567,Temporal validation,EBRO-MH
0.15999999999999998,0.07104454685099847,0.0027069049492338404,Temporal validation,EBRO-MH
0.16999999999999996,0.0645398272871186,-0.009308674509209108,Temporal validation,EBRO-MH
0.17999999999999997,0.06138819059315692,-0.021617316881272636,Temporal validation,EBRO-MH
0.18999999999999997,0.057898903361793486,-0.03422987634894267,Temporal validation,EBRO-MH
0.19999999999999996,0.0518784421715185,-0.04715774980330445,Temporal validation,EBRO-MH
0.20999999999999996,0.04832734117459592,-0.060412911193219676,Temporal validation,EBRO-MH
0.21999999999999995,0.04463979503318607,-0.0740079485162097,Temporal validation,EBRO-MH
0.22999999999999995,0.042189910797306565,-0.08795610369174486,Temporal validation,EBRO-MH
0.23999999999999996,0.0401051803387304,-0.10227131558242572,Temporal validation,EBRO-MH
0.24999999999999994,0.03527406241804355,-0.11696826645685807,Temporal validation,EBRO-MH
0.25999999999999995,0.03194441491058329,-0.1320624322197886,Temporal validation,EBRO-MH
0.26999999999999996,0.028210986926484376,-0.14757013677074463,Temporal validation,EBRO-MH
0.27999999999999997,0.026903575487367784,-0.1635086108925605,Temporal validation,EBRO-MH
0.29,0.024922152901674398,-0.17989605611639944,Temporal validation,EBRO-MH
0.3,0.02301337529504327,-0.19675171406091949,Temporal validation,EBRO-MH
0.31,0.021964332546551266,-0.2140959418009328,Temporal validation,EBRO-MH
0.31999999999999995,0.020086083213773323,-0.23195029388624053,Temporal validation,EBRO-MH
0.32999999999999996,0.019452305741160452,-0.2503376117054381,Temporal validation,EBRO-MH
0.33999999999999997,0.017124430775099547,-0.2692821209737023,Temporal validation,EBRO-MH
0.35,0.01496398959026811,-0.28880953821945166,Temporal validation,EBRO-MH
0.36,0.012182828481510623,-0.3089471872541306,Temporal validation,EBRO-MH
0.36999999999999994,0.011645623368676094,-0.3297241267343548,Temporal validation,EBRO-MH
0.37999999999999995,0.01084363341031954,-0.3511712900687799,Temporal validation,EBRO-MH
0.38999999999999996,0.010463556512878724,-0.3733216390863009,Temporal validation,EBRO-MH
0.39999999999999997,0.008720167846839762,-0.39621033307107256,Temporal validation,EBRO-MH
0.41,0.008094520529677691,-0.4198749149875314,Temporal validation,EBRO-MH
0.41999999999999993,0.007108168968230289,-0.444355516970075,Temporal validation,EBRO-MH
0.42999999999999994,0.0057524811241321284,-0.4696950874432343,Temporal validation,EBRO-MH
0.43999999999999995,0.005296729234573454,-0.4959396425761492,Temporal validation,EBRO-MH
0.44999999999999996,0.004613403905300052,-0.5231385451684428,Temporal validation,EBRO-MH
0.45999999999999996,0.004305446280269257,-0.551344814523414,Temporal validation,EBRO-MH
0.47,0.002568175407864852,-0.5806154714012143,Temporal validation,EBRO-MH
0.4799999999999999,0.0016946075167947744,-0.6110119227743145,Temporal validation,EBRO-MH
0.48999999999999994,0.00168155381743571,-0.6426003918483206,Temporal validation,EBRO-MH
0.49999999999999994,0.0011801730920535033,-0.6754523996852871,Temporal validation,EBRO-MH
0.02,0.14591595883042438,0.14517734709934327,Temporal validation,LR
0.03,0.13772336093829843,0.13636474243026434,Temporal validation,LR
0.039999999999999994,0.13269571203776553,0.12736854183057958,Temporal validation,LR
0.049999999999999996,0.12716882686653694,0.11818294753405936,Temporal validation,LR
0.06,0.12244086579506838,0.10880191506101745,Temporal validation,LR
0.06999999999999999,0.11740184259282758,0.09921913995414668,Temporal validation,LR
0.07999999999999999,0.11249273081791128,0.08942804364930045,Temporal validation,LR
0.09,0.10686618652787022,0.07942175841467737,Temporal validation,LR
0.09999999999999999,0.10302473992481861,0.06919311128595156,Temporal validation,LR
0.10999999999999999,0.09887154235804772,0.05873460691837799,Temporal validation,LR
0.11999999999999998,0.09421715184893786,0.04803840926972319,Temporal validation,LR
0.12999999999999998,0.09023576331425161,0.03709632201994989,Temporal validation,LR
0.13999999999999999,0.08698058661006716,0.025899767624833037,Temporal validation,LR
0.14999999999999997,0.08279724163465546,0.014439764891007567,Temporal validation,LR
0.15999999999999998,0.07862200741823089,0.0027069049492338404,Temporal validation,LR
0.16999999999999996,0.07399306115097685,-0.009308674509209108,Temporal validation,LR
0.17999999999999997,0.07055612058874328,-0.021617316881272636,Temporal validation,LR
0.18999999999999997,0.06593427941447874,-0.03422987634894267,Temporal validation,LR
0.19999999999999996,0.06353265145554682,-0.04715774980330445,Temporal validation,LR
0.20999999999999996,0.05978796721409438,-0.060412911193219676,Temporal validation,LR
0.21999999999999995,0.05593213500373218,-0.0740079485162097,Temporal validation,LR
0.22999999999999995,0.05375918338152801,-0.08795610369174486,Temporal validation,LR
0.23999999999999996,0.04958797465733572,-0.10227131558242572,Temporal validation,LR
0.24999999999999994,0.04687909782323631,-0.11696826645685807,Temporal validation,LR
0.25999999999999995,0.04614370468029005,-0.1320624322197886,Temporal validation,LR
0.26999999999999996,0.042901178017524765,-0.14757013677074463,Temporal validation,LR
0.27999999999999997,0.03998382725762741,-0.1635086108925605,Temporal validation,LR
0.29,0.03663246196296583,-0.17989605611639944,Temporal validation,LR
0.3,0.034646510059570645,-0.19675171406091949,Temporal validation,LR
0.31,0.03232077902826714,-0.2140959418009328,Temporal validation,LR
0.31999999999999995,0.0296894524922479,-0.23195029388624053,Temporal validation,LR
0.32999999999999996,0.028470941907300637,-0.2503376117054381,Temporal validation,LR
0.33999999999999997,0.02762677920034333,-0.2692821209737023,Temporal validation,LR
0.35,0.025282938933607696,-0.28880953821945166,Temporal validation,LR
0.36,0.02386162470495673,-0.3089471872541306,Temporal validation,LR
0.36999999999999994,0.023940654153085328,-0.3297241267343548,Temporal validation,LR
0.37999999999999995,0.021934722468972878,-0.3511712900687799,Temporal validation,LR
0.38999999999999996,0.019021423688589098,-0.3733216390863009,Temporal validation,LR
0.39999999999999997,0.017243640178337273,-0.39621033307107256,Temporal validation,LR
0.41,0.015352251663577343,-0.4198749149875314,Temporal validation,LR
0.41999999999999993,0.014582598551235802,-0.444355516970075,Temporal validation,LR
0.42999999999999994,0.011674051375488298,-0.4696950874432343,Temporal validation,LR
0.43999999999999995,0.012195121951219523,-0.4959396425761492,Temporal validation,LR
0.44999999999999996,0.009709605893712905,-0.5231385451684428,Temporal validation,LR
0.45999999999999996,0.00858903750327826,-0.551344814523414,Temporal validation,LR
0.47,0.008079361073586394,-0.5806154714012143,Temporal validation,LR
0.4799999999999999,0.007731646795376149,-0.6110119227743145,Temporal validation,LR
0.48999999999999994,0.006182410021443676,-0.6426003918483206,Temporal validation,LR
0.49999999999999994,0.0060975609756097615,-0.6754523996852871,Temporal validation,LR
0.02,0.14620899500634243,0.14517734709934327,Temporal validation,Random Forest
0.03,0.1394997039428326,0.13636474243026434,Temporal validation,Random Forest
0.039999999999999994,0.13331858116968265,0.12736854183057958,Temporal validation,Random Forest
0.049999999999999996,0.1268064930224854,0.11818294753405936,Temporal validation,Random Forest
0.06,0.12156619850344008,0.10880191506101745,Temporal validation,Random Forest
0.06999999999999999,0.11592345371944873,0.09921913995414668,Temporal validation,Random Forest
0.07999999999999999,0.11182567646153321,0.08942804364930045,Temporal validation,Random Forest
0.09,0.10684241014689483,0.07942175841467737,Temporal validation,Random Forest
0.09999999999999999,0.10322143544016085,0.06919311128595156,Temporal validation,Random Forest
0.10999999999999999,0.09852677269070625,0.05873460691837799,Temporal validation,Random Forest
0.11999999999999998,0.09544202846720548,0.04803840926972319,Temporal validation,Random Forest
0.12999999999999998,0.0920648055201353,0.03709632201994989,Temporal validation,Random Forest
0.13999999999999999,0.08827054324556749,0.025899767624833037,Temporal validation,Random Forest
0.14999999999999997,0.08344517980284169,0.014439764891007567,Temporal validation,Random Forest
0.15999999999999998,0.08039226705631113,0.0027069049492338404,Temporal validation,Random Forest
0.16999999999999996,0.07664963552084025,-0.009308674509209108,Temporal validation,Random Forest
0.17999999999999997,0.07478267544280481,-0.021617316881272636,Temporal validation,Random Forest
0.18999999999999997,0.07304445804314674,-0.03422987634894267,Temporal validation,Random Forest
0.19999999999999996,0.06889260424862315,-0.04715774980330445,Temporal validation,Random Forest
0.20999999999999996,0.06605981535519725,-0.060412911193219676,Temporal validation,Random Forest
0.21999999999999995,0.06474812887086688,-0.0740079485162097,Temporal validation,Random Forest
0.22999999999999995,0.06332318350414338,-0.08795610369174486,Temporal validation,Random Forest
0.23999999999999996,0.0598782558283987,-0.10227131558242572,Temporal validation,Random Forest
0.24999999999999994,0.05520587463939157,-0.11696826645685807,Temporal validation,Random Forest
0.25999999999999995,0.05139069045441981,-0.1320624322197886,Temporal validation,Random Forest
0.26999999999999996,0.04882629360982078,-0.14757013677074463,Temporal validation,Random Forest
0.27999999999999997,0.046409214092140924,-0.1635086108925605,Temporal validation,Random Forest
0.29,0.04430358706131359,-0.17989605611639944,Temporal validation,Random Forest
0.3,0.0418961447678993,-0.19675171406091949,Temporal validation,Random Forest
0.31,0.03845824923887387,-0.2140959418009328,Temporal validation,Random Forest
0.31999999999999995,0.03629610774286112,-0.23195029388624053,Temporal validation,Random Forest
0.32999999999999996,0.03447162300221943,-0.2503376117054381,Temporal validation,Random Forest
0.33999999999999997,0.03290775576377466,-0.2692821209737023,Temporal validation,Random Forest
0.35,0.029398414331537864,-0.28880953821945166,Temporal validation,Random Forest
0.36,0.02723003540519276,-0.3089471872541306,Temporal validation,Random Forest
0.36999999999999994,0.025458019557154106,-0.3297241267343548,Temporal validation,Random Forest
0.37999999999999995,0.023527321641582714,-0.3511712900687799,Temporal validation,Random Forest
0.38999999999999996,0.0208239284931189,-0.3733216390863009,Temporal validation,Random Forest
0.39999999999999997,0.018882769472856026,-0.39621033307107256,Temporal validation,Random Forest
0.41,0.016412407153049126,-0.4198749149875314,Temporal validation,Random Forest
0.41999999999999993,0.014284163976233777,-0.444355516970075,Temporal validation,Random Forest
0.42999999999999994,0.012557455795271039,-0.4696950874432343,Temporal validation,Random Forest
0.43999999999999995,0.011745532201865805,-0.4959396425761492,Temporal validation,Random Forest
0.44999999999999996,0.011229525784993928,-0.5231385451684428,Temporal validation,Random Forest
0.45999999999999996,0.008946003438529013,-0.551344814523414,Temporal validation,Random Forest
0.47,0.0073296913736027244,-0.5806154714012143,Temporal validation,Random Forest
0.4799999999999999,0.006975125582521342,-0.6110119227743145,Temporal validation,Random Forest
0.48999999999999994,0.0049096743339349935,-0.6426003918483206,Temporal validation,Random Forest
0.49999999999999994,0.00354051927616051,-0.6754523996852871,Temporal validation,Random Forest
0.02,0.14625716533663033,0.14517734709934327,Temporal validation,XGBoost
0.03,0.13918945225368448,0.13636474243026434,Temporal validation,XGBoost
0.039999999999999994,0.13258097298714921,0.12736854183057958,Temporal validation,XGBoost
0.049999999999999996,0.12653733073833284,0.11818294753405936,Temporal validation,XGBoost
0.06,0.12009307464385557,0.10880191506101745,Temporal validation,XGBoost
0.06999999999999999,0.11587480859199853,0.09921913995414668,Temporal validation,XGBoost
0.07999999999999999,0.11144083740977664,0.08942804364930045,Temporal validation,XGBoost
0.09,0.1073698135067136,0.07942175841467737,Temporal validation,XGBoost
0.09999999999999999,0.10263134889413411,0.06919311128595156,Temporal validation,XGBoost
0.10999999999999999,0.09894447440306227,0.05873460691837799,Temporal validation,XGBoost
0.11999999999999998,0.0952006294256491,0.04803840926972319,Temporal validation,XGBoost
0.12999999999999998,0.09002776345894718,0.03709632201994989,Temporal validation,XGBoost
0.13999999999999999,0.08644081752145355,0.025899767624833037,Temporal validation,XGBoost
0.14999999999999997,0.08405840699773223,0.014439764891007567,Temporal validation,XGBoost
0.15999999999999998,0.08136637817991085,0.0027069049492338404,Temporal validation,XGBoost
0.16999999999999996,0.07806442133601284,-0.009308674509209108,Temporal validation,XGBoost
0.17999999999999997,0.07465314424977454,-0.021617316881272636,Temporal validation,XGBoost
0.18999999999999997,0.07158259754640557,-0.03422987634894267,Temporal validation,XGBoost
0.19999999999999996,0.06825334382376082,-0.04715774980330445,Temporal validation,XGBoost
0.20999999999999996,0.0653352787100758,-0.060412911193219676,Temporal validation,XGBoost
0.21999999999999995,0.06327039076842383,-0.0740079485162097,Temporal validation,XGBoost
0.22999999999999995,0.060487702698560304,-0.08795610369174486,Temporal validation,XGBoost
0.23999999999999996,0.0577663671373556,-0.10227131558242572,Temporal validation,XGBoost
0.24999999999999994,0.056517178075006565,-0.11696826645685807,Temporal validation,XGBoost
0.25999999999999995,0.0532406915176388,-0.1320624322197886,Temporal validation,XGBoost
0.26999999999999996,0.05141566881864135,-0.14757013677074463,Temporal validation,XGBoost
0.27999999999999997,0.04872585016172743,-0.1635086108925605,Temporal validation,XGBoost
0.29,0.045863299387196514,-0.17989605611639944,Temporal validation,XGBoost
0.3,0.04408789479599865,-0.19675171406091949,Temporal validation,XGBoost
0.31,0.041784969041836276,-0.2140959418009328,Temporal validation,XGBoost
0.31999999999999995,0.03861017262924053,-0.23195029388624053,Temporal validation,XGBoost
0.32999999999999996,0.035898399426940834,-0.2503376117054381,Temporal validation,XGBoost
0.33999999999999997,0.032597811315356565,-0.2692821209737023,Temporal validation,XGBoost
0.35,0.02877806693699691,-0.28880953821945166,Temporal validation,XGBoost
0.36,0.027746361132966177,-0.3089471872541306,Temporal validation,XGBoost
0.36999999999999994,0.026123037728073152,-0.3297241267343548,Temporal validation,XGBoost
0.37999999999999995,0.025748077459962958,-0.3511712900687799,Temporal validation,XGBoost
0.38999999999999996,0.024193548387096787,-0.3733216390863009,Temporal validation,XGBoost
0.39999999999999997,0.022619984264358774,-0.39621033307107256,Temporal validation,XGBoost
0.41,0.01992958967315208,-0.4198749149875314,Temporal validation,XGBoost
0.41999999999999993,0.01783146585637159,-0.444355516970075,Temporal validation,XGBoost
0.42999999999999994,0.01584261598133809,-0.4696950874432343,Temporal validation,XGBoost
0.43999999999999995,0.01573564122738002,-0.4959396425761492,Temporal validation,XGBoost
0.44999999999999996,0.01375080466347186,-0.5231385451684428,Temporal validation,XGBoost
0.45999999999999996,0.011277209546289017,-0.551344814523414,Temporal validation,XGBoost
0.47,0.010335792645814468,-0.5806154714012143,Temporal validation,XGBoost
0.4799999999999999,0.008079646553289362,-0.6110119227743145,Temporal validation,XGBoost
0.48999999999999994,0.009217691797411338,-0.6426003918483206,Temporal validation,XGBoost
0.49999999999999994,0.00826121164437451,-0.6754523996852871,Temporal validation,XGBoost
0.02,0.1457313058976541,0.14517734709934327,Temporal validation,RuleFit
0.03,0.13891367297444174,0.13636474243026434,Temporal validation,RuleFit
0.039999999999999994,0.13349068974560716,0.12736854183057958,Temporal validation,RuleFit
0.049999999999999996,0.126951426560106,0.11818294753405936,Temporal validation,RuleFit
0.06,0.12221906021393776,0.10880191506101745,Temporal validation,RuleFit
0.06999999999999999,0.1175033628588107,0.09921913995414668,Temporal validation,RuleFit
0.07999999999999999,0.11272363424896521,0.08942804364930045,Temporal validation,RuleFit
0.09,0.10824953960280476,0.07942175841467737,Temporal validation,RuleFit
0.09999999999999999,0.10453273887577585,0.06919311128595156,Temporal validation,RuleFit
0.10999999999999999,0.10041637567517395,0.05873460691837799,Temporal validation,RuleFit
0.11999999999999998,0.09693512624275803,0.04803840926972319,Temporal validation,RuleFit
0.12999999999999998,0.0933015003119998,0.03709632201994989,Temporal validation,RuleFit
0.13999999999999999,0.08894754176348965,0.025899767624833037,Temporal validation,RuleFit
0.14999999999999997,0.08354931272272878,0.014439764891007567,Temporal validation,RuleFit
0.15999999999999998,0.0805421303060957,0.0027069049492338404,Temporal validation,RuleFit
0.16999999999999996,0.07602400159252273,-0.009308674509209108,Temporal validation,RuleFit
0.17999999999999997,0.07247510122622863,-0.021617316881272636,Temporal validation,RuleFit
0.18999999999999997,0.06862973647657625,-0.03422987634894267,Temporal validation,RuleFit
0.19999999999999996,0.06520456333595595,-0.04715774980330445,Temporal validation,RuleFit
0.20999999999999996,0.06322142437430908,-0.060412911193219676,Temporal validation,RuleFit
0.21999999999999995,0.05919526316851259,-0.0740079485162097,Temporal validation,RuleFit
0.22999999999999995,0.056318779568189495,-0.08795610369174486,Temporal validation,RuleFit
0.23999999999999996,0.05408091432357449,-0.10227131558242572,Temporal validation,RuleFit
0.24999999999999994,0.05041961709939682,-0.11696826645685807,Temporal validation,RuleFit
0.25999999999999995,0.047770429753120555,-0.1320624322197886,Temporal validation,RuleFit
0.26999999999999996,0.043596348469008325,-0.14757013677074463,Temporal validation,RuleFit
0.27999999999999997,0.041404405979543674,-0.1635086108925605,Temporal validation,RuleFit
0.29,0.039214436896754246,-0.17989605611639944,Temporal validation,RuleFit
0.3,0.03695065752500843,-0.19675171406091949,Temporal validation,RuleFit
0.31,0.03641147561545742,-0.2140959418009328,Temporal validation,RuleFit
0.31999999999999995,0.03402832415420929,-0.23195029388624053,Temporal validation,RuleFit
0.32999999999999996,0.03192632431861152,-0.2503376117054381,Temporal validation,RuleFit
0.33999999999999997,0.029242066614214537,-0.2692821209737023,Temporal validation,RuleFit
0.35,0.026145373116262187,-0.28880953821945166,Temporal validation,RuleFit
0.36,0.02477134146341463,-0.3089471872541306,Temporal validation,RuleFit
0.36999999999999994,0.02305084110748943,-0.3297241267343548,Temporal validation,RuleFit
0.37999999999999995,0.020741859343671495,-0.3511712900687799,Temporal validation,RuleFit
0.38999999999999996,0.018966606905624864,-0.3733216390863009,Temporal validation,RuleFit
0.39999999999999997,0.017964857067925527,-0.39621033307107256,Temporal validation,RuleFit
0.41,0.016319060128818903,-0.4198749149875314,Temporal validation,RuleFit
0.41999999999999993,0.01505738082964813,-0.444355516970075,Temporal validation,RuleFit
0.42999999999999994,0.012740348116554182,-0.4696950874432343,Temporal validation,RuleFit
0.43999999999999995,0.01341744408227493,-0.4959396425761492,Temporal validation,RuleFit
0.44999999999999996,0.011694442457621065,-0.5231385451684428,Temporal validation,RuleFit
0.45999999999999996,0.009987761167934261,-0.551344814523414,Temporal validation,RuleFit
0.47,0.008632335258227812,-0.5806154714012143,Temporal validation,RuleFit
0.4799999999999999,0.008805906917629974,-0.6110119227743145,Temporal validation,RuleFit
0.48999999999999994,0.008423196186421074,-0.6426003918483206,Temporal validation,RuleFit
0.49999999999999994,0.008064516129032261,-0.6754523996852871,Temporal validation,RuleFit
0.02,0.14517734709934327,0.14517734709934327,Temporal validation,BRL
0.03,0.13636474243026434,0.13636474243026434,Temporal validation,BRL
0.039999999999999994,0.12736854183057958,0.12736854183057958,Temporal validation,BRL
0.049999999999999996,0.11818294753405936,0.11818294753405936,Temporal validation,BRL
0.06,0.10880191506101745,0.10880191506101745,Temporal validation,BRL
0.06999999999999999,0.09921913995414668,0.09921913995414668,Temporal validation,BRL
0.07999999999999999,0.08942804364930045,0.08942804364930045,Temporal validation,BRL
0.09,0.07942175841467737,0.07942175841467737,Temporal validation,BRL
0.09999999999999999,0.06919311128595156,0.06919311128595156,Temporal validation,BRL
0.10999999999999999,0.05873460691837799,0.05873460691837799,Temporal validation,BRL
0.11999999999999998,0.04803840926972319,0.04803840926972319,Temporal validation,BRL
0.12999999999999998,0.03709632201994989,0.03709632201994989,Temporal validation,BRL
0.13999999999999999,0.025899767624833037,0.025899767624833037,Temporal validation,BRL
0.14999999999999997,0.026681168139954664,0.014439764891007567,Temporal validation,BRL
0.15999999999999998,0.019988010940017238,0.0027069049492338404,Temporal validation,BRL
0.16999999999999996,0.0,-0.009308674509209108,Temporal validation,BRL
0.17999999999999997,0.0,-0.021617316881272636,Temporal validation,BRL
0.18999999999999997,0.0,-0.03422987634894267,Temporal validation,BRL
0.19999999999999996,0.0,-0.04715774980330445,Temporal validation,BRL
0.20999999999999996,0.0,-0.060412911193219676,Temporal validation,BRL
0.21999999999999995,0.0,-0.0740079485162097,Temporal validation,BRL
0.22999999999999995,0.0,-0.08795610369174486,Temporal validation,BRL
0.23999999999999996,0.0,-0.10227131558242572,Temporal validation,BRL
0.24999999999999994,0.0,-0.11696826645685807,Temporal validation,BRL
0.25999999999999995,0.0,-0.1320624322197886,Temporal validation,BRL
0.26999999999999996,0.0,-0.14757013677074463,Temporal validation,BRL
0.27999999999999997,0.0,-0.1635086108925605,Temporal validation,BRL
0.29,0.0,-0.17989605611639944,Temporal validation,BRL
0.3,0.0,-0.19675171406091949,Temporal validation,BRL
0.31,0.0,-0.2140959418009328,Temporal validation,BRL
0.31999999999999995,0.0,-0.23195029388624053,Temporal validation,BRL
0.32999999999999996,0.0,-0.2503376117054381,Temporal validation,BRL
0.33999999999999997,0.0,-0.2692821209737023,Temporal validation,BRL
0.35,0.0,-0.28880953821945166,Temporal validation,BRL
0.36,0.0,-0.3089471872541306,Temporal validation,BRL
0.36999999999999994,0.0,-0.3297241267343548,Temporal validation,BRL
0.37999999999999995,0.0,-0.3511712900687799,Temporal validation,BRL
0.38999999999999996,0.0,-0.3733216390863009,Temporal validation,BRL
0.39999999999999997,0.0,-0.39621033307107256,Temporal validation,BRL
0.41,0.0,-0.4198749149875314,Temporal validation,BRL
0.41999999999999993,0.0,-0.444355516970075,Temporal validation,BRL
0.42999999999999994,0.0,-0.4696950874432343,Temporal validation,BRL
0.43999999999999995,0.0,-0.4959396425761492,Temporal validation,BRL
0.44999999999999996,0.0,-0.5231385451684428,Temporal validation,BRL
0.45999999999999996,0.0,-0.551344814523414,Temporal validation,BRL
0.47,0.0,-0.5806154714012143,Temporal validation,BRL
0.4799999999999999,0.0,-0.6110119227743145,Temporal validation,BRL
0.48999999999999994,0.0,-0.6426003918483206,Temporal validation,BRL
0.49999999999999994,0.0,-0.6754523996852871,Temporal validation,BRL
0.02,0.14622906597729574,0.14517734709934327,Temporal validation,EBM
0.03,0.13889745066389805,0.13636474243026434,Temporal validation,EBM
0.039999999999999994,0.13356445056386046,0.12736854183057958,Temporal validation,EBM
0.049999999999999996,0.12832829516750177,0.11818294753405936,Temporal validation,EBM
0.06,0.12346200847046221,0.10880191506101745,Temporal validation,EBM
0.06999999999999999,0.11877871120022336,0.09921913995414668,Temporal validation,EBM
0.07999999999999999,0.11416891868778437,0.08942804364930045,Temporal validation,EBM
0.09,0.11021865624540683,0.07942175841467737,Temporal validation,EBM
0.09999999999999999,0.10595331759769211,0.06919311128595156,Temporal validation,EBM
0.10999999999999999,0.10167390093618225,0.05873460691837799,Temporal validation,EBM
0.11999999999999998,0.09734639868392818,0.04803840926972319,Temporal validation,EBM
0.12999999999999998,0.0935931522830245,0.03709632201994989,Temporal validation,EBM
0.13999999999999999,0.08983495873968492,0.025899767624833037,Temporal validation,EBM
0.14999999999999997,0.08656916739945389,0.014439764891007567,Temporal validation,EBM
0.15999999999999998,0.08454160578472146,0.0027069049492338404,Temporal validation,EBM
0.16999999999999996,0.08137743736551241,-0.009308674509209108,Temporal validation,EBM
0.17999999999999997,0.0789372685229606,-0.021617316881272636,Temporal validation,EBM
0.18999999999999997,0.07541451758603607,-0.03422987634894267,Temporal validation,EBM
0.19999999999999996,0.07317073170731708,-0.04715774980330445,Temporal validation,EBM
0.20999999999999996,0.07152745271838182,-0.060412911193219676,Temporal validation,EBM
0.21999999999999995,0.06752708345942021,-0.0740079485162097,Temporal validation,EBM
0.22999999999999995,0.06613567392481634,-0.08795610369174486,Temporal validation,EBM
0.23999999999999996,0.06207296368379645,-0.10227131558242572,Temporal validation,EBM
0.24999999999999994,0.05763178599527932,-0.11696826645685807,Temporal validation,EBM
0.25999999999999995,0.054606927935016064,-0.1320624322197886,Temporal validation,EBM
0.26999999999999996,0.050793248763243266,-0.14757013677074463,Temporal validation,EBM
0.27999999999999997,0.04859471981816593,-0.1635086108925605,Temporal validation,EBM
0.29,0.04551977482519032,-0.17989605611639944,Temporal validation,EBM
0.3,0.042486231313926044,-0.19675171406091949,Temporal validation,EBM
0.31,0.04096397906475558,-0.2140959418009328,Temporal validation,EBM
0.31999999999999995,0.038448188087193975,-0.23195029388624053,Temporal validation,EBM
0.32999999999999996,0.035543173197740655,-0.2503376117054381,Temporal validation,EBM
0.33999999999999997,0.03380778675821951,-0.2692821209737023,Temporal validation,EBM
0.35,0.031516673727531315,-0.28880953821945166,Temporal validation,EBM
0.36,0.030192761605035402,-0.3089471872541306,Temporal validation,EBM
0.36999999999999994,0.028570804141221158,-0.3297241267343548,Temporal validation,EBM
0.37999999999999995,0.026071673307784086,-0.3511712900687799,Temporal validation,EBM
0.38999999999999996,0.02379048380647742,-0.3733216390863009,Temporal validation,EBM
0.39999999999999997,0.02406241804353529,-0.39621033307107256,Temporal validation,EBM
0.41,0.021029751030151096,-0.4198749149875314,Temporal validation,EBM
0.41999999999999993,0.02074798556661874,-0.444355516970075,Temporal validation,EBM
0.42999999999999994,0.019945615415407146,-0.4696950874432343,Temporal validation,EBM
0.43999999999999995,0.01750590086546027,-0.4959396425761492,Temporal validation,EBM
0.44999999999999996,0.016039625205636225,-0.5231385451684428,Temporal validation,EBM
0.45999999999999996,0.01552437567386427,-0.551344814523414,Temporal validation,EBM
0.47,0.015045351305612874,-0.5806154714012143,Temporal validation,EBM
0.4799999999999999,0.014888337468982639,-0.6110119227743145,Temporal validation,EBM
0.48999999999999994,0.01335986794403049,-0.6426003918483206,Temporal validation,EBM
0.49999999999999994,0.012391817466561768,-0.6754523996852871,Temporal validation,EBM
0.02,0.26545757449547536,0.26545757449547536,Geographic external validation,Bayesian Rule Lists
0.03,0.25788497217068646,0.25788497217068646,Geographic external validation,Bayesian Rule Lists
0.039999999999999994,0.2501546072974644,0.2501546072974644,Geographic external validation,Bayesian Rule Lists
0.049999999999999996,0.24226149790059565,0.24226149790059565,Geographic external validation,Bayesian Rule Lists
0.06,0.23420045000592113,0.23420045000592113,Geographic external validation,Bayesian Rule Lists
0.06999999999999999,0.22596604624254396,0.22596604624254396,Geographic external validation,Bayesian Rule Lists
0.07999999999999999,0.21755263370170203,0.21755263370170203,Geographic external validation,Bayesian Rule Lists
0.09,0.20895431099512732,0.20895431099512732,Geographic external validation,Bayesian Rule Lists
0.09999999999999999,0.20016491445062873,0.20016491445062873,Geographic external validation,Bayesian Rule Lists
0.10999999999999999,0.1911780033770403,0.1911780033770403,Geographic external validation,Bayesian Rule Lists
0.11999999999999998,0.18198684432450668,0.18198684432450668,Geographic external validation,Bayesian Rule Lists
0.12999999999999998,0.17258439425927113,0.17258439425927113,Geographic external validation,Bayesian Rule Lists
0.13999999999999999,0.16296328256461148,0.16296328256461148,Geographic external validation,Bayesian Rule Lists
0.14999999999999997,0.15311579177125398,0.15311579177125398,Geographic external validation,Bayesian Rule Lists
0.15999999999999998,0.14303383691138796,0.14303383691138796,Geographic external validation,Bayesian Rule Lists
0.16999999999999996,0.13270894338019987,0.13270894338019987,Geographic external validation,Bayesian Rule Lists
0.17999999999999997,0.12213222317751937,0.12213222317751937,Geographic external validation,Bayesian Rule Lists
0.18999999999999997,0.11129434938958752,0.11129434938958752,Geographic external validation,Bayesian Rule Lists
0.19999999999999996,0.10018552875695735,0.10018552875695735,Geographic external validation,Bayesian Rule Lists
0.20999999999999996,0.08879547215894418,0.08879547215894418,Geographic external validation,Bayesian Rule Lists
0.21999999999999995,0.07711336282764858,0.07711336282764858,Geographic external validation,Bayesian Rule Lists
0.22999999999999995,0.06512782208515053,0.06512782208515053,Geographic external validation,Bayesian Rule Lists
0.23999999999999996,0.05277804901865055,0.0528268723757446,Geographic external validation,Bayesian Rule Lists
0.24999999999999994,0.04143475572047006,0.040197897340754546,Geographic external validation,Bayesian Rule Lists
0.25999999999999995,0.04126761269618415,0.027227598656170082,Geographic external validation,Bayesian Rule Lists
0.26999999999999996,0.04436170483137214,0.013901949322692952,Geographic external validation,Bayesian Rule Lists
0.27999999999999997,0.039167182024324926,0.00020614306328597953,Geographic external validation,Bayesian Rule Lists
0.29,0.041639447072042646,-0.013875460555541064,Geographic external validation,Bayesian Rule Lists
0.3,0.03167240922342962,-0.0283593957063345,Geographic external validation,Bayesian Rule Lists
0.31,0.03000725982092442,-0.04326315506439732,Geographic external validation,Bayesian Rule Lists
0.31999999999999995,0.024555276656117064,-0.05860526028593249,Geographic external validation,Bayesian Rule Lists
0.32999999999999996,0.020657380998532426,-0.07440533879766281,Geographic external validation,Bayesian Rule Lists
0.33999999999999997,0.02082981953111826,-0.09068420756732437,Geographic external validation,Bayesian Rule Lists
0.35,0.016483516483516508,-0.10746396460682173,Geographic external validation,Bayesian Rule Lists
0.36,0.013160946196660472,-0.12476808905380332,Geographic external validation,Bayesian Rule Lists
0.36999999999999994,0.008687457667049536,-0.14262155078481598,Geographic external validation,Bayesian Rule Lists
0.37999999999999995,0.0040098150697229495,-0.16105093063618392,Geographic external validation,Bayesian Rule Lists
0.38999999999999996,0.0005170473554548805,-0.1800845524498919,Geographic external validation,Bayesian Rule Lists
0.39999999999999997,0.007421150278293154,-0.19975262832405677,Geographic external validation,Bayesian Rule Lists
0.41,0.020596836577466138,-0.220087418634634,Geographic external validation,Bayesian Rule Lists
0.41999999999999993,0.029108822212270513,-0.24112340861109316,Geographic external validation,Bayesian Rule Lists
0.42999999999999994,0.02909872082804415,-0.2628975034990071,Geographic external validation,Bayesian Rule Lists
0.43999999999999995,0.023323615160349857,-0.285449244632918,Geographic external validation,Bayesian Rule Lists
0.44999999999999996,0.021504469556417626,-0.3088210490807892,Geographic external validation,Bayesian Rule Lists
0.45999999999999996,0.016938088366659804,-0.33305847591561866,Geographic external validation,Bayesian Rule Lists
0.47,0.013844645920117624,-0.3582105226310077,Geographic external validation,Bayesian Rule Lists
0.4799999999999999,0.008348794063079784,-0.384329955758527,Geographic external validation,Bayesian Rule Lists
0.48999999999999994,0.011004401760704288,-0.4114736803812433,Geographic external validation,Bayesian Rule Lists
0.49999999999999994,0.010204081632653066,-0.43970315398886817,Geographic external validation,Bayesian Rule Lists
0.02,0.26545757449547536,0.26545757449547536,Geographic external validation,EBM
0.03,0.25788497217068646,0.25788497217068646,Geographic external validation,EBM
0.039999999999999994,0.2501546072974644,0.2501546072974644,Geographic external validation,EBM
0.049999999999999996,0.24226149790059565,0.24226149790059565,Geographic external validation,EBM
0.06,0.23420045000592113,0.23420045000592113,Geographic external validation,EBM
0.06999999999999999,0.22596604624254396,0.22596604624254396,Geographic external validation,EBM
0.07999999999999999,0.21755263370170203,0.21755263370170203,Geographic external validation,EBM
0.09,0.20895431099512732,0.20895431099512732,Geographic external validation,EBM
0.09999999999999999,0.20016491445062873,0.20016491445062873,Geographic external validation,EBM
0.10999999999999999,0.1911780033770403,0.1911780033770403,Geographic external validation,EBM
0.11999999999999998,0.18236633496373755,0.18198684432450668,Geographic external validation,EBM
0.12999999999999998,0.1753566630413921,0.17258439425927113,Geographic external validation,EBM
0.13999999999999999,0.16622082236700178,0.16296328256461148,Geographic external validation,EBM
0.14999999999999997,0.16037324020517302,0.15311579177125398,Geographic external validation,EBM
0.15999999999999998,0.1548281650322467,0.14303383691138796,Geographic external validation,EBM
0.16999999999999996,0.14843418199700473,0.13270894338019987,Geographic external validation,EBM
0.17999999999999997,0.1406850988732522,0.12213222317751937,Geographic external validation,EBM
0.18999999999999997,0.1309924643257977,0.11129434938958752,Geographic external validation,EBM
0.19999999999999996,0.12871057513914658,0.10018552875695735,Geographic external validation,EBM
0.20999999999999996,0.1208989925083958,0.08879547215894418,Geographic external validation,EBM
0.21999999999999995,0.11345797060082777,0.07711336282764858,Geographic external validation,EBM
0.22999999999999995,0.10706454955063494,0.06512782208515053,Geographic external validation,EBM
0.23999999999999996,0.10067376232789768,0.0528268723757446,Geographic external validation,EBM
0.24999999999999994,0.09554730983302413,0.040197897340754546,Geographic external validation,EBM
0.25999999999999995,0.09198716341573485,0.027227598656170082,Geographic external validation,EBM
0.26999999999999996,0.09070577172338426,0.013901949322692952,Geographic external validation,EBM
0.27999999999999997,0.08797155225726656,0.00020614306328597953,Geographic external validation,EBM
0.29,0.08743369306749589,-0.013875460555541064,Geographic external validation,EBM
0.3,0.0816326530612245,-0.0283593957063345,Geographic external validation,EBM
0.31,0.07700787825011425,-0.04326315506439732,Geographic external validation,EBM
0.31999999999999995,0.07159227327294555,-0.05860526028593249,Geographic external validation,EBM
0.32999999999999996,0.06627807160856204,-0.07440533879766281,Geographic external validation,EBM
0.33999999999999997,0.062461348175633924,-0.09068420756732437,Geographic external validation,EBM
0.35,0.06015413158270301,-0.10746396460682173,Geographic external validation,EBM
0.36,0.059891001855287576,-0.12476808905380332,Geographic external validation,EBM
0.36999999999999994,0.05942810024442681,-0.14262155078481598,Geographic external validation,EBM
0.37999999999999995,0.05772338260817525,-0.16105093063618392,Geographic external validation,EBM
0.38999999999999996,0.05298214665896167,-0.1800845524498919,Geographic external validation,EBM
0.39999999999999997,0.04885590599876316,-0.19975262832405677,Geographic external validation,EBM
0.41,0.051287695355491984,-0.220087418634634,Geographic external validation,EBM
0.41999999999999993,0.052363892265370124,-0.24112340861109316,Geographic external validation,EBM
0.42999999999999994,0.054665885492953176,-0.2628975034990071,Geographic external validation,EBM
0.43999999999999995,0.05413464086933476,-0.285449244632918,Geographic external validation,EBM
0.44999999999999996,0.04832180806206781,-0.3088210490807892,Geographic external validation,EBM
0.45999999999999996,0.044011544011544015,-0.33305847591561866,Geographic external validation,EBM
0.47,0.0417439703153989,-0.3582105226310077,Geographic external validation,EBM
0.4799999999999999,0.04152989867275582,-0.384329955758527,Geographic external validation,EBM
0.48999999999999994,0.03974316999527084,-0.4114736803812433,Geographic external validation,EBM
0.49999999999999994,0.035250463821892404,-0.43970315398886817,Geographic external validation,EBM
0.02,0.26545757449547536,0.26545757449547536,Geographic external validation,EBRO-MH
0.03,0.25788497217068646,0.25788497217068646,Geographic external validation,EBRO-MH
0.039999999999999994,0.2501546072974644,0.2501546072974644,Geographic external validation,EBRO-MH
0.049999999999999996,0.24226149790059565,0.24226149790059565,Geographic external validation,EBRO-MH
0.06,0.23420045000592113,0.23420045000592113,Geographic external validation,EBRO-MH
0.06999999999999999,0.22596604624254396,0.22596604624254396,Geographic external validation,EBRO-MH
0.07999999999999999,0.21755263370170203,0.21755263370170203,Geographic external validation,EBRO-MH
0.09,0.20895431099512732,0.20895431099512732,Geographic external validation,EBRO-MH
0.09999999999999999,0.20016491445062873,0.20016491445062873,Geographic external validation,EBRO-MH
0.10999999999999999,0.1911780033770403,0.1911780033770403,Geographic external validation,EBRO-MH
0.11999999999999998,0.18198684432450668,0.18198684432450668,Geographic external validation,EBRO-MH
0.12999999999999998,0.17258439425927113,0.17258439425927113,Geographic external validation,EBRO-MH
0.13999999999999999,0.16296328256461148,0.16296328256461148,Geographic external validation,EBRO-MH
0.14999999999999997,0.15311579177125398,0.15311579177125398,Geographic external validation,EBRO-MH
0.15999999999999998,0.14303383691138796,0.14303383691138796,Geographic external validation,EBRO-MH
0.16999999999999996,0.13270894338019987,0.13270894338019987,Geographic external validation,EBRO-MH
0.17999999999999997,0.12213222317751937,0.12213222317751937,Geographic external validation,EBRO-MH
0.18999999999999997,0.11129434938958752,0.11129434938958752,Geographic external validation,EBRO-MH
0.19999999999999996,0.10018552875695735,0.10018552875695735,Geographic external validation,EBRO-MH
0.20999999999999996,0.08879547215894418,0.08879547215894418,Geographic external validation,EBRO-MH
0.21999999999999995,0.07711336282764858,0.07711336282764858,Geographic external validation,EBRO-MH
0.22999999999999995,0.06512782208515053,0.06512782208515053,Geographic external validation,EBRO-MH
0.23999999999999996,0.0528268723757446,0.0528268723757446,Geographic external validation,EBRO-MH
0.24999999999999994,0.04081632653061232,0.040197897340754546,Geographic external validation,EBRO-MH
0.25999999999999995,0.02823045680188538,0.027227598656170082,Geographic external validation,EBRO-MH
0.26999999999999996,0.02685083996238599,0.013901949322692952,Geographic external validation,EBRO-MH
0.27999999999999997,0.024118738404452722,0.00020614306328597953,Geographic external validation,EBRO-MH
0.29,0.0249941205675612,-0.013875460555541064,Geographic external validation,EBRO-MH
0.3,0.03034720381659156,-0.0283593957063345,Geographic external validation,EBRO-MH
0.31,0.039135812427737865,-0.04326315506439732,Geographic external validation,EBRO-MH
0.31999999999999995,0.03688748226563357,-0.05860526028593249,Geographic external validation,EBRO-MH
0.32999999999999996,0.0431700495666381,-0.07440533879766281,Geographic external validation,EBRO-MH
0.33999999999999997,0.04506099960645418,-0.09068420756732437,Geographic external validation,EBRO-MH
0.35,0.04973597830740689,-0.10746396460682173,Geographic external validation,EBRO-MH
0.36,0.0423817254174397,-0.12476808905380332,Geographic external validation,EBRO-MH
0.36999999999999994,0.03962364166445802,-0.14262155078481598,Geographic external validation,EBRO-MH
0.37999999999999995,0.03878149500269318,-0.16105093063618392,Geographic external validation,EBRO-MH
0.38999999999999996,0.03649746038504822,-0.1800845524498919,Geographic external validation,EBRO-MH
0.39999999999999997,0.040507111935683376,-0.19975262832405677,Geographic external validation,EBRO-MH
0.41,0.03803339517625232,-0.220087418634634,Geographic external validation,EBRO-MH
0.41999999999999993,0.03445077090397289,-0.24112340861109316,Geographic external validation,EBRO-MH
0.42999999999999994,0.03256517918172054,-0.2628975034990071,Geographic external validation,EBRO-MH
0.43999999999999995,0.029883381924198253,-0.285449244632918,Geographic external validation,EBRO-MH
0.44999999999999996,0.02538370720188902,-0.3088210490807892,Geographic external validation,EBRO-MH
0.45999999999999996,0.022366522366522368,-0.33305847591561866,Geographic external validation,EBRO-MH
0.47,0.01930549235131445,-0.3582105226310077,Geographic external validation,EBRO-MH
0.4799999999999999,0.018481518481518487,-0.384329955758527,Geographic external validation,EBRO-MH
0.48999999999999994,0.016060969842482446,-0.4114736803812433,Geographic external validation,EBRO-MH
0.49999999999999994,0.012987012987012988,-0.43970315398886817,Geographic external validation,EBRO-MH
0.02,0.26545757449547536,0.26545757449547536,Geographic external validation,Logistic regression
0.03,0.25788497217068646,0.25788497217068646,Geographic external validation,Logistic regression
0.039999999999999994,0.2501546072974644,0.2501546072974644,Geographic external validation,Logistic regression
0.049999999999999996,0.24226149790059565,0.24226149790059565,Geographic external validation,Logistic regression
0.06,0.23420045000592113,0.23420045000592113,Geographic external validation,Logistic regression
0.06999999999999999,0.22596604624254396,0.22596604624254396,Geographic external validation,Logistic regression
0.07999999999999999,0.21755263370170203,0.21755263370170203,Geographic external validation,Logistic regression
0.09,0.20895431099512732,0.20895431099512732,Geographic external validation,Logistic regression
0.09999999999999999,0.20016491445062873,0.20016491445062873,Geographic external validation,Logistic regression
0.10999999999999999,0.19186591899272476,0.1911780033770403,Geographic external validation,Logistic regression
0.11999999999999998,0.1837156350143363,0.18198684432450668,Geographic external validation,Logistic regression
0.12999999999999998,0.17710532488857617,0.17258439425927113,Geographic external validation,Logistic regression
0.13999999999999999,0.17088061440220909,0.16296328256461148,Geographic external validation,Logistic regression
0.14999999999999997,0.16075521117537928,0.15311579177125398,Geographic external validation,Logistic regression
0.15999999999999998,0.1539888682745826,0.14303383691138796,Geographic external validation,Logistic regression
0.16999999999999996,0.14355008158794738,0.13270894338019987,Geographic external validation,Logistic regression
0.17999999999999997,0.13878456038734788,0.12213222317751937,Geographic external validation,Logistic regression
0.18999999999999997,0.1321835131358941,0.11129434938958752,Geographic external validation,Logistic regression
0.19999999999999996,0.12708719851577,0.10018552875695735,Geographic external validation,Logistic regression
0.20999999999999996,0.12403419365444686,0.08879547215894418,Geographic external validation,Logistic regression
0.21999999999999995,0.12052233480804911,0.07711336282764858,Geographic external validation,Logistic regression
0.22999999999999995,0.11882273570585263,0.06512782208515053,Geographic external validation,Logistic regression
0.23999999999999996,0.11536959281320185,0.0528268723757446,Geographic external validation,Logistic regression
0.24999999999999994,0.10791589363017937,0.040197897340754546,Geographic external validation,Logistic regression
0.25999999999999995,0.10096274381988668,0.027227598656170082,Geographic external validation,Logistic regression
0.26999999999999996,0.09502630441965082,0.013901949322692952,Geographic external validation,Logistic regression
0.27999999999999997,0.09111523397237684,0.00020614306328597953,Geographic external validation,Logistic regression
0.29,0.08796937468969661,-0.013875460555541064,Geographic external validation,Logistic regression
0.3,0.08269281738669493,-0.0283593957063345,Geographic external validation,Logistic regression
0.31,0.08381059933854965,-0.04326315506439732,Geographic external validation,Logistic regression
0.31999999999999995,0.0829422678162174,-0.05860526028593249,Geographic external validation,Logistic regression
0.32999999999999996,0.07997120150638275,-0.07440533879766281,Geographic external validation,Logistic regression
0.33999999999999997,0.07859672794737732,-0.09068420756732437,Geographic external validation,Logistic regression
0.35,0.0796346510632225,-0.10746396460682173,Geographic external validation,Logistic regression
0.36,0.07693645640074212,-0.12476808905380332,Geographic external validation,Logistic regression
0.36999999999999994,0.07643490296551522,-0.14262155078481598,Geographic external validation,Logistic regression
0.37999999999999995,0.07002214375486268,-0.16105093063618392,Geographic external validation,Logistic regression
0.38999999999999996,0.06551294139116154,-0.1800845524498919,Geographic external validation,Logistic regression
0.39999999999999997,0.0655534941249227,-0.19975262832405677,Geographic external validation,Logistic regression
0.41,0.06204207414861168,-0.220087418634634,Geographic external validation,Logistic regression
0.41999999999999993,0.06301580193205811,-0.24112340861109316,Geographic external validation,Logistic regression
0.42999999999999994,0.05889724310776943,-0.2628975034990071,Geographic external validation,Logistic regression
0.43999999999999995,0.05764643519745561,-0.285449244632918,Geographic external validation,Logistic regression
0.44999999999999996,0.05186372069488953,-0.3088210490807892,Geographic external validation,Logistic regression
0.45999999999999996,0.050573764859479155,-0.33305847591561866,Geographic external validation,Logistic regression
0.47,0.05047782406272972,-0.3582105226310077,Geographic external validation,Logistic regression
0.4799999999999999,0.04966462109319253,-0.384329955758527,Geographic external validation,Logistic regression
0.48999999999999994,0.05029284441049147,-0.4114736803812433,Geographic external validation,Logistic regression
0.49999999999999994,0.04916512059369202,-0.43970315398886817,Geographic external validation,Logistic regression
0.02,0.26545757449547536,0.26545757449547536,Geographic external validation,Random forest
0.03,0.25788497217068646,0.25788497217068646,Geographic external validation,Random forest
0.039999999999999994,0.2501546072974644,0.2501546072974644,Geographic external validation,Random forest
0.049999999999999996,0.24226149790059565,0.24226149790059565,Geographic external validation,Random forest
0.06,0.23420045000592113,0.23420045000592113,Geographic external validation,Random forest
0.06999999999999999,0.22596604624254396,0.22596604624254396,Geographic external validation,Random forest
0.07999999999999999,0.21755263370170203,0.21755263370170203,Geographic external validation,Random forest
0.09,0.20895431099512732,0.20895431099512732,Geographic external validation,Random forest
0.09999999999999999,0.20016491445062873,0.20016491445062873,Geographic external validation,Random forest
0.10999999999999999,0.1912926559796544,0.1911780033770403,Geographic external validation,Random forest
0.11999999999999998,0.18261932872322484,0.18198684432450668,Geographic external validation,Random forest
0.12999999999999998,0.1742904058174994,0.17258439425927113,Geographic external validation,Random forest
0.13999999999999999,0.1651637399145705,0.16296328256461148,Geographic external validation,Random forest
0.14999999999999997,0.1541525701189567,0.15311579177125398,Geographic external validation,Random forest
0.15999999999999998,0.14608180934711545,0.14303383691138796,Geographic external validation,Random forest
0.16999999999999996,0.14113597246127368,0.13270894338019987,Geographic external validation,Random forest
0.17999999999999997,0.13419159237974573,0.12213222317751937,Geographic external validation,Random forest
0.18999999999999997,0.12791177076891364,0.11129434938958752,Geographic external validation,Random forest
0.19999999999999996,0.12615955473098334,0.10018552875695735,Geographic external validation,Random forest
0.20999999999999996,0.1219792865362486,0.08879547215894418,Geographic external validation,Random forest
0.21999999999999995,0.11478997193282911,0.07711336282764858,Geographic external validation,Random forest
0.22999999999999995,0.10740187456328461,0.06512782208515053,Geographic external validation,Random forest
0.23999999999999996,0.09466848940533154,0.0528268723757446,Geographic external validation,Random forest
0.24999999999999994,0.08688930117501548,0.040197897340754546,Geographic external validation,Random forest
0.25999999999999995,0.0786491500777215,0.027227598656170082,Geographic external validation,Random forest
0.26999999999999996,0.0792563600782779,0.013901949322692952,Geographic external validation,Random forest
0.27999999999999997,0.07720057720057723,0.00020614306328597953,Geographic external validation,Random forest
0.29,0.07346677467401815,-0.013875460555541064,Geographic external validation,Random forest
0.3,0.06732043466737343,-0.0283593957063345,Geographic external validation,Random forest
0.31,0.06493506493506492,-0.04326315506439732,Geographic external validation,Random forest
0.31999999999999995,0.06258867183236934,-0.05860526028593249,Geographic external validation,Random forest
0.32999999999999996,0.06375820341705203,-0.07440533879766281,Geographic external validation,Random forest
0.33999999999999997,0.06195536065665938,-0.09068420756732437,Geographic external validation,Random forest
0.35,0.05972598829741686,-0.10746396460682173,Geographic external validation,Random forest
0.36,0.05815166975881263,-0.12476808905380332,Geographic external validation,Random forest
0.36999999999999994,0.05492240186117739,-0.14262155078481598,Geographic external validation,Random forest
0.37999999999999995,0.05763361062900235,-0.16105093063618392,Geographic external validation,Random forest
0.38999999999999996,0.0554761397852733,-0.1800845524498919,Geographic external validation,Random forest
0.39999999999999997,0.05349412492269637,-0.19975262832405677,Geographic external validation,Random forest
0.41,0.056491934215905176,-0.220087418634634,Geographic external validation,Random forest
0.41999999999999993,0.058857398758876606,-0.24112340861109316,Geographic external validation,Random forest
0.42999999999999994,0.054633336588223815,-0.2628975034990071,Geographic external validation,Random forest
0.43999999999999995,0.04936390140471774,-0.285449244632918,Geographic external validation,Random forest
0.44999999999999996,0.0471411705177939,-0.3088210490807892,Geographic external validation,Random forest
0.45999999999999996,0.04442383013811586,-0.33305847591561866,Geographic external validation,Random forest
0.47,0.04256659782266252,-0.3582105226310077,Geographic external validation,Random forest
0.4799999999999999,0.04224347081489939,-0.384329955758527,Geographic external validation,Random forest
0.48999999999999994,0.04498162901524247,-0.4114736803812433,Geographic external validation,Random forest
0.49999999999999994,0.04081632653061225,-0.43970315398886817,Geographic external validation,Random forest
0.02,0.26545757449547536,0.26545757449547536,Geographic external validation,RuleFit
0.03,0.25788497217068646,0.25788497217068646,Geographic external validation,RuleFit
0.039999999999999994,0.2501546072974644,0.2501546072974644,Geographic external validation,RuleFit
0.049999999999999996,0.24226149790059565,0.24226149790059565,Geographic external validation,RuleFit
0.06,0.23420045000592113,0.23420045000592113,Geographic external validation,RuleFit
0.06999999999999999,0.22596604624254396,0.22596604624254396,Geographic external validation,RuleFit
0.07999999999999999,0.21755263370170203,0.21755263370170203,Geographic external validation,RuleFit
0.09,0.20895431099512732,0.20895431099512732,Geographic external validation,RuleFit
0.09999999999999999,0.20016491445062873,0.20016491445062873,Geographic external validation,RuleFit
0.10999999999999999,0.1911780033770403,0.1911780033770403,Geographic external validation,RuleFit
0.11999999999999998,0.18198684432450668,0.18198684432450668,Geographic external validation,RuleFit
0.12999999999999998,0.17258439425927113,0.17258439425927113,Geographic external validation,RuleFit
0.13999999999999999,0.16296328256461148,0.16296328256461148,Geographic external validation,RuleFit
0.14999999999999997,0.15311579177125398,0.15311579177125398,Geographic external validation,RuleFit
0.15999999999999998,0.14303383691138796,0.14303383691138796,Geographic external validation,RuleFit
0.16999999999999996,0.13270894338019987,0.13270894338019987,Geographic external validation,RuleFit
0.17999999999999997,0.12213222317751937,0.12213222317751937,Geographic external validation,RuleFit
0.18999999999999997,0.11129434938958752,0.11129434938958752,Geographic external validation,RuleFit
0.19999999999999996,0.10018552875695735,0.10018552875695735,Geographic external validation,RuleFit
0.20999999999999996,0.08879547215894418,0.08879547215894418,Geographic external validation,RuleFit
0.21999999999999995,0.07711336282764858,0.07711336282764858,Geographic external validation,RuleFit
0.22999999999999995,0.0878008818639617,0.06512782208515053,Geographic external validation,RuleFit
0.23999999999999996,0.09432672590567331,0.0528268723757446,Geographic external validation,RuleFit
0.24999999999999994,0.09709338280766855,0.040197897340754546,Geographic external validation,RuleFit
0.25999999999999995,0.08942987514416088,0.027227598656170082,Geographic external validation,RuleFit
0.26999999999999996,0.08511449411645106,0.013901949322692952,Geographic external validation,RuleFit
0.27999999999999997,0.08168418882704596,0.00020614306328597953,Geographic external validation,RuleFit
0.29,0.08312210927905093,-0.013875460555541064,Geographic external validation,RuleFit
0.3,0.07328385899814471,-0.0283593957063345,Geographic external validation,RuleFit
0.31,0.07599956978838966,-0.04326315506439732,Geographic external validation,RuleFit
0.31999999999999995,0.0735021281239769,-0.05860526028593249,Geographic external validation,RuleFit
0.32999999999999996,0.06780106886716697,-0.07440533879766281,Geographic external validation,RuleFit
0.33999999999999997,0.06822398380839939,-0.09068420756732437,Geographic external validation,RuleFit
0.35,0.06971599828742686,-0.10746396460682173,Geographic external validation,RuleFit
0.36,0.06905148423005567,-0.12476808905380332,Geographic external validation,RuleFit
0.36999999999999994,0.062446623671113484,-0.14262155078481598,Geographic external validation,RuleFit
0.37999999999999995,0.05984798611526724,-0.16105093063618392,Geographic external validation,RuleFit
0.38999999999999996,0.05941482405182641,-0.1800845524498919,Geographic external validation,RuleFit
0.39999999999999997,0.05349412492269637,-0.19975262832405677,Geographic external validation,RuleFit
0.41,0.05400773560579857,-0.220087418634634,Geographic external validation,RuleFit
0.41999999999999993,0.051020408163265314,-0.24112340861109316,Geographic external validation,RuleFit
0.42999999999999994,0.05150864173420565,-0.2628975034990071,Geographic external validation,RuleFit
0.43999999999999995,0.04996024383779486,-0.285449244632918,Geographic external validation,RuleFit
0.44999999999999996,0.04469556417608366,-0.3088210490807892,Geographic external validation,RuleFit
0.45999999999999996,0.0477564763279049,-0.33305847591561866,Geographic external validation,RuleFit
0.47,0.045209507473658414,-0.3582105226310077,Geographic external validation,RuleFit
0.4799999999999999,0.04559725988297418,-0.384329955758527,Geographic external validation,RuleFit
0.48999999999999994,0.041762159409218236,-0.4114736803812433,Geographic external validation,RuleFit
0.49999999999999994,0.04081632653061225,-0.43970315398886817,Geographic external validation,RuleFit
0.02,0.26545757449547536,0.26545757449547536,Geographic external validation,XGBoost
0.03,0.25788497217068646,0.25788497217068646,Geographic external validation,XGBoost
0.039999999999999994,0.2501546072974644,0.2501546072974644,Geographic external validation,XGBoost
0.049999999999999996,0.24226149790059565,0.24226149790059565,Geographic external validation,XGBoost
0.06,0.23420045000592113,0.23420045000592113,Geographic external validation,XGBoost
0.06999999999999999,0.22596604624254396,0.22596604624254396,Geographic external validation,XGBoost
0.07999999999999999,0.21755263370170203,0.21755263370170203,Geographic external validation,XGBoost
0.09,0.20895431099512732,0.20895431099512732,Geographic external validation,XGBoost
0.09999999999999999,0.20016491445062873,0.20016491445062873,Geographic external validation,XGBoost
0.10999999999999999,0.1911780033770403,0.1911780033770403,Geographic external validation,XGBoost
0.11999999999999998,0.18198684432450668,0.18198684432450668,Geographic external validation,XGBoost
0.12999999999999998,0.17258439425927113,0.17258439425927113,Geographic external validation,XGBoost
0.13999999999999999,0.16296328256461148,0.16296328256461148,Geographic external validation,XGBoost
0.14999999999999997,0.15404343555604066,0.15311579177125398,Geographic external validation,XGBoost
0.15999999999999998,0.14493329799452248,0.14303383691138796,Geographic external validation,XGBoost
0.16999999999999996,0.14046538659275326,0.13270894338019987,Geographic external validation,XGBoost
0.17999999999999997,0.13199692293768955,0.12213222317751937,Geographic external validation,XGBoost
0.18999999999999997,0.12851874756636664,0.11129434938958752,Geographic external validation,XGBoost
0.19999999999999996,0.12036178107606682,0.10018552875695735,Geographic external validation,XGBoost
0.20999999999999996,0.11751720250816096,0.08879547215894418,Geographic external validation,XGBoost
0.21999999999999995,0.10625089196517772,0.07711336282764858,Geographic external validation,XGBoost
0.22999999999999995,0.10069151627593188,0.06512782208515053,Geographic external validation,XGBoost
0.23999999999999996,0.09188555805097162,0.0528268723757446,Geographic external validation,XGBoost
0.24999999999999994,0.09029066171923318,0.040197897340754546,Geographic external validation,XGBoost
0.25999999999999995,0.0809306523592238,0.027227598656170082,Geographic external validation,XGBoost
0.26999999999999996,0.07466897095077135,0.013901949322692952,Geographic external validation,XGBoost
0.27999999999999997,0.06977942692228406,0.00020614306328597953,Geographic external validation,XGBoost
0.29,0.07310094332227128,-0.013875460555541064,Geographic external validation,XGBoost
0.3,0.07209117413199045,-0.0283593957063345,Geographic external validation,XGBoost
0.31,0.07218144174665912,-0.04326315506439732,Geographic external validation,XGBoost
0.31999999999999995,0.06433482483902654,-0.05860526028593249,Geographic external validation,XGBoost
0.32999999999999996,0.05934151136709773,-0.07440533879766281,Geographic external validation,XGBoost
0.33999999999999997,0.05310057907460507,-0.09068420756732437,Geographic external validation,XGBoost
0.35,0.04966462109319253,-0.10746396460682173,Geographic external validation,XGBoost
0.36,0.053571428571428575,-0.12476808905380332,Geographic external validation,XGBoost
0.36999999999999994,0.055938392673086576,-0.14262155078481598,Geographic external validation,XGBoost
0.37999999999999995,0.053294631635645476,-0.16105093063618392,Geographic external validation,XGBoost
0.38999999999999996,0.05079229903585877,-0.1800845524498919,Geographic external validation,XGBoost
0.39999999999999997,0.05009276437847868,-0.19975262832405677,Geographic external validation,XGBoost
0.41,0.05221533914027863,-0.220087418634634,Geographic external validation,XGBoost
0.41999999999999993,0.04858934169278998,-0.24112340861109316,Geographic external validation,XGBoost
0.42999999999999994,0.043713179051524935,-0.2628975034990071,Geographic external validation,XGBoost
0.43999999999999995,0.04313543599257886,-0.285449244632918,Geographic external validation,XGBoost
0.44999999999999996,0.040984989036937106,-0.3088210490807892,Geographic external validation,XGBoost
0.45999999999999996,0.0383426097711812,-0.33305847591561866,Geographic external validation,XGBoost
0.47,0.036598172716771106,-0.3582105226310077,Geographic external validation,XGBoost
0.4799999999999999,0.03532182103610677,-0.384329955758527,Geographic external validation,XGBoost
0.48999999999999994,0.03603259485612428,-0.4114736803812433,Geographic external validation,XGBoost
0.49999999999999994,0.03246753246753248,-0.43970315398886817,Geographic external validation,XGBoost
