dataset,repeat,fold,rank,rule_text,predicted_class,posterior_weight,support_n,support_percent,positive_rate,posterior_inclusion_probability,condition_count,source,llm_confidence
nhanes_ckd,0,1,1,IF systolic_bp >= 122 THEN high risk,1,0.0717031380403652,688,65.5862726406101,0.4113372093023256,0.05,1,quantile,
nhanes_ckd,0,1,2,IF uric_acid >= 4.3 THEN high risk,1,0.0685064974629606,852,81.22020972354623,0.3908450704225352,0.05,1,quantile,
nhanes_ckd,0,1,3,IF hdl <= 60 THEN high risk,1,0.0680038603584434,854,81.41086749285034,0.373536299765808,0.05,1,quantile,
nhanes_ckd,0,1,4,IF age >= 70 AND uric_acid >= 5.5 THEN high risk,1,0.0513684085309871,143,13.63203050524309,0.5664335664335665,0.05,2,quantile_conjunction,
nhanes_ckd,0,1,5,IF diabetes_duration >= 12 AND uric_acid >= 7 THEN high risk,1,0.0510725950816102,95,9.05624404194471,0.8,0.05,2,quantile_conjunction,
nhanes_ckd,0,1,6,IF diabetes_duration >= 12 AND systolic_bp >= 127.667 THEN high risk,1,0.0508253535828535,231,22.02097235462345,0.5670995670995671,0.05,2,quantile_conjunction,
nhanes_ckd,0,1,7,IF hba1c >= 7.6 AND uric_acid >= 4.3 THEN high risk,1,0.0507733664506542,265,25.26215443279314,0.4943396226415094,0.05,2,quantile_conjunction,
nhanes_ckd,0,1,8,IF diabetes_duration >= 10 AND uric_acid >= 7 THEN high risk,1,0.0489635343328962,125,11.916110581506196,0.68,0.05,2,quantile_conjunction,
nhanes_ckd,0,1,9,IF diabetes_duration >= 10 AND hba1c >= 7 THEN high risk,1,0.0484193799265441,327,31.17254528122021,0.4801223241590214,0.05,2,quantile_conjunction,
nhanes_ckd,0,1,10,IF age >= 61 AND diabetes_duration >= 3 THEN high risk,1,0.0469236479445178,509,48.52240228789323,0.4459724950884086,0.05,2,quantile_conjunction,
nhanes_ckd,0,1,11,IF age >= 50 AND uric_acid >= 4.9 THEN high risk,1,0.0462824111039749,581,55.38608198284079,0.4561101549053356,0.05,2,quantile_conjunction,
nhanes_ckd,0,1,12,IF age >= 61 AND hba1c >= 7.6 THEN high risk,1,0.0462511831036181,158,15.061963775023832,0.5316455696202531,0.05,2,quantile_conjunction,
nhanes_ckd,0,1,13,IF systolic_bp >= 122 AND uric_acid >= 7 THEN high risk,1,0.0458037919753897,134,12.774070543374645,0.5746268656716418,0.05,2,quantile_conjunction,
nhanes_ckd,0,1,14,IF diastolic_bp >= 80.667 AND hba1c >= 7.6 THEN high risk,1,0.045527270069361,87,8.293612964728313,0.4827586206896552,0.05,2,quantile_conjunction,
nhanes_ckd,0,1,15,IF systolic_bp >= 127.667 AND triglycerides >= 239 THEN high risk,1,0.0453684550190519,110,10.486177311725452,0.4363636363636363,0.05,2,quantile_conjunction,
nhanes_ckd,0,1,16,IF age >= 65 AND systolic_bp >= 144 THEN high risk,1,0.0444852661382125,100,9.532888465204955,0.53,0.05,2,quantile_conjunction,
nhanes_ckd,0,1,17,IF diabetes_duration >= 3 AND diastolic_bp <= 62.667 THEN high risk,1,0.0436882722872808,191,18.20781696854147,0.4450261780104712,0.05,2,quantile_conjunction,
nhanes_ckd,0,1,18,IF age >= 61 AND hba1c >= 7 THEN high risk,1,0.0435776875967667,272,25.92945662535748,0.5073529411764706,0.05,2,quantile_conjunction,
nhanes_ckd,0,1,19,IF diabetes_duration >= 7 AND systolic_bp >= 144 THEN high risk,1,0.0424197921532851,149,14.204003813155383,0.5570469798657718,0.05,2,quantile_conjunction,
nhanes_ckd,0,1,20,IF diastolic_bp >= 80.667 AND uric_acid >= 4.3 THEN high risk,1,0.040036088841226,180,17.15919923736892,0.4388888888888889,0.05,2,quantile_conjunction,
nhanes_ckd,0,2,1,IF diastolic_bp <= 63.533 THEN high risk,1,0.0775894408584109,210,20.019065776930407,0.4238095238095238,0.05,1,quantile,
nhanes_ckd,0,2,2,IF diabetes_duration >= 19.4 AND systolic_bp >= 123.6 THEN high risk,1,0.0517612324603384,148,14.108674928503335,0.5337837837837838,0.05,2,quantile_conjunction,
nhanes_ckd,0,2,3,IF diabetes_duration >= 7 AND uric_acid >= 4.9 THEN high risk,1,0.0505023115428154,475,45.28122020972354,0.4821052631578947,0.05,2,quantile_conjunction,
nhanes_ckd,0,2,4,IF age >= 66 AND uric_acid >= 6 THEN high risk,1,0.0504237116792377,173,16.491897044804578,0.6127167630057804,0.05,2,quantile_conjunction,
nhanes_ckd,0,2,5,IF systolic_bp >= 134.667 AND uric_acid >= 6.9 THEN high risk,1,0.0497363593299978,77,7.340324118207817,0.6753246753246753,0.05,2,quantile_conjunction,
nhanes_ckd,0,2,6,IF hdl <= 45 AND systolic_bp >= 134.667 THEN high risk,1,0.0495759470305443,170,16.205910390848427,0.5647058823529412,0.05,2,quantile_conjunction,
nhanes_ckd,0,2,7,IF diabetes_duration >= 10 AND systolic_bp >= 144.667 THEN high risk,1,0.0495137613941388,149,14.204003813155383,0.5570469798657718,0.05,2,quantile_conjunction,
nhanes_ckd,0,2,8,IF age >= 66 AND systolic_bp >= 128.667 THEN high risk,1,0.0495035698700874,243,23.16491897044805,0.5061728395061729,0.05,2,quantile_conjunction,
nhanes_ckd,0,2,9,IF age >= 62 AND systolic_bp >= 128.667 THEN high risk,1,0.0494131993743712,338,32.22116301239276,0.4822485207100592,0.05,2,quantile_conjunction,
nhanes_ckd,0,2,10,IF age >= 57 AND systolic_bp >= 134.667 THEN high risk,1,0.0492603299977574,299,28.503336510962825,0.5150501672240803,0.05,2,quantile_conjunction,
nhanes_ckd,0,2,11,IF hba1c >= 6.6 AND systolic_bp >= 115.333 THEN high risk,1,0.0489174966168012,563,53.67016205910391,0.458259325044405,0.05,2,quantile_conjunction,
nhanes_ckd,0,2,12,IF age >= 50 AND hba1c >= 6.1 THEN high risk,1,0.0488556087621126,719,68.54146806482365,0.4186369958275382,0.05,2,quantile_conjunction,
nhanes_ckd,0,2,13,IF hdl <= 41 AND sex <= 1 THEN high risk,1,0.047550513667528,280,26.69208770257388,0.4535714285714285,0.05,2,quantile_conjunction,
nhanes_ckd,0,2,14,IF age >= 71 AND hba1c >= 8.6 THEN high risk,1,0.0474676819169591,28,2.669208770257388,0.6071428571428571,0.05,2,quantile_conjunction,
nhanes_ckd,0,2,15,IF hdl <= 37 AND sex <= 1 THEN high risk,1,0.0474365175535434,169,16.11058150619638,0.4556213017751479,0.05,2,quantile_conjunction,
nhanes_ckd,0,2,16,IF hba1c >= 7.6 AND hdl <= 37 THEN high risk,1,0.0472755506731257,106,10.104861773117255,0.5471698113207547,0.05,2,quantile_conjunction,
nhanes_ckd,0,2,17,IF diastolic_bp >= 81.8 AND uric_acid >= 5.5 THEN high risk,1,0.0470500274626793,104,9.914204003813156,0.4711538461538461,0.05,2,quantile_conjunction,
nhanes_ckd,0,2,18,IF diastolic_bp >= 81.8 AND systolic_bp >= 115.333 THEN high risk,1,0.0464795066641924,208,19.82840800762631,0.4375,0.05,2,quantile_conjunction,
nhanes_ckd,0,2,19,IF diastolic_bp >= 81.8 AND hba1c >= 7 THEN high risk,1,0.0459598758587871,109,10.390848427073404,0.5321100917431193,0.05,2,quantile_conjunction,
nhanes_ckd,0,2,20,IF diastolic_bp >= 81.8 AND sex <= 1 THEN high risk,1,0.0457273572865711,119,11.3441372735939,0.453781512605042,0.05,2,quantile_conjunction,
nhanes_ckd,0,3,1,IF diabetes_duration >= 10 THEN high risk,1,0.0760459317659907,604,57.578646329837945,0.4155629139072848,0.05,1,quantile,
nhanes_ckd,0,3,2,IF hdl <= 58 THEN high risk,1,0.0715141255378783,846,80.64823641563393,0.3794326241134751,0.05,1,quantile,
nhanes_ckd,0,3,3,IF diabetes_duration >= 7 AND uric_acid >= 6.8 THEN high risk,1,0.0626403571534064,146,13.918017159199236,0.6164383561643836,0.05,2,quantile_conjunction,
nhanes_ckd,0,3,4,IF diabetes_duration >= 10 AND uric_acid >= 5.4 THEN high risk,1,0.0528678091041157,314,29.933269780743565,0.464968152866242,0.05,2,quantile_conjunction,
nhanes_ckd,0,3,5,IF diabetes_duration >= 7 AND uric_acid >= 4.9 THEN high risk,1,0.0515867935897791,467,44.518589132507145,0.4539614561027837,0.05,2,quantile_conjunction,
nhanes_ckd,0,3,6,IF age >= 57 AND uric_acid >= 4.9 THEN high risk,1,0.0491464950834102,505,48.14108674928504,0.4495049504950495,0.05,2,quantile_conjunction,
nhanes_ckd,0,3,7,IF bmi >= 31.8 AND hba1c >= 6.6 THEN high risk,1,0.0487274632666064,367,34.9857006673022,0.4604904632152589,0.05,2,quantile_conjunction,
nhanes_ckd,0,3,8,IF age >= 67 AND hba1c >= 8.5 THEN high risk,1,0.0481513107554695,57,5.4337464251668255,0.6666666666666666,0.05,2,quantile_conjunction,
nhanes_ckd,0,3,9,IF hba1c >= 6.1 AND uric_acid >= 5.4 THEN high risk,1,0.0478841057063697,452,43.088655862726405,0.4513274336283185,0.05,2,quantile_conjunction,
nhanes_ckd,0,3,10,IF hba1c >= 7 AND hdl <= 41 THEN high risk,1,0.047380637686108,240,22.8789323164919,0.4625,0.05,2,quantile_conjunction,
nhanes_ckd,0,3,11,IF hba1c >= 7.6 AND sex <= 1 THEN high risk,1,0.0463504383355664,193,18.398474737845564,0.5129533678756477,0.05,2,quantile_conjunction,
nhanes_ckd,0,3,12,IF age >= 50 AND hdl <= 37 THEN high risk,1,0.0461453292538081,174,16.587225929456626,0.4655172413793103,0.05,2,quantile_conjunction,
nhanes_ckd,0,3,13,IF bmi >= 34.5 AND uric_acid >= 6.1 THEN high risk,1,0.0452020590667993,158,15.061963775023832,0.4936708860759494,0.05,2,quantile_conjunction,
nhanes_ckd,0,3,14,IF hdl <= 37 AND uric_acid >= 6.1 THEN high risk,1,0.0451648045373206,92,8.77025738798856,0.5108695652173914,0.05,2,quantile_conjunction,
nhanes_ckd,0,3,15,IF age >= 57 AND bmi >= 34.5 THEN high risk,1,0.045032466657856,223,21.25834127740705,0.4798206278026906,0.05,2,quantile_conjunction,
nhanes_ckd,0,3,16,IF hdl <= 37 AND uric_acid >= 5.4 THEN high risk,1,0.0448708838206542,132,12.583412774070544,0.4772727272727273,0.05,2,quantile_conjunction,
nhanes_ckd,0,3,17,IF bmi >= 34.5 AND systolic_bp >= 134 THEN high risk,1,0.0438217792584398,128,12.202097235462343,0.5546875,0.05,2,quantile_conjunction,
nhanes_ckd,0,3,18,IF sex <= 1 AND systolic_bp >= 114.667 THEN high risk,1,0.0426483768979213,454,43.2793136320305,0.4317180616740088,0.05,2,quantile_conjunction,
nhanes_ckd,0,3,19,IF hba1c >= 6.1 AND sex <= 1 THEN high risk,1,0.0424521942210559,457,43.56530028598665,0.4288840262582057,0.05,2,quantile_conjunction,
nhanes_ckd,0,3,20,IF hba1c >= 6.1 AND hdl <= 45 THEN high risk,1,0.0423666383014436,448,42.707340324118206,0.4308035714285714,0.05,2,quantile_conjunction,
nhanes_ckd,0,4,1,IF age >= 50 THEN high risk,1,0.0698535531995994,844,80.45757864632984,0.3992890995260663,0.05,1,quantile,
nhanes_ckd,0,4,2,IF sex <= 1 THEN high risk,1,0.0692209241111458,564,53.76549094375596,0.400709219858156,0.05,1,quantile,
nhanes_ckd,0,4,3,IF total_cholesterol <= 173 THEN high risk,1,0.0689468597474115,536,51.09628217349857,0.3936567164179104,0.05,1,quantile,
nhanes_ckd,0,4,4,IF bmi >= 29.1 THEN high risk,1,0.0681512340751904,683,65.10962821734985,0.404099560761347,0.05,1,quantile,
nhanes_ckd,0,4,5,IF bmi >= 31.7 THEN high risk,1,0.0679357227880889,540,51.47759771210677,0.4277777777777777,0.05,1,quantile,
nhanes_ckd,0,4,6,IF diastolic_bp <= 62.667 AND uric_acid >= 6.9 THEN high risk,1,0.0450805575497999,54,5.147759771210677,0.6666666666666666,0.05,2,quantile_conjunction,
nhanes_ckd,0,4,7,IF age >= 61 AND hba1c >= 6.6 THEN high risk,1,0.0449420417782967,370,35.27168732125834,0.4513513513513513,0.05,2,quantile_conjunction,
nhanes_ckd,0,4,8,IF hba1c >= 8.7 AND systolic_bp >= 134 THEN high risk,1,0.0446237405742783,72,6.863679694947569,0.6944444444444444,0.05,2,quantile_conjunction,
nhanes_ckd,0,4,9,IF hdl <= 45 AND systolic_bp >= 122 THEN high risk,1,0.044591028406178,338,32.22116301239276,0.4615384615384615,0.05,2,quantile_conjunction,
nhanes_ckd,0,4,10,IF age >= 70 AND diabetes_duration >= 10 THEN high risk,1,0.0445771211397928,153,14.585319351763584,0.4967320261437908,0.05,2,quantile_conjunction,
nhanes_ckd,0,4,11,IF age >= 65 AND bmi >= 29.1 THEN high risk,1,0.0436612934310483,240,22.8789323164919,0.5375,0.05,2,quantile_conjunction,
nhanes_ckd,0,4,12,IF bmi >= 31.7 AND systolic_bp >= 128.333 THEN high risk,1,0.0435474902357859,279,26.596758817921828,0.5197132616487455,0.05,2,quantile_conjunction,
nhanes_ckd,0,4,13,IF hba1c >= 7.1 AND hdl <= 45 THEN high risk,1,0.0435102074385858,296,28.217349857006678,0.4695945945945945,0.05,2,quantile_conjunction,
nhanes_ckd,0,4,14,IF diabetes_duration >= 10 AND hba1c >= 8.7 THEN high risk,1,0.0434579191115208,132,12.583412774070544,0.5681818181818182,0.05,2,quantile_conjunction,
nhanes_ckd,0,4,15,IF hba1c >= 6.1 AND systolic_bp >= 134 THEN high risk,1,0.0434526853018266,311,29.64728312678741,0.5112540192926045,0.05,2,quantile_conjunction,
nhanes_ckd,0,4,16,IF diabetes_duration >= 7 AND diastolic_bp <= 62.667 THEN high risk,1,0.0434379947391516,175,16.682554814108673,0.4628571428571428,0.05,2,quantile_conjunction,
nhanes_ckd,0,4,17,IF diabetes_duration >= 13 AND hdl <= 51 THEN high risk,1,0.0431319478890228,253,24.118207816968543,0.525691699604743,0.05,2,quantile_conjunction,
nhanes_ckd,0,4,18,IF hba1c >= 8.7 AND systolic_bp >= 144 THEN high risk,1,0.0426701905878652,43,4.099142040038132,0.7209302325581395,0.05,2,quantile_conjunction,
nhanes_ckd,0,4,19,IF hba1c >= 6.1 AND uric_acid >= 4.9 THEN high risk,1,0.0426650192833484,569,54.24213536701621,0.4411247803163444,0.05,2,quantile_conjunction,
nhanes_ckd,0,4,20,IF diabetes_duration >= 4 AND hba1c >= 6.1 THEN high risk,1,0.042542468612062,707,67.39752144899904,0.4186704384724187,0.05,2,quantile_conjunction,
nhanes_ckd,0,5,1,IF uric_acid >= 6.1 THEN high risk,1,0.0787573337802661,373,35.557673975214485,0.485254691689008,0.05,1,quantile,
nhanes_ckd,0,5,2,IF uric_acid >= 5.5 THEN high risk,1,0.0770093942359908,525,50.04766444232602,0.4342857142857143,0.05,1,quantile,
nhanes_ckd,0,5,3,IF hdl <= 37 THEN high risk,1,0.0721953527847804,221,21.06768350810296,0.4343891402714932,0.05,1,quantile,
nhanes_ckd,0,5,4,IF age >= 66 AND hba1c >= 6.1 THEN high risk,1,0.0479497053243983,319,30.40991420400381,0.4764890282131661,0.05,2,quantile_conjunction,
nhanes_ckd,0,5,5,IF systolic_bp >= 122.933 AND uric_acid >= 5.5 THEN high risk,1,0.0471724238691273,332,31.649189704480456,0.4819277108433735,0.05,2,quantile_conjunction,
nhanes_ckd,0,5,6,IF diabetes_duration >= 13 AND systolic_bp >= 144.667 THEN high risk,1,0.0468187680326735,90,8.57959961868446,0.6222222222222222,0.05,2,quantile_conjunction,
nhanes_ckd,0,5,7,IF age >= 70 AND hba1c >= 7 THEN high risk,1,0.0466683073456061,107,10.200190657769303,0.5981308411214953,0.05,2,quantile_conjunction,
nhanes_ckd,0,5,8,IF age >= 62 AND uric_acid >= 4.3 THEN high risk,1,0.0463681052675539,439,41.84938036224976,0.4533029612756264,0.05,2,quantile_conjunction,
nhanes_ckd,0,5,9,IF bmi >= 31.7 AND systolic_bp >= 122.933 THEN high risk,1,0.0463214736114645,339,32.316491897044806,0.4601769911504424,0.05,2,quantile_conjunction,
nhanes_ckd,0,5,10,IF diastolic_bp >= 75 AND uric_acid >= 6.1 THEN high risk,1,0.0454488707891456,140,13.34604385128694,0.5,0.05,2,quantile_conjunction,
nhanes_ckd,0,5,11,IF diastolic_bp >= 75 AND uric_acid >= 4.8 THEN high risk,1,0.0451533570462718,244,23.260247855100094,0.4467213114754098,0.05,2,quantile_conjunction,
nhanes_ckd,0,5,12,IF bmi >= 31.7 AND uric_acid >= 4.3 THEN high risk,1,0.0449918803624521,451,42.99332697807436,0.4212860310421286,0.05,2,quantile_conjunction,
nhanes_ckd,0,5,13,IF diastolic_bp >= 81.133 AND systolic_bp >= 135 THEN high risk,1,0.044975079291645,131,12.488083889418494,0.4961832061068702,0.05,2,quantile_conjunction,
nhanes_ckd,0,5,14,IF hba1c >= 7.6 AND systolic_bp >= 128.667 THEN high risk,1,0.0449750143478893,204,19.447092469018116,0.5490196078431373,0.05,2,quantile_conjunction,
nhanes_ckd,0,5,15,IF age >= 66 AND hba1c >= 7.6 THEN high risk,1,0.0448963877905657,115,10.9628217349857,0.6173913043478261,0.05,2,quantile_conjunction,
nhanes_ckd,0,5,16,IF diastolic_bp >= 81.133 AND uric_acid >= 6.8 THEN high risk,1,0.0447170826662848,48,4.575786463298379,0.5625,0.05,2,quantile_conjunction,
nhanes_ckd,0,5,17,IF diastolic_bp >= 75 AND hdl <= 37 THEN high risk,1,0.0441631969555827,84,8.007626310772164,0.4523809523809524,0.05,2,quantile_conjunction,
nhanes_ckd,0,5,18,IF hdl <= 41 AND uric_acid >= 4.3 THEN high risk,1,0.044023974169735,338,32.22116301239276,0.4230769230769231,0.05,2,quantile_conjunction,
nhanes_ckd,0,5,19,IF diabetes_duration >= 7 AND triglycerides >= 236.4 THEN high risk,1,0.0439262030183561,131,12.488083889418494,0.4961832061068702,0.05,2,quantile_conjunction,
nhanes_ckd,0,5,20,IF age >= 50 AND hba1c >= 7 THEN high risk,1,0.0434680893102102,437,41.65872259294567,0.482837528604119,0.05,2,quantile_conjunction,
nhanes_ckd,1,1,1,IF systolic_bp >= 127.667 THEN high risk,1,0.0728329948172904,562,53.57483317445186,0.4306049822064057,0.05,1,quantile,
nhanes_ckd,1,1,2,IF sex <= 1 THEN high risk,1,0.0695011322589032,566,53.95614871306006,0.3851590106007067,0.05,1,quantile,
nhanes_ckd,1,1,3,IF hdl <= 47 THEN high risk,1,0.0690128078996887,550,52.43088655862727,0.3709090909090909,0.05,1,quantile,
nhanes_ckd,1,1,4,IF total_cholesterol <= 210 THEN high risk,1,0.0688306538126837,842,80.26692087702574,0.3800475059382422,0.05,1,quantile,
nhanes_ckd,1,1,5,IF triglycerides <= 143 THEN high risk,1,0.0686874316314222,526,50.14299332697807,0.3745247148288973,0.05,1,quantile,
nhanes_ckd,1,1,6,IF hba1c >= 6.6 AND uric_acid >= 7 THEN high risk,1,0.0458266201763101,133,12.678741658722592,0.631578947368421,0.05,2,quantile_conjunction,
nhanes_ckd,1,1,7,IF hba1c >= 7 AND systolic_bp >= 143.467 THEN high risk,1,0.0455449894637999,107,10.200190657769303,0.5887850467289719,0.05,2,quantile_conjunction,
nhanes_ckd,1,1,8,IF age >= 50 AND systolic_bp >= 127.667 THEN high risk,1,0.0453858134109674,497,47.37845567206864,0.4446680080482897,0.05,2,quantile_conjunction,
nhanes_ckd,1,1,9,IF age >= 66 AND diabetes_duration >= 7 THEN high risk,1,0.0448545125103792,301,28.69399428026692,0.5149501661129569,0.05,2,quantile_conjunction,
nhanes_ckd,1,1,10,IF systolic_bp >= 127.667 AND uric_acid >= 7 THEN high risk,1,0.0443735713011765,101,9.628217349857009,0.6138613861386139,0.05,2,quantile_conjunction,
nhanes_ckd,1,1,11,IF age >= 70 AND uric_acid >= 7 THEN high risk,1,0.0440844829768563,57,5.4337464251668255,0.7192982456140351,0.05,2,quantile_conjunction,
nhanes_ckd,1,1,12,IF age >= 62 AND diabetes_duration >= 4 THEN high risk,1,0.0440120187762473,484,46.139180171592,0.4524793388429752,0.05,2,quantile_conjunction,
nhanes_ckd,1,1,13,IF hba1c >= 7.62 AND uric_acid >= 7 THEN high risk,1,0.0435765825372554,56,5.338417540514776,0.7857142857142857,0.05,2,quantile_conjunction,
nhanes_ckd,1,1,14,IF diastolic_bp <= 63.333 AND uric_acid >= 5.6 THEN high risk,1,0.0434290069175422,117,11.1534795042898,0.5811965811965812,0.05,2,quantile_conjunction,
nhanes_ckd,1,1,15,IF diabetes_duration >= 4 AND systolic_bp >= 122 THEN high risk,1,0.0432508254596182,577,55.0047664442326,0.4298093587521663,0.05,2,quantile_conjunction,
nhanes_ckd,1,1,16,IF age >= 50 AND bmi >= 31.5 THEN high risk,1,0.0418730503128775,415,39.56148713060057,0.4433734939759036,0.05,2,quantile_conjunction,
nhanes_ckd,1,1,17,IF bmi >= 38.04 AND systolic_bp >= 134 THEN high risk,1,0.0417957910483676,65,6.196377502383222,0.5846153846153846,0.05,2,quantile_conjunction,
nhanes_ckd,1,1,18,IF diastolic_bp >= 81 AND hba1c >= 7.62 THEN high risk,1,0.0417041513446521,82,7.816968541468065,0.524390243902439,0.05,2,quantile_conjunction,
nhanes_ckd,1,1,19,IF bmi >= 31.5 AND diabetes_duration >= 4 THEN high risk,1,0.0408987071818448,414,39.46615824594852,0.4396135265700483,0.05,2,quantile_conjunction,
nhanes_ckd,1,1,20,IF bmi >= 34.4 AND diabetes_duration >= 10 THEN high risk,1,0.0405248561621164,201,19.16110581506196,0.4875621890547263,0.05,2,quantile_conjunction,
nhanes_ckd,1,2,1,IF systolic_bp >= 122.667 THEN high risk,1,0.0761253435494884,686,65.39561487130601,0.4227405247813411,0.05,1,quantile,
nhanes_ckd,1,2,2,IF bmi >= 34.8 THEN high risk,1,0.0754033199999664,370,35.27168732125834,0.4216216216216216,0.05,1,quantile,
nhanes_ckd,1,2,3,IF bmi >= 29.4 THEN high risk,1,0.0749217031321877,688,65.5862726406101,0.4127906976744186,0.05,1,quantile,
nhanes_ckd,1,2,4,IF age >= 62 AND diabetes_duration >= 10 THEN high risk,1,0.0489349319526122,355,33.841754051477594,0.4929577464788732,0.05,2,quantile_conjunction,
nhanes_ckd,1,2,5,IF systolic_bp >= 122.667 AND uric_acid >= 6.1 THEN high risk,1,0.0487277599367929,239,22.783603431839847,0.5313807531380753,0.05,2,quantile_conjunction,
nhanes_ckd,1,2,6,IF bmi >= 34.8 AND hba1c >= 8.6 THEN high risk,1,0.0486499602779008,75,7.149666348903717,0.5466666666666666,0.05,2,quantile_conjunction,
nhanes_ckd,1,2,7,IF bmi >= 29.4 AND hba1c >= 7.6 THEN high risk,1,0.0481414801348506,256,24.40419447092469,0.53515625,0.05,2,quantile_conjunction,
nhanes_ckd,1,2,8,IF bmi >= 29.4 AND diabetes_duration >= 13 THEN high risk,1,0.0478101388936303,253,24.118207816968543,0.5454545454545454,0.05,2,quantile_conjunction,
nhanes_ckd,1,2,9,IF diabetes_duration >= 10 AND hba1c >= 6.6 THEN high risk,1,0.0476560541685119,408,38.89418493803623,0.4877450980392157,0.05,2,quantile_conjunction,
nhanes_ckd,1,2,10,IF age >= 56 AND hdl <= 41 THEN high risk,1,0.0473602742555171,255,24.30886558627264,0.4627450980392157,0.05,2,quantile_conjunction,
nhanes_ckd,1,2,11,IF diabetes_duration >= 10 AND hba1c >= 7 THEN high risk,1,0.0470252160100296,331,31.553860819828405,0.5226586102719033,0.05,2,quantile_conjunction,
nhanes_ckd,1,2,12,IF age >= 56 AND bmi >= 34.8 THEN high risk,1,0.0468256305645346,219,20.877025738798856,0.4794520547945205,0.05,2,quantile_conjunction,
nhanes_ckd,1,2,13,IF hba1c >= 6.1 AND systolic_bp >= 122.667 THEN high risk,1,0.0463356791956011,567,54.05147759771211,0.4409171075837742,0.05,2,quantile_conjunction,
nhanes_ckd,1,2,14,IF hba1c >= 6.6 AND hdl <= 41 THEN high risk,1,0.0463104525919091,285,27.16873212583413,0.4596491228070175,0.05,2,quantile_conjunction,
nhanes_ckd,1,2,15,IF age >= 70 AND bmi >= 38.5 THEN high risk,1,0.0446569777744175,29,2.7645376549094376,0.6206896551724138,0.05,2,quantile_conjunction,
nhanes_ckd,1,2,16,IF bmi >= 32 AND hdl <= 41 THEN high risk,1,0.0441014622207674,220,20.972354623450904,0.4590909090909091,0.05,2,quantile_conjunction,
nhanes_ckd,1,2,17,IF diabetes_duration >= 19 AND hba1c >= 6.6 THEN high risk,1,0.044071423553501,158,15.061963775023832,0.5822784810126582,0.05,2,quantile_conjunction,
nhanes_ckd,1,2,18,IF diabetes_duration >= 19 AND hdl <= 41 THEN high risk,1,0.0412002162043036,78,7.435653002859867,0.6410256410256411,0.05,2,quantile_conjunction,
nhanes_ckd,1,2,19,IF bmi >= 29.4 AND diabetes_duration >= 19 THEN high risk,1,0.0411234950867164,133,12.678741658722592,0.6541353383458647,0.05,2,quantile_conjunction,
nhanes_ckd,1,2,20,IF diabetes_duration >= 19 AND uric_acid >= 6.9 THEN high risk,1,0.0346184804967605,51,4.861773117254528,0.9215686274509804,0.05,2,quantile_conjunction,
nhanes_ckd,1,3,1,IF age >= 66 THEN high risk,1,0.0716138632797449,386,36.79694947569113,0.4922279792746113,0.05,1,quantile,
nhanes_ckd,1,3,2,IF hdl <= 41 THEN high risk,1,0.0652514190312264,377,35.93898951382269,0.4190981432360742,0.05,1,quantile,
nhanes_ckd,1,3,3,IF bmi >= 34.7 THEN high risk,1,0.0640792297827007,370,35.27168732125834,0.3837837837837838,0.05,1,quantile,
nhanes_ckd,1,3,4,IF sex <= 1 THEN high risk,1,0.0640562219346006,557,53.098188751191614,0.3859964093357271,0.05,1,quantile,
nhanes_ckd,1,3,5,IF hdl <= 58 THEN high risk,1,0.0636674124522816,847,80.743565300286,0.3754427390791027,0.05,1,quantile,
nhanes_ckd,1,3,6,IF triglycerides <= 91 THEN high risk,1,0.0629400315942885,218,20.781696854146805,0.3761467889908257,0.05,1,quantile,
nhanes_ckd,1,3,7,IF diabetes_duration >= 14 AND uric_acid >= 6.8 THEN high risk,1,0.0544374675622126,83,7.912297426120114,0.7469879518072289,0.05,2,quantile_conjunction,
nhanes_ckd,1,3,8,IF diabetes_duration >= 14 AND systolic_bp >= 128.667 THEN high risk,1,0.046635379026847,221,21.06768350810296,0.5565610859728507,0.05,2,quantile_conjunction,
nhanes_ckd,1,3,9,IF age >= 66 AND hba1c >= 7.7 THEN high risk,1,0.0449711713939451,114,10.867492850333653,0.6403508771929824,0.05,2,quantile_conjunction,
nhanes_ckd,1,3,10,IF age >= 57 AND diabetes_duration >= 19 THEN high risk,1,0.0448980160313721,184,17.54051477597712,0.5652173913043478,0.05,2,quantile_conjunction,
nhanes_ckd,1,3,11,IF hba1c >= 7 AND uric_acid >= 6.8 THEN high risk,1,0.0448590268061213,105,10.009532888465204,0.6476190476190476,0.05,2,quantile_conjunction,
nhanes_ckd,1,3,12,IF diabetes_duration >= 14 AND hba1c >= 7 THEN high risk,1,0.0446701662796169,226,21.544327931363203,0.5,0.05,2,quantile_conjunction,
nhanes_ckd,1,3,13,IF systolic_bp >= 128.667 AND uric_acid >= 4.88 THEN high risk,1,0.0442400779007766,374,35.65300285986654,0.4866310160427807,0.05,2,quantile_conjunction,
nhanes_ckd,1,3,14,IF age >= 62 AND hdl <= 46 THEN high risk,1,0.0421197701074588,254,24.21353670162059,0.5118110236220472,0.05,2,quantile_conjunction,
nhanes_ckd,1,3,15,IF age >= 57 AND systolic_bp >= 128.667 THEN high risk,1,0.0417411677771498,419,39.94280266920877,0.4964200477326969,0.05,2,quantile_conjunction,
nhanes_ckd,1,3,16,IF age >= 70 AND diastolic_bp >= 80.667 THEN high risk,1,0.0405576904812793,27,2.573879885605338,0.6296296296296297,0.05,2,quantile_conjunction,
nhanes_ckd,1,3,17,IF hdl <= 37 AND systolic_bp >= 123 THEN high risk,1,0.0403537939367955,137,13.06005719733079,0.4963503649635036,0.05,2,quantile_conjunction,
nhanes_ckd,1,3,18,IF systolic_bp >= 143.333 AND triglycerides >= 229.2 THEN high risk,1,0.0400815645416045,41,3.9084842707340326,0.5609756097560976,0.05,2,quantile_conjunction,
nhanes_ckd,1,3,19,IF hba1c >= 7 AND systolic_bp >= 115 THEN high risk,1,0.0397729504564966,443,42.23069590085796,0.4582392776523702,0.05,2,quantile_conjunction,
nhanes_ckd,1,3,20,IF hdl <= 37 AND systolic_bp >= 134.667 THEN high risk,1,0.0390535796234803,68,6.48236415633937,0.6029411764705882,0.05,2,quantile_conjunction,
nhanes_ckd,1,4,1,IF diabetes_duration >= 13 THEN high risk,1,0.0728078608271551,401,38.22688274547188,0.4588528678304239,0.05,1,quantile,
nhanes_ckd,1,4,2,IF uric_acid >= 6.1 THEN high risk,1,0.0726887900546703,383,36.510962821734985,0.464751958224543,0.05,1,quantile,
nhanes_ckd,1,4,3,IF hba1c >= 7.6 THEN high risk,1,0.0718618876280739,370,35.27168732125834,0.4891891891891892,0.05,1,quantile,
nhanes_ckd,1,4,4,IF sex <= 1 THEN high risk,1,0.0702969079193495,568,54.14680648236415,0.3785211267605634,0.05,1,quantile,
nhanes_ckd,1,4,5,IF hdl <= 52 THEN high risk,1,0.0698738710057485,703,67.01620591039085,0.3826458036984352,0.05,1,quantile,
nhanes_ckd,1,4,6,IF diabetes_duration >= 10 AND uric_acid >= 6.1 THEN high risk,1,0.0467126335327511,234,22.3069590085796,0.5299145299145299,0.05,2,quantile_conjunction,
nhanes_ckd,1,4,7,IF age >= 57 AND diabetes_duration >= 8 THEN high risk,1,0.0440175488761811,505,48.14108674928504,0.4633663366336634,0.05,2,quantile_conjunction,
nhanes_ckd,1,4,8,IF systolic_bp >= 134 AND triglycerides >= 180 THEN high risk,1,0.043899433706892,138,13.15538608198284,0.5144927536231884,0.05,2,quantile_conjunction,
nhanes_ckd,1,4,9,IF diabetes_duration >= 10 AND triglycerides >= 240 THEN high risk,1,0.0430935760635466,112,10.676835081029552,0.4642857142857143,0.05,2,quantile_conjunction,
nhanes_ckd,1,4,10,IF hba1c >= 6.5 AND systolic_bp >= 128 THEN high risk,1,0.043061133935926,394,37.559580552907526,0.5,0.05,2,quantile_conjunction,
nhanes_ckd,1,4,11,IF hba1c >= 7 AND systolic_bp >= 114.667 THEN high risk,1,0.0429172920940541,421,40.13346043851287,0.4845605700712589,0.05,2,quantile_conjunction,
nhanes_ckd,1,4,12,IF age >= 51 AND diastolic_bp <= 62.667 THEN high risk,1,0.0425306185715456,190,18.11248808388942,0.4526315789473684,0.05,2,quantile_conjunction,
nhanes_ckd,1,4,13,IF age >= 62 AND hba1c >= 6.1 THEN high risk,1,0.042453629204231,463,44.13727359389895,0.4600431965442764,0.05,2,quantile_conjunction,
nhanes_ckd,1,4,14,IF diabetes_duration >= 8 AND systolic_bp >= 134 THEN high risk,1,0.0423847904521158,261,24.880838894184937,0.5440613026819924,0.05,2,quantile_conjunction,
nhanes_ckd,1,4,15,IF age >= 71 AND hba1c >= 8.6 THEN high risk,1,0.0423836877139925,29,2.7645376549094376,0.5862068965517241,0.05,2,quantile_conjunction,
nhanes_ckd,1,4,16,IF age >= 51 AND triglycerides >= 180 THEN high risk,1,0.0423151279493972,292,27.83603431839847,0.4178082191780822,0.05,2,quantile_conjunction,
nhanes_ckd,1,4,17,IF age >= 71 AND systolic_bp >= 123 THEN high risk,1,0.0421535211608057,163,15.53860819828408,0.5460122699386503,0.05,2,quantile_conjunction,
nhanes_ckd,1,4,18,IF age >= 66 AND triglycerides >= 240 THEN high risk,1,0.0416225434069552,66,6.291706387035272,0.4848484848484848,0.05,2,quantile_conjunction,
nhanes_ckd,1,4,19,IF age >= 62 AND systolic_bp >= 123 THEN high risk,1,0.0415285598725226,395,37.65490943755958,0.4810126582278481,0.05,2,quantile_conjunction,
nhanes_ckd,1,4,20,IF age >= 71 AND hba1c >= 6.5 THEN high risk,1,0.0413965860240854,147,14.013346043851287,0.54421768707483,0.05,2,quantile_conjunction,
nhanes_ckd,1,5,1,IF age >= 66 THEN high risk,1,0.0677617841111463,369,35.17635843660629,0.4850948509485094,0.05,1,quantile,
nhanes_ckd,1,5,2,IF hba1c >= 6.6 THEN high risk,1,0.0654240172353022,690,65.7769304099142,0.4217391304347826,0.05,1,quantile,
nhanes_ckd,1,5,3,IF total_cholesterol <= 212 THEN high risk,1,0.0587738535536554,848,80.83889418493804,0.3785377358490566,0.05,1,quantile,
nhanes_ckd,1,5,4,IF total_cholesterol <= 188.2 THEN high risk,1,0.0581567547750397,682,65.01429933269782,0.3944281524926686,0.05,1,quantile,
nhanes_ckd,1,5,5,IF hdl <= 59 THEN high risk,1,0.0580279257349567,841,80.17159199237369,0.3912009512485137,0.05,1,quantile,
nhanes_ckd,1,5,6,IF hdl <= 41 THEN high risk,1,0.0572861508756794,399,38.03622497616777,0.4110275689223057,0.05,1,quantile,
nhanes_ckd,1,5,7,IF hba1c >= 7 AND uric_acid >= 6.84 THEN high risk,1,0.0565589284311413,96,9.151572926596758,0.6875,0.05,2,quantile_conjunction,
nhanes_ckd,1,5,8,IF diabetes_duration >= 13.2 AND hba1c >= 6.1 THEN high risk,1,0.0552676174006247,315,30.028598665395617,0.5047619047619047,0.05,2,quantile_conjunction,
nhanes_ckd,1,5,9,IF diabetes_duration >= 11 AND hba1c >= 7 THEN high risk,1,0.0512670762427483,313,29.837940896091517,0.4984025559105431,0.05,2,quantile_conjunction,
nhanes_ckd,1,5,10,IF hba1c >= 7 AND uric_acid >= 6.1 THEN high risk,1,0.0511319198962269,184,17.54051477597712,0.5760869565217391,0.05,2,quantile_conjunction,
nhanes_ckd,1,5,11,IF age >= 49.6 AND hba1c >= 7 THEN high risk,1,0.0463748451768711,436,41.56339370829361,0.4977064220183486,0.05,2,quantile_conjunction,
nhanes_ckd,1,5,12,IF hba1c >= 8.5 AND hdl <= 46 THEN high risk,1,0.0458204140434915,138,13.15538608198284,0.5289855072463768,0.05,2,quantile_conjunction,
nhanes_ckd,1,5,13,IF diabetes_duration >= 8 AND uric_acid >= 4.3 THEN high risk,1,0.0451225425735648,554,52.81220209723546,0.4314079422382672,0.05,2,quantile_conjunction,
nhanes_ckd,1,5,14,IF age >= 62 AND hba1c >= 6.6 THEN high risk,1,0.0445969870831765,347,33.0791229742612,0.4927953890489913,0.05,2,quantile_conjunction,
nhanes_ckd,1,5,15,IF diabetes_duration >= 11 AND systolic_bp >= 128 THEN high risk,1,0.0431727557816615,313,29.837940896091517,0.4888178913738019,0.05,2,quantile_conjunction,
nhanes_ckd,1,5,16,IF diabetes_duration >= 8 AND systolic_bp >= 122.667 THEN high risk,1,0.0429139222031844,459,43.75595805529076,0.4422657952069717,0.05,2,quantile_conjunction,
nhanes_ckd,1,5,17,IF hba1c >= 6.6 AND uric_acid >= 4.3 THEN high risk,1,0.0395211160659469,552,52.62154432793136,0.4528985507246377,0.05,2,quantile_conjunction,
nhanes_ckd,1,5,18,IF age >= 66 AND systolic_bp >= 128 THEN high risk,1,0.0381237411578333,231,22.02097235462345,0.5151515151515151,0.05,2,quantile_conjunction,
nhanes_ckd,1,5,19,IF age >= 49.6 AND systolic_bp >= 122.667 THEN high risk,1,0.0379564833331234,582,55.481410867492855,0.4415807560137457,0.05,2,quantile_conjunction,
nhanes_ckd,1,5,20,IF hdl <= 46 AND triglycerides >= 238 THEN high risk,1,0.0367411643246249,172,16.396568160152526,0.4534883720930232,0.05,2,quantile_conjunction,
nhanes_ckd,2,1,1,IF age >= 70 THEN high risk,1,0.0759516960288533,233,22.21163012392755,0.4763948497854077,0.05,1,quantile,
nhanes_ckd,2,1,2,IF diastolic_bp <= 63.333 THEN high risk,1,0.0735338765454547,214,20.400381315538606,0.4252336448598131,0.05,1,quantile,
nhanes_ckd,2,1,3,IF diastolic_bp >= 68.667 THEN high risk,1,0.0716314232560998,695,66.25357483317445,0.3712230215827338,0.05,1,quantile,
nhanes_ckd,2,1,4,IF hba1c >= 8.6 AND systolic_bp >= 128.667 THEN high risk,1,0.0480287015154828,118,11.24880838894185,0.6440677966101694,0.05,2,quantile_conjunction,
nhanes_ckd,2,1,5,IF bmi >= 31.7 AND systolic_bp >= 128.667 THEN high risk,1,0.0477032184630598,277,26.40610104861773,0.5018050541516246,0.05,2,quantile_conjunction,
nhanes_ckd,2,1,6,IF diabetes_duration >= 13 AND hba1c >= 6.9 THEN high risk,1,0.0471669801877131,246,23.450905624404196,0.540650406504065,0.05,2,quantile_conjunction,
nhanes_ckd,2,1,7,IF age >= 62 AND uric_acid >= 6.2 THEN high risk,1,0.0466889663555107,220,20.972354623450904,0.5681818181818182,0.05,2,quantile_conjunction,
nhanes_ckd,2,1,8,IF age >= 66 AND bmi >= 31.7 THEN high risk,1,0.0465762879982535,164,15.63393708293613,0.5426829268292683,0.05,2,quantile_conjunction,
nhanes_ckd,2,1,9,IF diabetes_duration >= 7 AND systolic_bp >= 123.333 THEN high risk,1,0.0465043072297439,478,45.567206863679694,0.4707112970711297,0.05,2,quantile_conjunction,
nhanes_ckd,2,1,10,IF diabetes_duration >= 7 AND hba1c >= 8.6 THEN high risk,1,0.0464473710268853,154,14.680648236415632,0.551948051948052,0.05,2,quantile_conjunction,
nhanes_ckd,2,1,11,IF diabetes_duration >= 19 AND systolic_bp >= 123.333 THEN high risk,1,0.0463958132665439,160,15.252621544327932,0.575,0.05,2,quantile_conjunction,
nhanes_ckd,2,1,12,IF hdl <= 41 AND uric_acid >= 6.9 THEN high risk,1,0.0463747944912198,102,9.723546234509056,0.6078431372549019,0.05,2,quantile_conjunction,
nhanes_ckd,2,1,13,IF hba1c >= 7.6 AND systolic_bp >= 144.667 THEN high risk,1,0.0453402979308157,81,7.721639656816015,0.6790123456790124,0.05,2,quantile_conjunction,
nhanes_ckd,2,1,14,IF hba1c >= 6.1 AND uric_acid >= 5 THEN high risk,1,0.0453375961494533,550,52.43088655862727,0.4654545454545454,0.05,2,quantile_conjunction,
nhanes_ckd,2,1,15,IF age >= 70 AND hdl <= 37 THEN high risk,1,0.0452553799485771,41,3.9084842707340326,0.5121951219512195,0.05,2,quantile_conjunction,
nhanes_ckd,2,1,16,IF age >= 62 AND diabetes_duration >= 19 THEN high risk,1,0.0452012316086703,158,15.061963775023832,0.5632911392405063,0.05,2,quantile_conjunction,
nhanes_ckd,2,1,17,IF diastolic_bp <= 63.333 AND hba1c >= 6.1 THEN high risk,1,0.0449346180990932,177,16.873212583412776,0.4350282485875706,0.05,2,quantile_conjunction,
nhanes_ckd,2,1,18,IF age >= 57 AND hdl <= 46 THEN high risk,1,0.0446779589257679,343,32.697807435653004,0.4577259475218659,0.05,2,quantile_conjunction,
nhanes_ckd,2,1,19,IF bmi >= 31.7 AND hdl <= 37 THEN high risk,1,0.0432879385458683,131,12.488083889418494,0.4885496183206106,0.05,2,quantile_conjunction,
nhanes_ckd,2,1,20,IF diastolic_bp >= 81 AND hdl <= 37 THEN high risk,1,0.0429615424269328,42,4.003813155386082,0.5476190476190477,0.05,2,quantile_conjunction,
nhanes_ckd,2,2,1,IF diabetes_duration >= 13 THEN high risk,1,0.0770089436386777,387,36.892278360343184,0.4651162790697674,0.05,1,quantile,
nhanes_ckd,2,2,2,IF hba1c >= 7 THEN high risk,1,0.0736095101676375,545,51.95424213536701,0.436697247706422,0.05,1,quantile,
nhanes_ckd,2,2,3,IF hba1c >= 8.6 THEN high risk,1,0.0720703691815823,217,20.68636796949476,0.4746543778801843,0.05,1,quantile,
nhanes_ckd,2,2,4,IF systolic_bp >= 122.667 THEN high risk,1,0.0679850739710816,689,65.68160152526215,0.4194484760522496,0.05,1,quantile,
nhanes_ckd,2,2,5,IF sex <= 1 THEN high risk,1,0.063671684128372,560,53.38417540514776,0.4053571428571428,0.05,1,quantile,
nhanes_ckd,2,2,6,IF systolic_bp >= 134 AND uric_acid >= 5 THEN high risk,1,0.0522917833992599,239,22.783603431839847,0.5188284518828452,0.05,2,quantile_conjunction,
nhanes_ckd,2,2,7,IF diabetes_duration >= 13 AND hba1c >= 6.1 THEN high risk,1,0.0484860942188807,334,31.839847473784555,0.4880239520958084,0.05,2,quantile_conjunction,
nhanes_ckd,2,2,8,IF age >= 61 AND diabetes_duration >= 19 THEN high risk,1,0.0471118759850616,149,14.204003813155383,0.5436241610738255,0.05,2,quantile_conjunction,
nhanes_ckd,2,2,9,IF diabetes_duration >= 7 AND hba1c >= 7.6 THEN high risk,1,0.0462034021490501,272,25.92945662535748,0.4705882352941176,0.05,2,quantile_conjunction,
nhanes_ckd,2,2,10,IF age >= 57 AND diabetes_duration >= 10 THEN high risk,1,0.0444824367627536,456,43.46997140133461,0.462719298245614,0.05,2,quantile_conjunction,
nhanes_ckd,2,2,11,IF hba1c >= 6.1 AND uric_acid >= 5.5 THEN high risk,1,0.043384805273021,445,42.42135367016206,0.4449438202247191,0.05,2,quantile_conjunction,
nhanes_ckd,2,2,12,IF diastolic_bp >= 76 AND hba1c >= 7.6 THEN high risk,1,0.0430018302083336,136,12.96472831267874,0.5147058823529411,0.05,2,quantile_conjunction,
nhanes_ckd,2,2,13,IF systolic_bp >= 144 AND uric_acid >= 6.2 THEN high risk,1,0.0419352088284417,78,7.435653002859867,0.5897435897435898,0.05,2,quantile_conjunction,
nhanes_ckd,2,2,14,IF triglycerides >= 238.4 AND uric_acid >= 5.5 THEN high risk,1,0.0417175963156603,116,11.05815061963775,0.4827586206896552,0.05,2,quantile_conjunction,
nhanes_ckd,2,2,15,IF age >= 57 AND hdl <= 51 THEN high risk,1,0.0412236629117838,443,42.23069590085796,0.4695259593679458,0.05,2,quantile_conjunction,
nhanes_ckd,2,2,16,IF age >= 66 AND systolic_bp >= 144 THEN high risk,1,0.0411373963303993,99,9.437559580552907,0.5656565656565656,0.05,2,quantile_conjunction,
nhanes_ckd,2,2,17,IF hdl <= 45 AND uric_acid >= 6.2 THEN high risk,1,0.0408540133097705,205,19.54242135367016,0.473170731707317,0.05,2,quantile_conjunction,
nhanes_ckd,2,2,18,IF diastolic_bp >= 76 AND uric_acid >= 5.5 THEN high risk,1,0.0381662780492832,187,17.82650142993327,0.4545454545454545,0.05,2,quantile_conjunction,
nhanes_ckd,2,2,19,IF age >= 66 AND triglycerides >= 238.4 THEN high risk,1,0.0381450995565951,69,6.57769304099142,0.5362318840579711,0.05,2,quantile_conjunction,
nhanes_ckd,2,2,20,IF hdl <= 45 AND triglycerides >= 238.4 THEN high risk,1,0.0375129356143536,168,16.015252621544327,0.4464285714285714,0.05,2,quantile_conjunction,
nhanes_ckd,2,3,1,IF hba1c >= 7 THEN high risk,1,0.072047179229317,555,52.907530981887504,0.4504504504504504,0.05,1,quantile,
nhanes_ckd,2,3,2,IF diastolic_bp <= 62.333 THEN high risk,1,0.069089191349538,211,20.11439466158246,0.4360189573459715,0.05,1,quantile,
nhanes_ckd,2,3,3,IF total_cholesterol <= 158 THEN high risk,1,0.068267583647944,376,35.843660629170635,0.3829787234042553,0.05,1,quantile,
nhanes_ckd,2,3,4,IF bmi >= 34.3 THEN high risk,1,0.0682183977842635,370,35.27168732125834,0.4162162162162162,0.05,1,quantile,
nhanes_ckd,2,3,5,IF hdl <= 37 THEN high risk,1,0.0678396347183959,217,20.68636796949476,0.4055299539170507,0.05,1,quantile,
nhanes_ckd,2,3,6,IF hba1c >= 6.6 AND systolic_bp >= 128 THEN high risk,1,0.0455446966246599,387,36.892278360343184,0.483204134366925,0.05,2,quantile_conjunction,
nhanes_ckd,2,3,7,IF hba1c >= 7 AND systolic_bp >= 133.333 THEN high risk,1,0.0449703857620125,204,19.447092469018116,0.5735294117647058,0.05,2,quantile_conjunction,
nhanes_ckd,2,3,8,IF diabetes_duration >= 19 AND uric_acid >= 4.26 THEN high risk,1,0.0446507147745269,171,16.301239275500475,0.5672514619883041,0.05,2,quantile_conjunction,
nhanes_ckd,2,3,9,IF systolic_bp >= 142.333 AND uric_acid >= 6.1 THEN high risk,1,0.0446051535092577,82,7.816968541468065,0.5609756097560976,0.05,2,quantile_conjunction,
nhanes_ckd,2,3,10,IF age >= 62 AND hba1c >= 7 THEN high risk,1,0.0444346066610791,274,26.12011439466158,0.4927007299270073,0.05,2,quantile_conjunction,
nhanes_ckd,2,3,11,IF hba1c >= 6.1 AND systolic_bp >= 128 THEN high risk,1,0.0443983718474257,482,45.94852240228789,0.4605809128630705,0.05,2,quantile_conjunction,
nhanes_ckd,2,3,12,IF diabetes_duration >= 19 AND hba1c >= 6.1 THEN high risk,1,0.0443127229308605,192,18.30314585319352,0.5,0.05,2,quantile_conjunction,
nhanes_ckd,2,3,13,IF diabetes_duration >= 19 AND systolic_bp >= 133.333 THEN high risk,1,0.0437905817750935,89,8.484270734032412,0.5955056179775281,0.05,2,quantile_conjunction,
nhanes_ckd,2,3,14,IF diabetes_duration >= 7 AND uric_acid >= 4.8 THEN high risk,1,0.0437739565623081,458,43.66062917063871,0.4868995633187773,0.05,2,quantile_conjunction,
nhanes_ckd,2,3,15,IF hba1c >= 7.7 AND systolic_bp >= 133.333 THEN high risk,1,0.0436912152228106,137,13.06005719733079,0.6277372262773723,0.05,2,quantile_conjunction,
nhanes_ckd,2,3,16,IF bmi >= 34.3 AND systolic_bp >= 128 THEN high risk,1,0.0427974713905281,191,18.20781696854147,0.5078534031413613,0.05,2,quantile_conjunction,
nhanes_ckd,2,3,17,IF age >= 50 AND uric_acid >= 4.26 THEN high risk,1,0.042598867659602,689,65.68160152526215,0.432510885341074,0.05,2,quantile_conjunction,
nhanes_ckd,2,3,18,IF age >= 50 AND diabetes_duration >= 3 THEN high risk,1,0.0420988356973025,751,71.59199237368922,0.4141145139813582,0.05,2,quantile_conjunction,
nhanes_ckd,2,3,19,IF diabetes_duration >= 3 AND hba1c >= 6.1 THEN high risk,1,0.0416104097123296,755,71.97330791229743,0.414569536423841,0.05,2,quantile_conjunction,
nhanes_ckd,2,3,20,IF age >= 50 AND bmi >= 34.3 THEN high risk,1,0.0412600231407442,274,26.12011439466158,0.4744525547445255,0.05,2,quantile_conjunction,
nhanes_ckd,2,4,1,IF hba1c >= 7 THEN high risk,1,0.0724660813103904,561,53.479504289799806,0.4313725490196078,0.05,1,quantile,
nhanes_ckd,2,4,2,IF uric_acid >= 6 THEN high risk,1,0.0721827162096175,393,37.464251668255486,0.4529262086513995,0.05,1,quantile,
nhanes_ckd,2,4,3,IF age >= 65 THEN high risk,1,0.0672140333141232,404,38.51286939942803,0.4900990099009901,0.05,1,quantile,
nhanes_ckd,2,4,4,IF hdl <= 59 THEN high risk,1,0.0670057552787096,847,80.743565300286,0.3837072018890201,0.05,1,quantile,
nhanes_ckd,2,4,5,IF bmi >= 29.3 THEN high risk,1,0.0670054872645753,684,65.2049571020019,0.391812865497076,0.05,1,quantile,
nhanes_ckd,2,4,6,IF total_cholesterol <= 139 THEN high risk,1,0.0668892854360547,212,20.20972354623451,0.3820754716981132,0.05,1,quantile,
nhanes_ckd,2,4,7,IF diabetes_duration >= 12 AND uric_acid >= 4.9 THEN high risk,1,0.0453601287518082,263,25.07149666348904,0.5247148288973384,0.05,2,quantile_conjunction,
nhanes_ckd,2,4,8,IF hba1c >= 8.7 AND uric_acid >= 4.4 THEN high risk,1,0.0446419695654019,151,14.394661582459486,0.5496688741721855,0.05,2,quantile_conjunction,
nhanes_ckd,2,4,9,IF age >= 61 AND hba1c >= 7.7 THEN high risk,1,0.0443904968511505,169,16.11058150619638,0.5384615384615384,0.05,2,quantile_conjunction,
nhanes_ckd,2,4,10,IF age >= 61 AND hba1c >= 8.7 THEN high risk,1,0.0431541867058309,88,8.388941849380362,0.5568181818181818,0.05,2,quantile_conjunction,
nhanes_ckd,2,4,11,IF hba1c >= 6.6 AND systolic_bp >= 144.133 THEN high risk,1,0.0431517931998978,145,13.822688274547188,0.5655172413793104,0.05,2,quantile_conjunction,
nhanes_ckd,2,4,12,IF diabetes_duration >= 12 AND hba1c >= 6.1 THEN high risk,1,0.0431039622562157,348,33.17445185891325,0.4626436781609195,0.05,2,quantile_conjunction,
nhanes_ckd,2,4,13,IF age >= 50 AND systolic_bp >= 128.667 THEN high risk,1,0.040864681763883,494,47.09246901811249,0.4817813765182186,0.05,2,quantile_conjunction,
nhanes_ckd,2,4,14,IF bmi >= 29.3 AND uric_acid >= 4.4 THEN high risk,1,0.0408590279212594,571,54.4327931363203,0.404553415061296,0.05,2,quantile_conjunction,
nhanes_ckd,2,4,15,IF diastolic_bp >= 75.667 AND systolic_bp >= 128.667 THEN high risk,1,0.040822409269776,261,24.880838894184937,0.4789272030651341,0.05,2,quantile_conjunction,
nhanes_ckd,2,4,16,IF diastolic_bp >= 81.333 AND uric_acid >= 4.4 THEN high risk,1,0.0407079518367695,174,16.587225929456626,0.4597701149425287,0.05,2,quantile_conjunction,
nhanes_ckd,2,4,17,IF age >= 57 AND diabetes_duration >= 7 THEN high risk,1,0.0404406354380695,493,46.99714013346044,0.4665314401622718,0.05,2,quantile_conjunction,
nhanes_ckd,2,4,18,IF age >= 65 AND systolic_bp >= 128.667 THEN high risk,1,0.0404015522815426,258,24.59485224022879,0.5465116279069767,0.05,2,quantile_conjunction,
nhanes_ckd,2,4,19,IF diastolic_bp >= 75.667 AND systolic_bp >= 123.333 THEN high risk,1,0.0398403022414391,308,29.361296472831267,0.4545454545454545,0.05,2,quantile_conjunction,
nhanes_ckd,2,4,20,IF age >= 65 AND diabetes_duration >= 10 THEN high risk,1,0.0394975431034841,272,25.92945662535748,0.5147058823529411,0.05,2,quantile_conjunction,
nhanes_ckd,2,5,1,IF diabetes_duration >= 13 THEN high risk,1,0.0723152646028592,373,35.557673975214485,0.4772117962466488,0.05,1,quantile,
nhanes_ckd,2,5,2,IF uric_acid >= 5.4 THEN high risk,1,0.0717190923607761,548,52.24022878932316,0.4343065693430657,0.05,1,quantile,
nhanes_ckd,2,5,3,IF diastolic_bp >= 81.333 THEN high risk,1,0.0698147886305022,216,20.59103908484271,0.4259259259259259,0.05,1,quantile,
nhanes_ckd,2,5,4,IF hdl <= 51 THEN high risk,1,0.0691883344359449,699,66.63489037178265,0.3862660944206008,0.05,1,quantile,
nhanes_ckd,2,5,5,IF bmi >= 38.3 THEN high risk,1,0.0672452539513728,211,20.11439466158246,0.4265402843601896,0.05,1,quantile,
nhanes_ckd,2,5,6,IF diabetes_duration >= 7 AND systolic_bp >= 143.333 THEN high risk,1,0.048268790124795,150,14.299332697807436,0.5533333333333333,0.05,2,quantile_conjunction,
nhanes_ckd,2,5,7,IF diabetes_duration >= 7 AND uric_acid >= 6.8 THEN high risk,1,0.0457881911026903,154,14.680648236415632,0.6363636363636364,0.05,2,quantile_conjunction,
nhanes_ckd,2,5,8,IF age >= 70 AND uric_acid >= 6.8 THEN high risk,1,0.0456605797908195,66,6.291706387035272,0.7272727272727273,0.05,2,quantile_conjunction,
nhanes_ckd,2,5,9,IF diabetes_duration >= 18 AND uric_acid >= 6.8 THEN high risk,1,0.0452905325069485,58,5.529075309818875,0.7931034482758621,0.05,2,quantile_conjunction,
nhanes_ckd,2,5,10,IF diabetes_duration >= 18 AND systolic_bp >= 134 THEN high risk,1,0.044577854817495,98,9.342230695900858,0.5816326530612245,0.05,2,quantile_conjunction,
nhanes_ckd,2,5,11,IF hba1c >= 8.6 AND systolic_bp >= 134 THEN high risk,1,0.042658377828101,82,7.816968541468065,0.6951219512195121,0.05,2,quantile_conjunction,
nhanes_ckd,2,5,12,IF hba1c >= 6.6 AND uric_acid >= 5.4 THEN high risk,1,0.0425915996920647,351,33.4604385128694,0.5042735042735043,0.05,2,quantile_conjunction,
nhanes_ckd,2,5,13,IF hba1c >= 8.6 AND uric_acid >= 6.8 THEN high risk,1,0.0425678851202373,34,3.241182078169685,0.7941176470588235,0.05,2,quantile_conjunction,
nhanes_ckd,2,5,14,IF hba1c >= 6.6 AND triglycerides >= 239 THEN high risk,1,0.0425044184311666,163,15.53860819828408,0.4785276073619632,0.05,2,quantile_conjunction,
nhanes_ckd,2,5,15,IF bmi >= 31.6 AND hba1c >= 6.1 THEN high risk,1,0.0419993434508671,452,43.088655862726405,0.4491150442477876,0.05,2,quantile_conjunction,
nhanes_ckd,2,5,16,IF bmi >= 34.4 AND uric_acid >= 4.9 THEN high risk,1,0.041766946509519,282,26.88274547187798,0.4432624113475177,0.05,2,quantile_conjunction,
nhanes_ckd,2,5,17,IF diabetes_duration >= 13 AND hba1c >= 6.6 THEN high risk,1,0.0415954433146992,273,26.024785510009536,0.4981684981684982,0.05,2,quantile_conjunction,
nhanes_ckd,2,5,18,IF bmi >= 34.4 AND diabetes_duration >= 7 THEN high risk,1,0.0415559427882546,231,22.02097235462345,0.4718614718614718,0.05,2,quantile_conjunction,
nhanes_ckd,2,5,19,IF diabetes_duration >= 10 AND hba1c >= 6.6 THEN high risk,1,0.0414675387034196,390,37.178265014299335,0.4846153846153846,0.05,2,quantile_conjunction,
nhanes_ckd,2,5,20,IF diabetes_duration >= 13 AND hdl <= 37 THEN high risk,1,0.0414238218374664,74,7.0543374642516685,0.5945945945945946,0.05,2,quantile_conjunction,
nhanes_ckd,3,1,1,IF age >= 62 THEN high risk,1,0.0689527771003534,530,50.52430886558628,0.4471698113207547,0.05,1,quantile,
nhanes_ckd,3,1,2,IF diabetes_duration >= 13 THEN high risk,1,0.068583529545401,388,36.98760724499523,0.4871134020618556,0.05,1,quantile,
nhanes_ckd,3,1,3,IF diabetes_duration >= 7 THEN high risk,1,0.0682702937256992,691,65.87225929456625,0.4196816208393632,0.05,1,quantile,
nhanes_ckd,3,1,4,IF hdl <= 41 THEN high risk,1,0.0675038433772235,387,36.892278360343184,0.4082687338501292,0.05,1,quantile,
nhanes_ckd,3,1,5,IF age >= 50 THEN high risk,1,0.0670567038030664,855,81.50619637750238,0.3988304093567251,0.05,1,quantile,
nhanes_ckd,3,1,6,IF uric_acid >= 4.3 THEN high risk,1,0.0670250213798942,861,82.07816968541468,0.3925667828106852,0.05,1,quantile,
nhanes_ckd,3,1,7,IF diabetes_duration >= 13 AND uric_acid >= 4.3 THEN high risk,1,0.043553794895644,315,30.028598665395617,0.5428571428571428,0.05,2,quantile_conjunction,
nhanes_ckd,3,1,8,IF age >= 62 AND uric_acid >= 4.9 THEN high risk,1,0.0430041358571088,377,35.93898951382269,0.5013262599469496,0.05,2,quantile_conjunction,
nhanes_ckd,3,1,9,IF age >= 62 AND hba1c >= 7 THEN high risk,1,0.0428388380665272,268,25.54814108674929,0.503731343283582,0.05,2,quantile_conjunction,
nhanes_ckd,3,1,10,IF hba1c >= 7.6 AND uric_acid >= 4.3 THEN high risk,1,0.0427567542139517,288,27.45471877979028,0.4965277777777778,0.05,2,quantile_conjunction,
nhanes_ckd,3,1,11,IF age >= 57 AND uric_acid >= 4.3 THEN high risk,1,0.0427443429041824,586,55.86272640610105,0.4351535836177474,0.05,2,quantile_conjunction,
nhanes_ckd,3,1,12,IF age >= 70 AND uric_acid >= 6.1 THEN high risk,1,0.0424826365339974,102,9.723546234509056,0.6078431372549019,0.05,2,quantile_conjunction,
nhanes_ckd,3,1,13,IF hdl <= 37 AND systolic_bp >= 135.333 THEN high risk,1,0.0424793525327015,72,6.863679694947569,0.5972222222222222,0.05,2,quantile_conjunction,
nhanes_ckd,3,1,14,IF diabetes_duration >= 7 AND hdl <= 37 THEN high risk,1,0.0422316304494968,131,12.488083889418494,0.5343511450381679,0.05,2,quantile_conjunction,
nhanes_ckd,3,1,15,IF age >= 57 AND hba1c >= 6.1 THEN high risk,1,0.0421829971400685,597,56.91134413727359,0.4288107202680067,0.05,2,quantile_conjunction,
nhanes_ckd,3,1,16,IF age >= 70 AND systolic_bp >= 129.333 THEN high risk,1,0.0421079696302844,154,14.680648236415632,0.551948051948052,0.05,2,quantile_conjunction,
nhanes_ckd,3,1,17,IF age >= 50 AND hdl <= 37 THEN high risk,1,0.0419789644217591,175,16.682554814108673,0.48,0.05,2,quantile_conjunction,
nhanes_ckd,3,1,18,IF diabetes_duration >= 19 AND triglycerides >= 116 THEN high risk,1,0.0419217751997519,123,11.725452812202096,0.5853658536585366,0.05,2,quantile_conjunction,
nhanes_ckd,3,1,19,IF diabetes_duration >= 19 AND uric_acid >= 6.1 THEN high risk,1,0.0415479393798363,72,6.863679694947569,0.75,0.05,2,quantile_conjunction,
nhanes_ckd,3,1,20,IF hba1c >= 7.6 AND triglycerides >= 146 THEN high risk,1,0.0407766998430515,230,21.9256434699714,0.5043478260869565,0.05,2,quantile_conjunction,
nhanes_ckd,3,2,1,IF hba1c >= 7.6 THEN high risk,1,0.0855390456058557,378,36.03431839847474,0.4656084656084656,0.05,1,quantile,
nhanes_ckd,3,2,2,IF hba1c >= 6.6 THEN high risk,1,0.0723367266592608,684,65.2049571020019,0.4122807017543859,0.05,1,quantile,
nhanes_ckd,3,2,3,IF diabetes_duration >= 13 AND uric_acid >= 5 THEN high risk,1,0.0650646933598259,250,23.83222116301239,0.568,0.05,2,quantile_conjunction,
nhanes_ckd,3,2,4,IF age >= 56 THEN high risk,1,0.0633424663573358,705,67.20686367969495,0.425531914893617,0.05,1,quantile,
nhanes_ckd,3,2,5,IF systolic_bp >= 143.467 THEN high risk,1,0.0623963080320214,210,20.019065776930407,0.5476190476190477,0.05,1,quantile,
nhanes_ckd,3,2,6,IF age >= 50 AND uric_acid >= 6.9 THEN high risk,1,0.0535257567763041,185,17.63584366062917,0.6,0.05,2,quantile_conjunction,
nhanes_ckd,3,2,7,IF age >= 65.2 AND diabetes_duration >= 7 THEN high risk,1,0.0500791206536312,287,27.359389895138225,0.5331010452961672,0.05,2,quantile_conjunction,
nhanes_ckd,3,2,8,IF systolic_bp >= 114.667 AND uric_acid >= 6.9 THEN high risk,1,0.049321965787117,176,16.777883698760725,0.5738636363636364,0.05,2,quantile_conjunction,
nhanes_ckd,3,2,9,IF age >= 50 AND hba1c >= 7 THEN high risk,1,0.0467310554243921,428,40.80076263107721,0.455607476635514,0.05,2,quantile_conjunction,
nhanes_ckd,3,2,10,IF diabetes_duration >= 19 AND hba1c >= 7.6 THEN high risk,1,0.046017135795696,98,9.342230695900858,0.5816326530612245,0.05,2,quantile_conjunction,
nhanes_ckd,3,2,11,IF diastolic_bp <= 68.333 AND systolic_bp >= 133.4 THEN high risk,1,0.0446199863338232,89,8.484270734032412,0.5730337078651685,0.05,2,quantile_conjunction,
nhanes_ckd,3,2,12,IF triglycerides >= 238 AND uric_acid >= 6.1 THEN high risk,1,0.0444330882889872,81,7.721639656816015,0.4691358024691358,0.05,2,quantile_conjunction,
nhanes_ckd,3,2,13,IF diastolic_bp <= 63.2 AND hba1c >= 8.6 THEN high risk,1,0.0422017908253244,41,3.9084842707340326,0.5365853658536586,0.05,2,quantile_conjunction,
nhanes_ckd,3,2,14,IF age >= 50 AND hba1c >= 6.1 THEN high risk,1,0.0418280450882171,698,66.53956148713061,0.4183381088825215,0.05,2,quantile_conjunction,
nhanes_ckd,3,2,15,IF diastolic_bp <= 68.333 AND systolic_bp >= 128 THEN high risk,1,0.041744134877639,131,12.488083889418494,0.5267175572519084,0.05,2,quantile_conjunction,
nhanes_ckd,3,2,16,IF diabetes_duration >= 19 AND triglycerides >= 141 THEN high risk,1,0.0401796332894036,93,8.865586272640611,0.5913978494623656,0.05,2,quantile_conjunction,
nhanes_ckd,3,2,17,IF diastolic_bp <= 63.2 AND hba1c >= 6.1 THEN high risk,1,0.0399846666257385,177,16.873212583412776,0.4745762711864407,0.05,2,quantile_conjunction,
nhanes_ckd,3,2,18,IF age >= 50 AND triglycerides >= 141 THEN high risk,1,0.0397936637536489,430,40.99142040038132,0.4255813953488372,0.05,2,quantile_conjunction,
nhanes_ckd,3,2,19,IF age >= 56 AND systolic_bp >= 143.467 THEN high risk,1,0.0376228633023076,172,16.396568160152526,0.5697674418604651,0.05,2,quantile_conjunction,
nhanes_ckd,3,2,20,IF age >= 70 AND systolic_bp >= 143.467 THEN high risk,1,0.0332378531634693,59,5.624404194470925,0.6610169491525424,0.05,2,quantile_conjunction,
nhanes_ckd,3,3,1,IF diastolic_bp >= 81 THEN high risk,1,0.0688218523116427,215,20.495710200190658,0.4325581395348837,0.05,1,quantile,
nhanes_ckd,3,3,2,IF hdl <= 45 THEN high risk,1,0.0662012101764535,527,50.23832221163013,0.3946869070208729,0.05,1,quantile,
nhanes_ckd,3,3,3,IF diastolic_bp <= 68.667 THEN high risk,1,0.0660447776336433,381,36.32030505243088,0.3832020997375328,0.05,1,quantile,
nhanes_ckd,3,3,4,IF total_cholesterol <= 210 THEN high risk,1,0.0657254567995314,844,80.45757864632984,0.3708530805687204,0.05,1,quantile,
nhanes_ckd,3,3,5,IF total_cholesterol <= 172 THEN high risk,1,0.0655577901763674,525,50.04766444232602,0.379047619047619,0.05,1,quantile,
nhanes_ckd,3,3,6,IF bmi >= 29.3 THEN high risk,1,0.0654101232549148,683,65.10962821734985,0.4055636896046852,0.05,1,quantile,
nhanes_ckd,3,3,7,IF hba1c >= 7 AND systolic_bp >= 133.333 THEN high risk,1,0.0508227547992545,195,18.589132507149667,0.558974358974359,0.05,2,quantile_conjunction,
nhanes_ckd,3,3,8,IF diabetes_duration >= 18 AND triglycerides >= 145 THEN high risk,1,0.0466860255423909,91,8.674928503336512,0.5714285714285714,0.05,2,quantile_conjunction,
nhanes_ckd,3,3,9,IF diabetes_duration >= 6 AND uric_acid >= 6.9 THEN high risk,1,0.0455709875860546,168,16.015252621544327,0.6071428571428571,0.05,2,quantile_conjunction,
nhanes_ckd,3,3,10,IF age >= 61 AND uric_acid >= 4.9 THEN high risk,1,0.0448155864954001,422,40.22878932316492,0.471563981042654,0.05,2,quantile_conjunction,
nhanes_ckd,3,3,11,IF age >= 65 AND systolic_bp >= 122 THEN high risk,1,0.0436831418670753,306,29.170638703527167,0.4836601307189542,0.05,2,quantile_conjunction,
nhanes_ckd,3,3,12,IF diastolic_bp >= 81 AND hba1c >= 7 THEN high risk,1,0.043008775997255,115,10.9628217349857,0.5304347826086957,0.05,2,quantile_conjunction,
nhanes_ckd,3,3,13,IF bmi >= 34.72 AND hba1c >= 7.52 THEN high risk,1,0.0428813897157713,122,11.630123927550049,0.5245901639344263,0.05,2,quantile_conjunction,
nhanes_ckd,3,3,14,IF age >= 61 AND systolic_bp >= 143.333 THEN high risk,1,0.0428507149195016,140,13.34604385128694,0.5428571428571428,0.05,2,quantile_conjunction,
nhanes_ckd,3,3,15,IF diabetes_duration >= 6 AND hdl <= 37 THEN high risk,1,0.0424994377398385,139,13.250714966634892,0.5035971223021583,0.05,2,quantile_conjunction,
nhanes_ckd,3,3,16,IF bmi >= 29.3 AND systolic_bp >= 133.333 THEN high risk,1,0.041477146972777,227,21.63965681601525,0.5418502202643172,0.05,2,quantile_conjunction,
nhanes_ckd,3,3,17,IF age >= 70 AND uric_acid >= 6.1 THEN high risk,1,0.0408410744867735,96,9.151572926596758,0.6354166666666666,0.05,2,quantile_conjunction,
nhanes_ckd,3,3,18,IF diastolic_bp >= 81 AND uric_acid >= 6.9 THEN high risk,1,0.0404878946526281,42,4.003813155386082,0.5,0.05,2,quantile_conjunction,
nhanes_ckd,3,3,19,IF bmi >= 31.9 AND diastolic_bp >= 81 THEN high risk,1,0.0402393143565855,124,11.820781696854146,0.4919354838709677,0.05,2,quantile_conjunction,
nhanes_ckd,3,3,20,IF age >= 65 AND bmi >= 29.3 THEN high risk,1,0.0363745445161402,232,22.1163012392755,0.5603448275862069,0.05,2,quantile_conjunction,
nhanes_ckd,3,4,1,IF uric_acid >= 5.4 THEN high risk,1,0.0686499076889253,542,51.66825548141086,0.4372693726937269,0.05,1,quantile,
nhanes_ckd,3,4,2,IF sex <= 1 THEN high risk,1,0.0674997568247111,547,52.14489990467112,0.4076782449725777,0.05,1,quantile,
nhanes_ckd,3,4,3,IF hba1c >= 7.7 AND systolic_bp >= 128.5 THEN high risk,1,0.06514877694162,200,19.065776930409918,0.51,0.05,2,quantile_conjunction,
nhanes_ckd,3,4,4,IF age >= 65 AND hba1c >= 7 THEN high risk,1,0.0551071894698128,183,17.44518589132507,0.5409836065573771,0.05,2,quantile_conjunction,
nhanes_ckd,3,4,5,IF age >= 57 AND hba1c >= 7.7 THEN high risk,1,0.0541619173203808,212,20.20972354623451,0.490566037735849,0.05,2,quantile_conjunction,
nhanes_ckd,3,4,6,IF diabetes_duration >= 10 AND uric_acid >= 5.4 THEN high risk,1,0.0540478358747678,301,28.69399428026692,0.4850498338870432,0.05,2,quantile_conjunction,
nhanes_ckd,3,4,7,IF age >= 50 AND diabetes_duration >= 13 THEN high risk,1,0.0535856984927021,336,32.030505243088655,0.4791666666666667,0.05,2,quantile_conjunction,
nhanes_ckd,3,4,8,IF age >= 65 AND diabetes_duration >= 19 THEN high risk,1,0.0522355447456077,128,12.202097235462343,0.5390625,0.05,2,quantile_conjunction,
nhanes_ckd,3,4,9,IF age >= 70 AND uric_acid >= 4.8 THEN high risk,1,0.050563729419503,178,16.968541468064824,0.5280898876404494,0.05,2,quantile_conjunction,
nhanes_ckd,3,4,10,IF diabetes_duration >= 7 AND uric_acid >= 6.1 THEN high risk,1,0.0500807414941592,259,24.69018112488084,0.5482625482625483,0.05,2,quantile_conjunction,
nhanes_ckd,3,4,11,IF age >= 65 AND bmi >= 37.94 THEN high risk,1,0.0477320955641478,51,4.861773117254528,0.6274509803921569,0.05,2,quantile_conjunction,
nhanes_ckd,3,4,12,IF hba1c >= 6.5 AND triglycerides >= 240 THEN high risk,1,0.0446439222004352,167,15.919923736892278,0.437125748502994,0.05,2,quantile_conjunction,
nhanes_ckd,3,4,13,IF age >= 70 AND diabetes_duration >= 19 THEN high risk,1,0.0446219125278103,83,7.912297426120114,0.5662650602409639,0.05,2,quantile_conjunction,
nhanes_ckd,3,4,14,IF diabetes_duration >= 19 AND diastolic_bp <= 63.333 THEN high risk,1,0.0437189900059623,61,5.815061963775023,0.5573770491803278,0.05,2,quantile_conjunction,
nhanes_ckd,3,4,15,IF systolic_bp >= 122 AND uric_acid >= 6.9 THEN high risk,1,0.0435904473571102,141,13.44137273593899,0.5886524822695035,0.05,2,quantile_conjunction,
nhanes_ckd,3,4,16,IF age >= 57 AND bmi >= 31.5 THEN high risk,1,0.043204690142464,319,30.40991420400381,0.45141065830721,0.05,2,quantile_conjunction,
nhanes_ckd,3,4,17,IF diastolic_bp <= 63.333 AND systolic_bp >= 115 THEN high risk,1,0.0426007237981051,120,11.43946615824595,0.4833333333333333,0.05,2,quantile_conjunction,
nhanes_ckd,3,4,18,IF bmi >= 34.5 AND systolic_bp >= 122 THEN high risk,1,0.0417579559697478,230,21.9256434699714,0.4913043478260869,0.05,2,quantile_conjunction,
nhanes_ckd,3,4,19,IF bmi >= 31.5 AND uric_acid >= 6.9 THEN high risk,1,0.0407540975227929,138,13.15538608198284,0.5507246376811594,0.05,2,quantile_conjunction,
nhanes_ckd,3,4,20,IF systolic_bp >= 144.467 AND uric_acid >= 6.9 THEN high risk,1,0.0362940666392338,49,4.671115347950429,0.6938775510204082,0.05,2,quantile_conjunction,
nhanes_ckd,3,5,1,IF hba1c >= 8.6 THEN high risk,1,0.0807892491158843,217,20.68636796949476,0.5299539170506913,0.05,1,quantile,
nhanes_ckd,3,5,2,IF diabetes_duration >= 13 THEN high risk,1,0.0764713858737592,393,37.464251668255486,0.460559796437659,0.05,1,quantile,
nhanes_ckd,3,5,3,IF hba1c >= 7 THEN high risk,1,0.0732188091500334,541,51.57292659675882,0.4731977818853974,0.05,1,quantile,
nhanes_ckd,3,5,4,IF sex <= 1 THEN high risk,1,0.0702387255669212,559,53.28884652049572,0.3828264758497317,0.05,1,quantile,
nhanes_ckd,3,5,5,IF uric_acid >= 6.1 THEN high risk,1,0.0668357344213195,386,36.79694947569113,0.4818652849740932,0.05,1,quantile,
nhanes_ckd,3,5,6,IF age >= 66 AND uric_acid >= 5.5 THEN high risk,1,0.0518151859009778,225,21.448999046711155,0.5422222222222223,0.05,2,quantile_conjunction,
nhanes_ckd,3,5,7,IF age >= 62 AND hba1c >= 6.1 THEN high risk,1,0.0499382866828554,466,44.4232602478551,0.4442060085836909,0.05,2,quantile_conjunction,
nhanes_ckd,3,5,8,IF age >= 70 AND uric_acid >= 6.9 THEN high risk,1,0.0467551219339738,64,6.1010486177311725,0.640625,0.05,2,quantile_conjunction,
nhanes_ckd,3,5,9,IF hba1c >= 6.1 AND uric_acid >= 4.4 THEN high risk,1,0.0458282807900418,694,66.15824594852239,0.4207492795389049,0.05,2,quantile_conjunction,
nhanes_ckd,3,5,10,IF hba1c >= 6.1 AND systolic_bp >= 122.933 THEN high risk,1,0.0454771758681265,572,54.52812202097236,0.4597902097902098,0.05,2,quantile_conjunction,
nhanes_ckd,3,5,11,IF hba1c >= 6.1 AND hdl <= 46 THEN high risk,1,0.0447917099226044,477,45.471877979027646,0.4318658280922431,0.05,2,quantile_conjunction,
nhanes_ckd,3,5,12,IF systolic_bp >= 134.667 AND triglycerides >= 238 THEN high risk,1,0.0443052881471599,76,7.244995233555768,0.5394736842105263,0.05,2,quantile_conjunction,
nhanes_ckd,3,5,13,IF diabetes_duration >= 13 AND hdl <= 46 THEN high risk,1,0.0433884176370775,200,19.065776930409918,0.495,0.05,2,quantile_conjunction,
nhanes_ckd,3,5,14,IF hba1c >= 8.6 AND triglycerides >= 144 THEN high risk,1,0.0424608226954186,143,13.63203050524309,0.5734265734265734,0.05,2,quantile_conjunction,
nhanes_ckd,3,5,15,IF hba1c >= 6.6 AND hdl <= 41 THEN high risk,1,0.0410736284304905,288,27.45471877979028,0.4722222222222222,0.05,2,quantile_conjunction,
nhanes_ckd,3,5,16,IF systolic_bp >= 122.933 AND triglycerides >= 144 THEN high risk,1,0.0370069193846432,348,33.17445185891325,0.4597701149425287,0.05,2,quantile_conjunction,
nhanes_ckd,3,5,17,IF hba1c >= 6.1 AND triglycerides >= 144 THEN high risk,1,0.0369757093422509,462,44.0419447092469,0.4372294372294372,0.05,2,quantile_conjunction,
nhanes_ckd,3,5,18,IF hba1c >= 7.6 AND triglycerides >= 144 THEN high risk,1,0.0363282077715581,231,22.02097235462345,0.5281385281385281,0.05,2,quantile_conjunction,
nhanes_ckd,3,5,19,IF triglycerides >= 144 AND uric_acid >= 4.4 THEN high risk,1,0.0341981586391248,438,41.75405147759771,0.4406392694063927,0.05,2,quantile_conjunction,
nhanes_ckd,3,5,20,IF triglycerides >= 144 AND uric_acid >= 4.9 THEN high risk,1,0.0321031827257783,365,34.795042897998094,0.4712328767123288,0.05,2,quantile_conjunction,
nhanes_ckd,4,1,1,IF age >= 56.8 THEN high risk,1,0.0701179239714289,682,65.01429933269782,0.4061583577712609,0.05,1,quantile,
nhanes_ckd,4,1,2,IF uric_acid >= 4.9 THEN high risk,1,0.070087545308554,699,66.63489037178265,0.407725321888412,0.05,1,quantile,
nhanes_ckd,4,1,3,IF diabetes_duration >= 13 THEN high risk,1,0.0697292984840584,390,37.178265014299335,0.4666666666666667,0.05,1,quantile,
nhanes_ckd,4,1,4,IF systolic_bp >= 115 THEN high risk,1,0.0683818076010711,841,80.17159199237369,0.3876337693222354,0.05,1,quantile,
nhanes_ckd,4,1,5,IF hdl <= 51 THEN high risk,1,0.0677902481668288,687,65.49094375595806,0.3871906841339155,0.05,1,quantile,
nhanes_ckd,4,1,6,IF systolic_bp >= 122.667 AND uric_acid >= 6.1 THEN high risk,1,0.0476181337895072,239,22.783603431839847,0.5062761506276151,0.05,2,quantile_conjunction,
nhanes_ckd,4,1,7,IF age >= 61 AND systolic_bp >= 127.667 THEN high risk,1,0.0465914951868691,337,32.1258341277407,0.456973293768546,0.05,2,quantile_conjunction,
nhanes_ckd,4,1,8,IF age >= 65 AND uric_acid >= 6.9 THEN high risk,1,0.0463455998534412,108,10.295519542421356,0.6203703703703703,0.05,2,quantile_conjunction,
nhanes_ckd,4,1,9,IF age >= 70 AND systolic_bp >= 134 THEN high risk,1,0.0451961166854581,101,9.628217349857009,0.6039603960396039,0.05,2,quantile_conjunction,
nhanes_ckd,4,1,10,IF diabetes_duration >= 10 AND uric_acid >= 5.5 THEN high risk,1,0.0450825842634385,300,28.59866539561487,0.5066666666666667,0.05,2,quantile_conjunction,
nhanes_ckd,4,1,11,IF hba1c >= 8.7 AND uric_acid >= 6.9 THEN high risk,1,0.0445401307759708,40,3.813155386081983,0.8,0.05,2,quantile_conjunction,
nhanes_ckd,4,1,12,IF hba1c >= 6.6 AND triglycerides >= 239 THEN high risk,1,0.0430746449104753,174,16.587225929456626,0.4885057471264368,0.05,2,quantile_conjunction,
nhanes_ckd,4,1,13,IF systolic_bp >= 144.333 AND triglycerides >= 239 THEN high risk,1,0.0429877408971268,48,4.575786463298379,0.5416666666666666,0.05,2,quantile_conjunction,
nhanes_ckd,4,1,14,IF age >= 65 AND diastolic_bp >= 81.333 THEN high risk,1,0.0427980991187426,45,4.28979980934223,0.4888888888888889,0.05,2,quantile_conjunction,
nhanes_ckd,4,1,15,IF age >= 70 AND hdl <= 37 THEN high risk,1,0.0425902853139986,47,4.480457578646329,0.6170212765957447,0.05,2,quantile_conjunction,
nhanes_ckd,4,1,16,IF diabetes_duration >= 13 AND hba1c >= 6.6 THEN high risk,1,0.0420663423193957,289,27.550047664442328,0.4982698961937716,0.05,2,quantile_conjunction,
nhanes_ckd,4,1,17,IF diastolic_bp <= 63.333 AND triglycerides >= 239 THEN high risk,1,0.0419763961386853,41,3.9084842707340326,0.4634146341463415,0.05,2,quantile_conjunction,
nhanes_ckd,4,1,18,IF diastolic_bp <= 63.333 AND triglycerides >= 182 THEN high risk,1,0.0416172243594335,75,7.149666348903717,0.5066666666666667,0.05,2,quantile_conjunction,
nhanes_ckd,4,1,19,IF diabetes_duration >= 13 AND hba1c >= 7.7 THEN high risk,1,0.0410091419461682,177,16.873212583412776,0.559322033898305,0.05,2,quantile_conjunction,
nhanes_ckd,4,1,20,IF systolic_bp >= 122.667 AND triglycerides >= 147 THEN high risk,1,0.040399240909347,346,32.983794089609155,0.4393063583815029,0.05,2,quantile_conjunction,
nhanes_ckd,4,2,1,IF age >= 66 THEN high risk,1,0.0740416386143715,387,36.892278360343184,0.4935400516795866,0.05,1,quantile,
nhanes_ckd,4,2,2,IF bmi >= 31.8 THEN high risk,1,0.0732371296996981,535,51.00095328884652,0.4149532710280373,0.05,1,quantile,
nhanes_ckd,4,2,3,IF triglycerides >= 147 THEN high risk,1,0.071058075653159,527,50.23832221163013,0.3833017077798861,0.05,1,quantile,
nhanes_ckd,4,2,4,IF diabetes_duration >= 18 THEN high risk,1,0.0636374092133379,213,20.30505243088656,0.5211267605633803,0.05,1,quantile,
nhanes_ckd,4,2,5,IF bmi >= 29.4 AND systolic_bp >= 145.333 THEN high risk,1,0.0548576507371065,133,12.678741658722592,0.5714285714285714,0.05,2,quantile_conjunction,
nhanes_ckd,4,2,6,IF age >= 50 AND systolic_bp >= 129 THEN high risk,1,0.0473622673588071,485,46.23450905624404,0.4515463917525773,0.05,2,quantile_conjunction,
nhanes_ckd,4,2,7,IF bmi >= 29.4 AND uric_acid >= 6.9 THEN high risk,1,0.0463034928760357,156,14.871306005719736,0.5961538461538461,0.05,2,quantile_conjunction,
nhanes_ckd,4,2,8,IF age >= 57 AND diabetes_duration >= 10 THEN high risk,1,0.0462917455673283,439,41.84938036224976,0.4715261958997722,0.05,2,quantile_conjunction,
nhanes_ckd,4,2,9,IF age >= 66 AND hdl <= 37 THEN high risk,1,0.0457006760396238,82,7.816968541468065,0.573170731707317,0.05,2,quantile_conjunction,
nhanes_ckd,4,2,10,IF age >= 62 AND uric_acid >= 6.2 THEN high risk,1,0.0454745328944977,216,20.59103908484271,0.5740740740740741,0.05,2,quantile_conjunction,
nhanes_ckd,4,2,11,IF age >= 66 AND bmi >= 31.8 THEN high risk,1,0.0453988695056834,160,15.252621544327932,0.59375,0.05,2,quantile_conjunction,
nhanes_ckd,4,2,12,IF bmi >= 31.8 AND sex <= 1 THEN high risk,1,0.0447157972385145,259,24.69018112488084,0.444015444015444,0.05,2,quantile_conjunction,
nhanes_ckd,4,2,13,IF diabetes_duration >= 7 AND hba1c >= 6.1 THEN high risk,1,0.0438802404856847,580,55.29075309818875,0.4517241379310345,0.05,2,quantile_conjunction,
nhanes_ckd,4,2,14,IF hdl <= 51 AND systolic_bp >= 123 THEN high risk,1,0.0435567625967217,453,43.18398474737846,0.4547461368653421,0.05,2,quantile_conjunction,
nhanes_ckd,4,2,15,IF age >= 62 AND hba1c >= 6.1 THEN high risk,1,0.043529050276858,461,43.94661582459485,0.4707158351409978,0.05,2,quantile_conjunction,
nhanes_ckd,4,2,16,IF age >= 70 AND hba1c >= 6.1 THEN high risk,1,0.0431875593580428,191,18.20781696854147,0.5497382198952879,0.05,2,quantile_conjunction,
nhanes_ckd,4,2,17,IF age >= 70 AND hba1c >= 6.6 THEN high risk,1,0.0429280034939417,151,14.394661582459486,0.5629139072847682,0.05,2,quantile_conjunction,
nhanes_ckd,4,2,18,IF hba1c >= 6.6 AND hdl <= 37 THEN high risk,1,0.0426877775041705,183,17.44518589132507,0.4808743169398907,0.05,2,quantile_conjunction,
nhanes_ckd,4,2,19,IF diabetes_duration >= 7 AND systolic_bp >= 123 THEN high risk,1,0.0422171725269003,472,44.9952335557674,0.4703389830508475,0.05,2,quantile_conjunction,
nhanes_ckd,4,2,20,IF age >= 70 AND uric_acid >= 6.2 THEN high risk,1,0.0399341483595158,97,9.246901811248808,0.6597938144329897,0.05,2,quantile_conjunction,
nhanes_ckd,4,3,1,IF hba1c >= 6.1 THEN high risk,1,0.0734404298534105,857,81.69685414680649,0.4049008168028005,0.05,1,quantile,
nhanes_ckd,4,3,2,IF total_cholesterol <= 155 THEN high risk,1,0.0724208731042309,371,35.36701620591039,0.3746630727762803,0.05,1,quantile,
nhanes_ckd,4,3,3,IF triglycerides >= 175 THEN high risk,1,0.0722123080252051,370,35.27168732125834,0.3972972972972973,0.05,1,quantile,
nhanes_ckd,4,3,4,IF age >= 50 AND systolic_bp >= 134 THEN high risk,1,0.0500551100336414,333,31.744518589132507,0.5135135135135135,0.05,2,quantile_conjunction,
nhanes_ckd,4,3,5,IF hba1c >= 6.6 AND systolic_bp >= 128.667 THEN high risk,1,0.0488225684744513,378,36.03431839847474,0.492063492063492,0.05,2,quantile_conjunction,
nhanes_ckd,4,3,6,IF diabetes_duration >= 20 AND systolic_bp >= 128.667 THEN high risk,1,0.0474917506523639,134,12.774070543374645,0.582089552238806,0.05,2,quantile_conjunction,
nhanes_ckd,4,3,7,IF age >= 57 AND diabetes_duration >= 20 THEN high risk,1,0.0469258711558438,182,17.349857006673023,0.5439560439560439,0.05,2,quantile_conjunction,
nhanes_ckd,4,3,8,IF age >= 57 AND hba1c >= 7 THEN high risk,1,0.0467040518088059,348,33.17445185891325,0.5086206896551724,0.05,2,quantile_conjunction,
nhanes_ckd,4,3,9,IF age >= 50 AND hba1c >= 7.6 THEN high risk,1,0.0466718676484152,299,28.503336510962825,0.5250836120401338,0.05,2,quantile_conjunction,
nhanes_ckd,4,3,10,IF diastolic_bp >= 81.333 AND systolic_bp >= 143.8 THEN high risk,1,0.0462486690483137,89,8.484270734032412,0.5617977528089888,0.05,2,quantile_conjunction,
nhanes_ckd,4,3,11,IF age >= 66 AND hdl <= 51 THEN high risk,1,0.0460448799599172,254,24.21353670162059,0.5236220472440944,0.05,2,quantile_conjunction,
nhanes_ckd,4,3,12,IF diabetes_duration >= 20 AND hdl <= 46 THEN high risk,1,0.0458399869611987,98,9.342230695900858,0.5510204081632653,0.05,2,quantile_conjunction,
nhanes_ckd,4,3,13,IF systolic_bp >= 122.933 AND uric_acid >= 4.9 THEN high risk,1,0.045819425552219,454,43.2793136320305,0.4713656387665198,0.05,2,quantile_conjunction,
nhanes_ckd,4,3,14,IF diastolic_bp >= 81.333 AND hdl <= 37 THEN high risk,1,0.0451120710185068,48,4.575786463298379,0.4791666666666667,0.05,2,quantile_conjunction,
nhanes_ckd,4,3,15,IF diastolic_bp >= 81.333 AND triglycerides >= 230.4 THEN high risk,1,0.0450642397481322,50,4.766444232602479,0.5,0.05,2,quantile_conjunction,
nhanes_ckd,4,3,16,IF hdl <= 51 AND uric_acid >= 6.1 THEN high risk,1,0.0449350226322465,279,26.596758817921828,0.4731182795698925,0.05,2,quantile_conjunction,
nhanes_ckd,4,3,17,IF hba1c >= 8.6 AND uric_acid >= 4.9 THEN high risk,1,0.0448260288423922,118,11.24880838894185,0.576271186440678,0.05,2,quantile_conjunction,
nhanes_ckd,4,3,18,IF age >= 66 AND uric_acid >= 4.9 THEN high risk,1,0.0442301301332148,285,27.16873212583413,0.5228070175438596,0.05,2,quantile_conjunction,
nhanes_ckd,4,3,19,IF hba1c >= 6.6 AND hdl <= 51 THEN high risk,1,0.0439358030967688,483,46.04385128693994,0.463768115942029,0.05,2,quantile_conjunction,
nhanes_ckd,4,3,20,IF hba1c >= 6.1 AND uric_acid >= 4.9 THEN high risk,1,0.0431989122507213,564,53.76549094375596,0.4556737588652482,0.05,2,quantile_conjunction,
nhanes_ckd,4,4,1,IF hdl <= 37 THEN high risk,1,0.0743705141149376,228,21.734985700667306,0.4210526315789473,0.05,1,quantile,
nhanes_ckd,4,4,2,IF diabetes_duration >= 3 THEN high risk,1,0.0740253374634353,876,83.50810295519543,0.3824200913242009,0.05,1,quantile,
nhanes_ckd,4,4,3,IF systolic_bp >= 134 AND uric_acid >= 6.1 THEN high risk,1,0.0552724613958626,138,13.15538608198284,0.572463768115942,0.05,2,quantile_conjunction,
nhanes_ckd,4,4,4,IF age >= 62 AND systolic_bp >= 127.667 THEN high risk,1,0.0533081067498517,332,31.649189704480456,0.4819277108433735,0.05,2,quantile_conjunction,
nhanes_ckd,4,4,5,IF age >= 71 AND systolic_bp >= 127.667 THEN high risk,1,0.0504114035146597,144,13.727359389895138,0.5277777777777778,0.05,2,quantile_conjunction,
nhanes_ckd,4,4,6,IF systolic_bp >= 127.667 AND uric_acid >= 4.9 THEN high risk,1,0.0495686598454377,376,35.843660629170635,0.4867021276595745,0.05,2,quantile_conjunction,
nhanes_ckd,4,4,7,IF age >= 66 AND hba1c >= 7.7 THEN high risk,1,0.0494914183404174,104,9.914204003813156,0.6153846153846154,0.05,2,quantile_conjunction,
nhanes_ckd,4,4,8,IF systolic_bp >= 122 AND uric_acid >= 5.5 THEN high risk,1,0.0492375830740099,346,32.983794089609155,0.4508670520231214,0.05,2,quantile_conjunction,
nhanes_ckd,4,4,9,IF hba1c >= 6.2 AND uric_acid >= 6.1 THEN high risk,1,0.0474550755359762,309,29.45662535748332,0.5145631067961165,0.05,2,quantile_conjunction,
nhanes_ckd,4,4,10,IF diabetes_duration >= 13 AND hba1c >= 7.7 THEN high risk,1,0.0474298080064455,164,15.63393708293613,0.5304878048780488,0.05,2,quantile_conjunction,
nhanes_ckd,4,4,11,IF diastolic_bp <= 62.667 AND uric_acid >= 4.9 THEN high risk,1,0.0471555855128518,147,14.013346043851287,0.5714285714285714,0.05,2,quantile_conjunction,
nhanes_ckd,4,4,12,IF diabetes_duration >= 13 AND hba1c >= 7 THEN high risk,1,0.0470342580799764,231,22.02097235462345,0.5064935064935064,0.05,2,quantile_conjunction,
nhanes_ckd,4,4,13,IF bmi >= 31.8 AND uric_acid >= 4.9 THEN high risk,1,0.0461459155523714,395,37.65490943755958,0.4582278481012658,0.05,2,quantile_conjunction,
nhanes_ckd,4,4,14,IF diabetes_duration >= 6 AND hdl <= 41 THEN high risk,1,0.0455950913569185,265,25.26215443279314,0.4641509433962264,0.05,2,quantile_conjunction,
nhanes_ckd,4,4,15,IF diabetes_duration >= 19 AND hdl <= 41 THEN high risk,1,0.0448557238261857,77,7.340324118207817,0.5844155844155844,0.05,2,quantile_conjunction,
nhanes_ckd,4,4,16,IF bmi >= 29.1 AND systolic_bp >= 122 THEN high risk,1,0.0443079816174894,449,42.802669208770254,0.4521158129175947,0.05,2,quantile_conjunction,
nhanes_ckd,4,4,17,IF age >= 50 AND bmi >= 31.8 THEN high risk,1,0.0439133363107537,412,39.27550047664442,0.4393203883495146,0.05,2,quantile_conjunction,
nhanes_ckd,4,4,18,IF bmi >= 31.8 AND systolic_bp >= 127.667 THEN high risk,1,0.0437546051697273,276,26.31077216396568,0.5036231884057971,0.05,2,quantile_conjunction,
nhanes_ckd,4,4,19,IF age >= 71 AND bmi >= 38.8 THEN high risk,1,0.0433903827817561,33,3.145853193517636,0.5757575757575758,0.05,2,quantile_conjunction,
nhanes_ckd,4,4,20,IF bmi >= 29.1 AND uric_acid >= 6.1 THEN high risk,1,0.0432767517509352,281,26.78741658722593,0.494661921708185,0.05,2,quantile_conjunction,
nhanes_ckd,4,5,1,IF systolic_bp >= 128.667 THEN high risk,1,0.0717365236419585,565,53.86081982840801,0.4407079646017699,0.05,1,quantile,
nhanes_ckd,4,5,2,IF age >= 66 THEN high risk,1,0.0691416340460505,372,35.462345090562444,0.4919354838709677,0.05,1,quantile,
nhanes_ckd,4,5,3,IF diabetes_duration >= 13 THEN high risk,1,0.068887855829124,395,37.65490943755958,0.4810126582278481,0.05,1,quantile,
nhanes_ckd,4,5,4,IF diabetes_duration >= 19 THEN high risk,1,0.067577171740068,211,20.11439466158246,0.5355450236966824,0.05,1,quantile,
nhanes_ckd,4,5,5,IF triglycerides >= 240.8 THEN high risk,1,0.0662784570479397,210,20.019065776930407,0.4,0.05,1,quantile,
nhanes_ckd,4,5,6,IF triglycerides >= 144 THEN high risk,1,0.0656272973613512,531,50.619637750238326,0.3822975517890772,0.05,1,quantile,
nhanes_ckd,4,5,7,IF diabetes_duration >= 10 AND uric_acid >= 6.8 THEN high risk,1,0.0498941810190692,137,13.06005719733079,0.656934306569343,0.05,2,quantile_conjunction,
nhanes_ckd,4,5,8,IF hba1c >= 8.6 AND systolic_bp >= 135 THEN high risk,1,0.0447865777222159,72,6.863679694947569,0.6388888888888888,0.05,2,quantile_conjunction,
nhanes_ckd,4,5,9,IF diabetes_duration >= 4 AND systolic_bp >= 128.667 THEN high risk,1,0.0441672017949503,472,44.9952335557674,0.4555084745762712,0.05,2,quantile_conjunction,
nhanes_ckd,4,5,10,IF diabetes_duration >= 19 AND systolic_bp >= 123.333 THEN high risk,1,0.0437579513831261,157,14.966634890371784,0.5732484076433121,0.05,2,quantile_conjunction,
nhanes_ckd,4,5,11,IF systolic_bp >= 123.333 AND uric_acid >= 4.9 THEN high risk,1,0.0428199947201459,453,43.18398474737846,0.4547461368653421,0.05,2,quantile_conjunction,
nhanes_ckd,4,5,12,IF age >= 57 AND bmi >= 31.7 THEN high risk,1,0.0418944962006567,310,29.551954242135363,0.4677419354838709,0.05,2,quantile_conjunction,
nhanes_ckd,4,5,13,IF diastolic_bp >= 81.133 AND hba1c >= 7 THEN high risk,1,0.0416174660889562,114,10.867492850333653,0.4561403508771929,0.05,2,quantile_conjunction,
nhanes_ckd,4,5,14,IF bmi >= 34.3 AND hba1c >= 6.6 THEN high risk,1,0.0414544608456728,238,22.6882745471878,0.4453781512605042,0.05,2,quantile_conjunction,
nhanes_ckd,4,5,15,IF age >= 66 AND diabetes_duration >= 19 THEN high risk,1,0.041127464517704,112,10.676835081029552,0.5892857142857143,0.05,2,quantile_conjunction,
nhanes_ckd,4,5,16,IF diabetes_duration >= 7 AND sex <= 1 THEN high risk,1,0.0407649726500506,377,35.93898951382269,0.4376657824933687,0.05,2,quantile_conjunction,
nhanes_ckd,4,5,17,IF sex <= 1 AND total_cholesterol <= 189 THEN high risk,1,0.0397944553699338,395,37.65490943755958,0.4227848101265822,0.05,2,quantile_conjunction,
nhanes_ckd,4,5,18,IF age >= 61 AND hba1c >= 8.6 THEN high risk,1,0.0397535244245323,76,7.244995233555768,0.5789473684210527,0.05,2,quantile_conjunction,
nhanes_ckd,4,5,19,IF age >= 50 AND sex <= 1 THEN high risk,1,0.0397360374447413,460,43.8512869399428,0.4260869565217391,0.05,2,quantile_conjunction,
nhanes_ckd,4,5,20,IF age >= 57 AND sex <= 1 THEN high risk,1,0.0391822761517522,380,36.22497616777884,0.4447368421052631,0.05,2,quantile_conjunction,
nhanes_ckd,5,1,1,IF systolic_bp >= 134.733 THEN high risk,1,0.0828555439698464,367,34.9857006673022,0.4795640326975476,0.05,1,quantile,
nhanes_ckd,5,1,2,IF uric_acid >= 6.1 THEN high risk,1,0.0742603478829113,389,37.08293612964728,0.4652956298200514,0.05,1,quantile,
nhanes_ckd,5,1,3,IF hba1c >= 8.5 THEN high risk,1,0.0734879763076561,224,21.353670162059103,0.4910714285714285,0.05,1,quantile,
nhanes_ckd,5,1,4,IF age >= 70 AND hba1c >= 6.6 THEN high risk,1,0.0482563041340148,144,13.727359389895138,0.5208333333333334,0.05,2,quantile_conjunction,
nhanes_ckd,5,1,5,IF systolic_bp >= 129 AND uric_acid >= 6.1 THEN high risk,1,0.0480189625673701,208,19.82840800762631,0.5,0.05,2,quantile_conjunction,
nhanes_ckd,5,1,6,IF systolic_bp >= 144.667 AND uric_acid >= 5 THEN high risk,1,0.0475495622536798,136,12.96472831267874,0.5514705882352942,0.05,2,quantile_conjunction,
nhanes_ckd,5,1,7,IF systolic_bp >= 144.667 AND uric_acid >= 6.1 THEN high risk,1,0.0470877593744612,84,8.007626310772164,0.5714285714285714,0.05,2,quantile_conjunction,
nhanes_ckd,5,1,8,IF age >= 66 AND uric_acid >= 5.5 THEN high risk,1,0.0465114745221909,218,20.781696854146805,0.5412844036697247,0.05,2,quantile_conjunction,
nhanes_ckd,5,1,9,IF age >= 57 AND systolic_bp >= 123.667 THEN high risk,1,0.0463638516777474,491,46.80648236415634,0.4358452138492871,0.05,2,quantile_conjunction,
nhanes_ckd,5,1,10,IF age >= 70 AND diabetes_duration >= 10 THEN high risk,1,0.0460369596754975,170,16.205910390848427,0.5176470588235295,0.05,2,quantile_conjunction,
nhanes_ckd,5,1,11,IF diabetes_duration >= 13 AND systolic_bp >= 144.667 THEN high risk,1,0.0455591655201694,92,8.77025738798856,0.5869565217391305,0.05,2,quantile_conjunction,
nhanes_ckd,5,1,12,IF hba1c >= 7.6 AND systolic_bp >= 123.667 THEN high risk,1,0.0453463635750458,248,23.64156339370829,0.5241935483870968,0.05,2,quantile_conjunction,
nhanes_ckd,5,1,13,IF age >= 66 AND bmi >= 34.4 THEN high risk,1,0.0447960982065496,97,9.246901811248808,0.5360824742268041,0.05,2,quantile_conjunction,
nhanes_ckd,5,1,14,IF diabetes_duration >= 13 AND hdl <= 38 THEN high risk,1,0.0441856751188496,82,7.816968541468065,0.5365853658536586,0.05,2,quantile_conjunction,
nhanes_ckd,5,1,15,IF diastolic_bp <= 62 AND systolic_bp >= 123.667 THEN high risk,1,0.0440843512642344,91,8.674928503336512,0.5714285714285714,0.05,2,quantile_conjunction,
nhanes_ckd,5,1,16,IF age >= 57 AND diabetes_duration >= 10 THEN high risk,1,0.0437115608317572,461,43.94661582459485,0.4620390455531453,0.05,2,quantile_conjunction,
nhanes_ckd,5,1,17,IF hba1c >= 6.6 AND uric_acid >= 5.5 THEN high risk,1,0.0434228456697244,339,32.316491897044806,0.5014749262536873,0.05,2,quantile_conjunction,
nhanes_ckd,5,1,18,IF hdl <= 38 AND triglycerides >= 232.4 THEN high risk,1,0.043400295420801,110,10.486177311725452,0.4545454545454545,0.05,2,quantile_conjunction,
nhanes_ckd,5,1,19,IF hba1c >= 8.5 AND triglycerides >= 232.4 THEN high risk,1,0.0427769747045739,67,6.3870352716873215,0.582089552238806,0.05,2,quantile_conjunction,
nhanes_ckd,5,1,20,IF hba1c >= 7.6 AND triglycerides >= 232.4 THEN high risk,1,0.0422879273229181,95,9.05624404194471,0.5578947368421052,0.05,2,quantile_conjunction,
nhanes_ckd,5,2,1,IF systolic_bp >= 144 THEN high risk,1,0.0783768027200352,216,20.59103908484271,0.5370370370370371,0.05,1,quantile,
nhanes_ckd,5,2,2,IF systolic_bp >= 129 THEN high risk,1,0.0770059348625654,560,53.38417540514776,0.4571428571428571,0.05,1,quantile,
nhanes_ckd,5,2,3,IF hba1c >= 7.6 THEN high risk,1,0.0764202673430621,387,36.892278360343184,0.4625322997416021,0.05,1,quantile,
nhanes_ckd,5,2,4,IF age >= 65 THEN high risk,1,0.0666239181796818,416,39.65681601525262,0.4975961538461538,0.05,1,quantile,
nhanes_ckd,5,2,5,IF diastolic_bp >= 75.667 THEN high risk,1,0.0638172656104901,369,35.17635843660629,0.3983739837398374,0.05,1,quantile,
nhanes_ckd,5,2,6,IF total_cholesterol <= 210 THEN high risk,1,0.0636144097057319,842,80.26692087702574,0.3836104513064133,0.05,1,quantile,
nhanes_ckd,5,2,7,IF age >= 70 AND uric_acid >= 6.1 THEN high risk,1,0.0501798708745025,110,10.486177311725452,0.6272727272727273,0.05,2,quantile_conjunction,
nhanes_ckd,5,2,8,IF hba1c >= 7 AND uric_acid >= 4.9 THEN high risk,1,0.0479182801669525,342,32.60247855100095,0.5175438596491229,0.05,2,quantile_conjunction,
nhanes_ckd,5,2,9,IF hba1c >= 7 AND systolic_bp >= 114.667 THEN high risk,1,0.0475263343210813,440,41.94470924690181,0.4545454545454545,0.05,2,quantile_conjunction,
nhanes_ckd,5,2,10,IF bmi >= 29.1 AND diabetes_duration >= 18 THEN high risk,1,0.0462172686092758,135,12.869399428026693,0.5481481481481482,0.05,2,quantile_conjunction,
nhanes_ckd,5,2,11,IF systolic_bp >= 129 AND triglycerides >= 239.4 THEN high risk,1,0.0425261799090696,118,11.24880838894185,0.4915254237288136,0.05,2,quantile_conjunction,
nhanes_ckd,5,2,12,IF bmi >= 34.6 AND systolic_bp >= 144 THEN high risk,1,0.0418488017595034,66,6.291706387035272,0.6363636363636364,0.05,2,quantile_conjunction,
nhanes_ckd,5,2,13,IF bmi >= 34.6 AND hba1c >= 7.6 THEN high risk,1,0.040239558725414,138,13.15538608198284,0.5217391304347826,0.05,2,quantile_conjunction,
nhanes_ckd,5,2,14,IF bmi >= 38.84 AND hba1c >= 6.1 THEN high risk,1,0.038327861353058,167,15.919923736892278,0.4431137724550898,0.05,2,quantile_conjunction,
nhanes_ckd,5,2,15,IF bmi >= 31.8 AND hba1c >= 6.6 THEN high risk,1,0.0382790627861296,364,34.699714013346046,0.4532967032967033,0.05,2,quantile_conjunction,
nhanes_ckd,5,2,16,IF bmi >= 34.6 AND systolic_bp >= 114.667 THEN high risk,1,0.0378168398518577,282,26.88274547187798,0.4397163120567376,0.05,2,quantile_conjunction,
nhanes_ckd,5,2,17,IF systolic_bp >= 134.667 AND uric_acid >= 6.1 THEN high risk,1,0.0372245091040729,148,14.108674928503335,0.6148648648648649,0.05,2,quantile_conjunction,
nhanes_ckd,5,2,18,IF age >= 49.6 AND bmi >= 31.8 THEN high risk,1,0.0362189654228343,404,38.51286939942803,0.448019801980198,0.05,2,quantile_conjunction,
nhanes_ckd,5,2,19,IF bmi >= 34.6 AND uric_acid >= 6.1 THEN high risk,1,0.0349122258724093,169,16.11058150619638,0.5029585798816568,0.05,2,quantile_conjunction,
nhanes_ckd,5,2,20,IF bmi >= 31.8 AND uric_acid >= 6.1 THEN high risk,1,0.0349056428222714,224,21.353670162059103,0.5133928571428571,0.05,2,quantile_conjunction,
nhanes_ckd,5,3,1,IF hba1c >= 7.6 AND systolic_bp >= 134 THEN high risk,1,0.0554747447918716,142,13.536701620591035,0.5915492957746479,0.05,2,quantile_conjunction,
nhanes_ckd,5,3,2,IF diabetes_duration >= 10 AND uric_acid >= 6.1 THEN high risk,1,0.0546303659273385,213,20.30505243088656,0.568075117370892,0.05,2,quantile_conjunction,
nhanes_ckd,5,3,3,IF diabetes_duration >= 13 AND systolic_bp >= 128.333 THEN high risk,1,0.0540076877470422,227,21.63965681601525,0.5330396475770925,0.05,2,quantile_conjunction,
nhanes_ckd,5,3,4,IF diabetes_duration >= 10 AND systolic_bp >= 144.333 THEN high risk,1,0.052449760343615,133,12.678741658722592,0.5112781954887218,0.05,2,quantile_conjunction,
nhanes_ckd,5,3,5,IF age >= 57 AND systolic_bp >= 128.333 THEN high risk,1,0.0502291689862921,405,38.60819828408008,0.4814814814814814,0.05,2,quantile_conjunction,
nhanes_ckd,5,3,6,IF systolic_bp >= 144.333 AND uric_acid >= 4.9 THEN high risk,1,0.0500970424242877,139,13.250714966634892,0.539568345323741,0.05,2,quantile_conjunction,
nhanes_ckd,5,3,7,IF age >= 70 AND hba1c >= 6.6 THEN high risk,1,0.0500065882942153,138,13.15538608198284,0.5797101449275363,0.05,2,quantile_conjunction,
nhanes_ckd,5,3,8,IF bmi >= 29.3 AND hba1c >= 7 THEN high risk,1,0.0498782561619904,358,34.127740705433744,0.4636871508379888,0.05,2,quantile_conjunction,
nhanes_ckd,5,3,9,IF age >= 57 AND hba1c >= 6.6 THEN high risk,1,0.0493330484254986,439,41.84938036224976,0.4738041002277904,0.05,2,quantile_conjunction,
nhanes_ckd,5,3,10,IF hdl <= 45 AND systolic_bp >= 128.333 THEN high risk,1,0.0492726447298799,266,25.357483317445183,0.5150375939849624,0.05,2,quantile_conjunction,
nhanes_ckd,5,3,11,IF bmi >= 31.8 AND uric_acid >= 6.1 THEN high risk,1,0.0492442605368123,228,21.734985700667306,0.5087719298245614,0.05,2,quantile_conjunction,
nhanes_ckd,5,3,12,IF age >= 70 AND diastolic_bp <= 63 THEN high risk,1,0.0491267378059098,77,7.340324118207817,0.5974025974025974,0.05,2,quantile_conjunction,
nhanes_ckd,5,3,13,IF age >= 57 AND hba1c >= 7.6 THEN high risk,1,0.0489679987923986,215,20.495710200190658,0.5162790697674419,0.05,2,quantile_conjunction,
nhanes_ckd,5,3,14,IF hdl <= 45 AND systolic_bp >= 123.333 THEN high risk,1,0.0486304614158603,338,32.22116301239276,0.4733727810650887,0.05,2,quantile_conjunction,
nhanes_ckd,5,3,15,IF age >= 50 AND hdl <= 45 THEN high risk,1,0.0485308761032486,430,40.99142040038132,0.4372093023255814,0.05,2,quantile_conjunction,
nhanes_ckd,5,3,16,IF bmi >= 29.3 AND systolic_bp >= 128.333 THEN high risk,1,0.0484949537247035,358,34.127740705433744,0.4860335195530726,0.05,2,quantile_conjunction,
nhanes_ckd,5,3,17,IF bmi >= 31.8 AND diabetes_duration >= 19 THEN high risk,1,0.0481034988228521,114,10.867492850333653,0.5614035087719298,0.05,2,quantile_conjunction,
nhanes_ckd,5,3,18,IF diabetes_duration >= 19 AND total_cholesterol <= 171 THEN high risk,1,0.0478838857378124,131,12.488083889418494,0.5419847328244275,0.05,2,quantile_conjunction,
nhanes_ckd,5,3,19,IF bmi >= 29.3 AND diabetes_duration >= 10 THEN high risk,1,0.0478372921817612,390,37.178265014299335,0.4641025641025641,0.05,2,quantile_conjunction,
nhanes_ckd,5,3,20,IF age >= 50 AND bmi >= 29.3 THEN high risk,1,0.0478007270466087,545,51.95424213536701,0.4330275229357798,0.05,2,quantile_conjunction,
nhanes_ckd,5,4,1,IF sex <= 1 THEN high risk,1,0.0750404534721993,560,53.38417540514776,0.3946428571428571,0.05,1,quantile,
nhanes_ckd,5,4,2,IF diastolic_bp >= 72 THEN high risk,1,0.0741940697953181,569,54.24213536701621,0.3743409490333919,0.05,1,quantile,
nhanes_ckd,5,4,3,IF hba1c >= 8.6 AND uric_acid >= 6.1 THEN high risk,1,0.0502000400788475,67,6.3870352716873215,0.6567164179104478,0.05,2,quantile_conjunction,
nhanes_ckd,5,4,4,IF diabetes_duration >= 13 AND systolic_bp >= 134 THEN high risk,1,0.0498332105537579,149,14.204003813155383,0.5906040268456376,0.05,2,quantile_conjunction,
nhanes_ckd,5,4,5,IF age >= 50 AND hba1c >= 7 THEN high risk,1,0.049286809485685,432,41.18207816968542,0.4629629629629629,0.05,2,quantile_conjunction,
nhanes_ckd,5,4,6,IF hba1c >= 8.6 AND uric_acid >= 5 THEN high risk,1,0.0488044987271973,121,11.534795042898,0.5950413223140496,0.05,2,quantile_conjunction,
nhanes_ckd,5,4,7,IF systolic_bp >= 122.467 AND uric_acid >= 6.1 THEN high risk,1,0.0487513932704502,254,24.21353670162059,0.5118110236220472,0.05,2,quantile_conjunction,
nhanes_ckd,5,4,8,IF diabetes_duration >= 7 AND systolic_bp >= 143.467 THEN high risk,1,0.0480994707983078,147,14.013346043851287,0.5170068027210885,0.05,2,quantile_conjunction,
nhanes_ckd,5,4,9,IF age >= 71 AND systolic_bp >= 122.467 THEN high risk,1,0.04788910889263,167,15.919923736892278,0.5029940119760479,0.05,2,quantile_conjunction,
nhanes_ckd,5,4,10,IF triglycerides >= 239 AND uric_acid >= 6.1 THEN high risk,1,0.0475566674964009,91,8.674928503336512,0.4945054945054945,0.05,2,quantile_conjunction,
nhanes_ckd,5,4,11,IF age >= 57 AND uric_acid >= 5.5 THEN high risk,1,0.0473273685761306,383,36.510962821734985,0.4595300261096606,0.05,2,quantile_conjunction,
nhanes_ckd,5,4,12,IF diastolic_bp >= 81.333 AND hba1c >= 7.6 THEN high risk,1,0.0470154473607216,84,8.007626310772164,0.5119047619047619,0.05,2,quantile_conjunction,
nhanes_ckd,5,4,13,IF hba1c >= 8.6 AND hdl <= 37 THEN high risk,1,0.0466340898872231,65,6.196377502383222,0.6307692307692307,0.05,2,quantile_conjunction,
nhanes_ckd,5,4,14,IF age >= 71 AND diabetes_duration >= 13 THEN high risk,1,0.0466318442115753,112,10.676835081029552,0.5982142857142857,0.05,2,quantile_conjunction,
nhanes_ckd,5,4,15,IF hdl <= 41 AND uric_acid >= 5.5 THEN high risk,1,0.0461329149499681,219,20.877025738798856,0.4703196347031963,0.05,2,quantile_conjunction,
nhanes_ckd,5,4,16,IF diastolic_bp >= 81.333 AND hba1c >= 7 THEN high risk,1,0.0456783376290571,111,10.581506196377502,0.5225225225225225,0.05,2,quantile_conjunction,
nhanes_ckd,5,4,17,IF bmi >= 38.6 AND hba1c >= 6.6 THEN high risk,1,0.0454947413899815,141,13.44137273593899,0.4326241134751773,0.05,2,quantile_conjunction,
nhanes_ckd,5,4,18,IF bmi >= 31.7 AND diastolic_bp >= 81.333 THEN high risk,1,0.0454937964249687,134,12.774070543374645,0.4328358208955223,0.05,2,quantile_conjunction,
nhanes_ckd,5,4,19,IF systolic_bp >= 143.467 AND uric_acid >= 6.9 THEN high risk,1,0.0453676251849624,47,4.480457578646329,0.6170212765957447,0.05,2,quantile_conjunction,
nhanes_ckd,5,4,20,IF hdl <= 37 AND uric_acid >= 6.1 THEN high risk,1,0.0445681118146167,108,10.295519542421356,0.5185185185185185,0.05,2,quantile_conjunction,
nhanes_ckd,5,5,1,IF age >= 65 THEN high risk,1,0.0748473064547688,409,38.989513822688274,0.4596577017114914,0.05,1,quantile,
nhanes_ckd,5,5,2,IF diabetes_duration >= 7 THEN high risk,1,0.0739436791895521,691,65.87225929456625,0.4182344428364689,0.05,1,quantile,
nhanes_ckd,5,5,3,IF bmi >= 26.9 THEN high risk,1,0.0722061451522026,842,80.26692087702574,0.3824228028503563,0.05,1,quantile,
nhanes_ckd,5,5,4,IF diabetes_duration >= 10 AND hba1c >= 8.5 THEN high risk,1,0.0488125907632042,128,12.202097235462343,0.5546875,0.05,2,quantile_conjunction,
nhanes_ckd,5,5,5,IF diabetes_duration >= 13 AND uric_acid >= 7 THEN high risk,1,0.048332696171875,91,8.674928503336512,0.7362637362637363,0.05,2,quantile_conjunction,
nhanes_ckd,5,5,6,IF age >= 50 AND hba1c >= 8.5 THEN high risk,1,0.047986473340071,165,15.72926596758818,0.5393939393939394,0.05,2,quantile_conjunction,
nhanes_ckd,5,5,7,IF hba1c >= 7.6 AND triglycerides >= 178.4 THEN high risk,1,0.047655493551891,169,16.11058150619638,0.5384615384615384,0.05,2,quantile_conjunction,
nhanes_ckd,5,5,8,IF age >= 65 AND uric_acid >= 7 THEN high risk,1,0.0473017716321239,98,9.342230695900858,0.6020408163265306,0.05,2,quantile_conjunction,
nhanes_ckd,5,5,9,IF hba1c >= 7.6 AND systolic_bp >= 122 THEN high risk,1,0.0472053604892689,257,24.49952335557674,0.5330739299610895,0.05,2,quantile_conjunction,
nhanes_ckd,5,5,10,IF diastolic_bp >= 76 AND hba1c >= 8.5 THEN high risk,1,0.0464558321876546,95,9.05624404194471,0.5894736842105263,0.05,2,quantile_conjunction,
nhanes_ckd,5,5,11,IF age >= 62 AND hba1c >= 8.5 THEN high risk,1,0.0461213111708475,80,7.626310772163966,0.5375,0.05,2,quantile_conjunction,
nhanes_ckd,5,5,12,IF diabetes_duration >= 18 AND systolic_bp >= 143.333 THEN high risk,1,0.0454721178383926,61,5.815061963775023,0.7049180327868853,0.05,2,quantile_conjunction,
nhanes_ckd,5,5,13,IF hdl <= 37 AND uric_acid >= 7 THEN high risk,1,0.0451643365487014,74,7.0543374642516685,0.581081081081081,0.05,2,quantile_conjunction,
nhanes_ckd,5,5,14,IF age >= 57 AND hba1c >= 7.6 THEN high risk,1,0.0450630857020806,225,21.448999046711155,0.52,0.05,2,quantile_conjunction,
nhanes_ckd,5,5,15,IF hba1c >= 6.1 AND uric_acid >= 4.3 THEN high risk,1,0.0443376023617283,696,66.3489037178265,0.4238505747126437,0.05,2,quantile_conjunction,
nhanes_ckd,5,5,16,IF diastolic_bp >= 81 AND hdl <= 37 THEN high risk,1,0.0442531918093089,55,5.243088655862726,0.4545454545454545,0.05,2,quantile_conjunction,
nhanes_ckd,5,5,17,IF age >= 70 AND systolic_bp >= 133.333 THEN high risk,1,0.0440780613293264,107,10.200190657769303,0.5327102803738317,0.05,2,quantile_conjunction,
nhanes_ckd,5,5,18,IF diabetes_duration >= 18 AND diastolic_bp >= 81 THEN high risk,1,0.0440630946282315,35,3.336510962821735,0.6285714285714286,0.05,2,quantile_conjunction,
nhanes_ckd,5,5,19,IF diastolic_bp >= 76 AND uric_acid >= 4.3 THEN high risk,1,0.0433890779625003,301,28.69399428026692,0.4318936877076412,0.05,2,quantile_conjunction,
nhanes_ckd,5,5,20,IF diabetes_duration >= 10 AND diastolic_bp >= 81 THEN high risk,1,0.0433107717162695,103,9.818875119161106,0.5436893203883495,0.05,2,quantile_conjunction,
nhanes_ckd,6,1,1,IF systolic_bp >= 134.133 THEN high risk,1,0.0776480162265687,367,34.9857006673022,0.4877384196185286,0.05,1,quantile,
nhanes_ckd,6,1,2,IF systolic_bp >= 114.667 THEN high risk,1,0.0732766558054063,845,80.55290753098188,0.3810650887573965,0.05,1,quantile,
nhanes_ckd,6,1,3,IF diastolic_bp <= 68.333 THEN high risk,1,0.0716496378132174,369,35.17635843660629,0.4065040650406504,0.05,1,quantile,
nhanes_ckd,6,1,4,IF diabetes_duration >= 19 AND uric_acid >= 5.5 THEN high risk,1,0.0482804777779885,119,11.3441372735939,0.6470588235294118,0.05,2,quantile_conjunction,
nhanes_ckd,6,1,5,IF age >= 65 AND hba1c >= 7.7 THEN high risk,1,0.0481808060068322,117,11.1534795042898,0.5811965811965812,0.05,2,quantile_conjunction,
nhanes_ckd,6,1,6,IF age >= 57 AND uric_acid >= 5.5 THEN high risk,1,0.0475132009415174,374,35.65300285986654,0.4919786096256685,0.05,2,quantile_conjunction,
nhanes_ckd,6,1,7,IF age >= 50 AND systolic_bp >= 128 THEN high risk,1,0.0470558217014553,490,46.71115347950429,0.4653061224489795,0.05,2,quantile_conjunction,
nhanes_ckd,6,1,8,IF diabetes_duration >= 3.6 AND hba1c >= 7.1 THEN high risk,1,0.0468892217113353,453,43.18398474737846,0.4481236203090508,0.05,2,quantile_conjunction,
nhanes_ckd,6,1,9,IF age >= 57 AND hba1c >= 8.64 THEN high risk,1,0.0461361690114426,113,10.7721639656816,0.5663716814159292,0.05,2,quantile_conjunction,
nhanes_ckd,6,1,10,IF diabetes_duration >= 19 AND hba1c >= 8.64 THEN high risk,1,0.0461011708283386,58,5.529075309818875,0.5862068965517241,0.05,2,quantile_conjunction,
nhanes_ckd,6,1,11,IF age >= 62 AND diastolic_bp <= 62.667 THEN high risk,1,0.046000293808929,148,14.108674928503335,0.5202702702702703,0.05,2,quantile_conjunction,
nhanes_ckd,6,1,12,IF hba1c >= 6.6 AND systolic_bp >= 128 THEN high risk,1,0.0456833312782675,381,36.32030505243088,0.4724409448818897,0.05,2,quantile_conjunction,
nhanes_ckd,6,1,13,IF hba1c >= 6.6 AND uric_acid >= 4.3 THEN high risk,1,0.04549899285846,550,52.43088655862727,0.4472727272727272,0.05,2,quantile_conjunction,
nhanes_ckd,6,1,14,IF age >= 70 AND diabetes_duration >= 10 THEN high risk,1,0.044777762876112,155,14.77597712106768,0.567741935483871,0.05,2,quantile_conjunction,
nhanes_ckd,6,1,15,IF systolic_bp >= 143.333 AND triglycerides >= 247 THEN high risk,1,0.0447333078044262,50,4.766444232602479,0.6,0.05,2,quantile_conjunction,
nhanes_ckd,6,1,16,IF bmi >= 38.1 AND hba1c >= 6.1 THEN high risk,1,0.0445431361139807,172,16.396568160152526,0.4767441860465116,0.05,2,quantile_conjunction,
nhanes_ckd,6,1,17,IF bmi >= 34.3 AND diastolic_bp <= 62.667 THEN high risk,1,0.0445363815908948,59,5.624404194470925,0.4745762711864407,0.05,2,quantile_conjunction,
nhanes_ckd,6,1,18,IF bmi >= 34.3 AND hdl <= 37 THEN high risk,1,0.0444631456500452,96,9.151572926596758,0.4583333333333333,0.05,2,quantile_conjunction,
nhanes_ckd,6,1,19,IF bmi >= 31.5 AND uric_acid >= 5.5 THEN high risk,1,0.0444435334209844,301,28.69399428026692,0.4883720930232558,0.05,2,quantile_conjunction,
nhanes_ckd,6,1,20,IF systolic_bp >= 143.333 AND uric_acid >= 6.8 THEN high risk,1,0.0425889367737969,46,4.38512869399428,0.717391304347826,0.05,2,quantile_conjunction,
nhanes_ckd,6,2,1,IF systolic_bp >= 128.167 THEN high risk,1,0.0676232445509974,560,53.38417540514776,0.4392857142857143,0.05,1,quantile,
nhanes_ckd,6,2,2,IF triglycerides >= 112 THEN high risk,1,0.0667281682503963,683,65.10962821734985,0.3792093704245973,0.05,1,quantile,
nhanes_ckd,6,2,3,IF total_cholesterol <= 156 THEN high risk,1,0.0666577959621212,369,35.17635843660629,0.3821138211382114,0.05,1,quantile,
nhanes_ckd,6,2,4,IF diastolic_bp >= 75.333 THEN high risk,1,0.0666094064599649,381,36.32030505243088,0.3858267716535433,0.05,1,quantile,
nhanes_ckd,6,2,5,IF diastolic_bp <= 68.333 THEN high risk,1,0.0664773021307686,370,35.27168732125834,0.3702702702702702,0.05,1,quantile,
nhanes_ckd,6,2,6,IF bmi >= 29 THEN high risk,1,0.0662951394790615,687,65.49094375595806,0.3857350800582241,0.05,1,quantile,
nhanes_ckd,6,2,7,IF sex <= 1 THEN high risk,1,0.0654141421013105,549,52.33555767397522,0.3989071038251366,0.05,1,quantile,
nhanes_ckd,6,2,8,IF diabetes_duration >= 13 AND uric_acid >= 6.8 THEN high risk,1,0.0475434808521642,96,9.151572926596758,0.71875,0.05,2,quantile_conjunction,
nhanes_ckd,6,2,9,IF age >= 66 AND uric_acid >= 6.8 THEN high risk,1,0.0455970653622941,98,9.342230695900858,0.6530612244897959,0.05,2,quantile_conjunction,
nhanes_ckd,6,2,10,IF bmi >= 31.6 AND uric_acid >= 6.8 THEN high risk,1,0.0431201240691677,143,13.63203050524309,0.5454545454545454,0.05,2,quantile_conjunction,
nhanes_ckd,6,2,11,IF sex <= 1 AND uric_acid >= 6 THEN high risk,1,0.0409446385878199,247,23.546234509056244,0.4736842105263157,0.05,2,quantile_conjunction,
nhanes_ckd,6,2,12,IF age >= 50 AND hba1c >= 7 THEN high risk,1,0.0404530036337658,438,41.75405147759771,0.4726027397260274,0.05,2,quantile_conjunction,
nhanes_ckd,6,2,13,IF age >= 66 AND bmi >= 31.6 THEN high risk,1,0.0403678372197627,160,15.252621544327932,0.56875,0.05,2,quantile_conjunction,
nhanes_ckd,6,2,14,IF bmi >= 38.4 AND sex <= 1 THEN high risk,1,0.0401868904351871,79,7.530981887511916,0.4683544303797468,0.05,2,quantile_conjunction,
nhanes_ckd,6,2,15,IF diabetes_duration >= 20 AND hba1c >= 7.6 THEN high risk,1,0.0397100276765499,93,8.865586272640611,0.5591397849462365,0.05,2,quantile_conjunction,
nhanes_ckd,6,2,16,IF age >= 50 AND diabetes_duration >= 3 THEN high risk,1,0.0396397086800881,742,70.73403241182078,0.4123989218328841,0.05,2,quantile_conjunction,
nhanes_ckd,6,2,17,IF age >= 66 AND diabetes_duration >= 10 THEN high risk,1,0.0394312729106089,265,25.26215443279314,0.5245283018867924,0.05,2,quantile_conjunction,
nhanes_ckd,6,2,18,IF diabetes_duration >= 20 AND uric_acid >= 4.3 THEN high risk,1,0.0390951958358334,167,15.919923736892278,0.592814371257485,0.05,2,quantile_conjunction,
nhanes_ckd,6,2,19,IF hba1c >= 7 AND systolic_bp >= 128.167 THEN high risk,1,0.0390620609929705,284,27.073403241182078,0.5246478873239436,0.05,2,quantile_conjunction,
nhanes_ckd,6,2,20,IF bmi >= 38.4 AND hba1c >= 8.7 THEN high risk,1,0.0390434948091663,43,4.099142040038132,0.5348837209302325,0.05,2,quantile_conjunction,
nhanes_ckd,6,3,1,IF age >= 57 THEN high risk,1,0.0740145384799938,709,67.58817921830314,0.4090267983074753,0.05,1,quantile,
nhanes_ckd,6,3,2,IF systolic_bp >= 123.333 THEN high risk,1,0.0724209015394058,689,65.68160152526215,0.4223512336719884,0.05,1,quantile,
nhanes_ckd,6,3,3,IF diastolic_bp >= 69.333 THEN high risk,1,0.0715737376715489,684,65.2049571020019,0.3698830409356725,0.05,1,quantile,
nhanes_ckd,6,3,4,IF hdl <= 37 THEN high risk,1,0.0710862415335003,227,21.63965681601525,0.4361233480176211,0.05,1,quantile,
nhanes_ckd,6,3,5,IF age >= 62 AND uric_acid >= 6.1 THEN high risk,1,0.048599763737379,221,21.06768350810296,0.5248868778280543,0.05,2,quantile_conjunction,
nhanes_ckd,6,3,6,IF hba1c >= 7 AND uric_acid >= 5 THEN high risk,1,0.0468065342932079,330,31.45853193517636,0.4818181818181818,0.05,2,quantile_conjunction,
nhanes_ckd,6,3,7,IF age >= 57 AND systolic_bp >= 145.333 THEN high risk,1,0.046221516016464,164,15.63393708293613,0.5609756097560976,0.05,2,quantile_conjunction,
nhanes_ckd,6,3,8,IF age >= 66 AND hdl <= 46 THEN high risk,1,0.0458770096681868,184,17.54051477597712,0.4945652173913043,0.05,2,quantile_conjunction,
nhanes_ckd,6,3,9,IF age >= 71 AND diabetes_duration >= 13 THEN high risk,1,0.045394110234278,116,11.05815061963775,0.5775862068965517,0.05,2,quantile_conjunction,
nhanes_ckd,6,3,10,IF age >= 71 AND systolic_bp >= 145.333 THEN high risk,1,0.0449122923586873,56,5.338417540514776,0.6071428571428571,0.05,2,quantile_conjunction,
nhanes_ckd,6,3,11,IF age >= 62 AND diastolic_bp >= 75.667 THEN high risk,1,0.0442547931725279,142,13.536701620591035,0.4929577464788732,0.05,2,quantile_conjunction,
nhanes_ckd,6,3,12,IF hba1c >= 8.6 AND sex <= 1 THEN high risk,1,0.0440751877641993,116,11.05815061963775,0.4827586206896552,0.05,2,quantile_conjunction,
nhanes_ckd,6,3,13,IF diabetes_duration >= 19 AND systolic_bp >= 129.333 THEN high risk,1,0.0440241562455367,139,13.250714966634892,0.60431654676259,0.05,2,quantile_conjunction,
nhanes_ckd,6,3,14,IF hba1c >= 7.6 AND systolic_bp >= 123.333 THEN high risk,1,0.0433034365330795,259,24.69018112488084,0.528957528957529,0.05,2,quantile_conjunction,
nhanes_ckd,6,3,15,IF hdl <= 59 AND systolic_bp >= 115.867 THEN high risk,1,0.0432828221950083,669,63.775023832221166,0.4185351270553064,0.05,2,quantile_conjunction,
nhanes_ckd,6,3,16,IF hdl <= 37 AND sex <= 1 THEN high risk,1,0.0432488484351986,174,16.587225929456626,0.4425287356321839,0.05,2,quantile_conjunction,
nhanes_ckd,6,3,17,IF bmi >= 31.8 AND hdl <= 37 THEN high risk,1,0.0430946807354958,140,13.34604385128694,0.4714285714285714,0.05,2,quantile_conjunction,
nhanes_ckd,6,3,18,IF diastolic_bp >= 75.667 AND hba1c >= 6.1 THEN high risk,1,0.0427125591651875,309,29.45662535748332,0.4401294498381877,0.05,2,quantile_conjunction,
nhanes_ckd,6,3,19,IF hdl <= 59 AND systolic_bp >= 129.333 THEN high risk,1,0.0425669949058227,442,42.13536701620591,0.4909502262443438,0.05,2,quantile_conjunction,
nhanes_ckd,6,3,20,IF diastolic_bp >= 75.667 AND systolic_bp >= 145.333 THEN high risk,1,0.0425298753152912,139,13.250714966634892,0.5755395683453237,0.05,2,quantile_conjunction,
nhanes_ckd,6,4,1,IF systolic_bp >= 122 THEN high risk,1,0.0732761124587986,690,65.7769304099142,0.427536231884058,0.05,1,quantile,
nhanes_ckd,6,4,2,IF uric_acid >= 4.3 THEN high risk,1,0.0716383967273881,854,81.41086749285034,0.3840749414519906,0.05,1,quantile,
nhanes_ckd,6,4,3,IF hdl <= 59 THEN high risk,1,0.0713561376192007,843,80.36224976167779,0.3867141162514828,0.05,1,quantile,
nhanes_ckd,6,4,4,IF triglycerides >= 113 THEN high risk,1,0.0708435829472147,687,65.49094375595806,0.3915574963609898,0.05,1,quantile,
nhanes_ckd,6,4,5,IF diabetes_duration >= 18 AND systolic_bp >= 114.667 THEN high risk,1,0.04834012484262,185,17.63584366062917,0.5567567567567567,0.05,2,quantile_conjunction,
nhanes_ckd,6,4,6,IF systolic_bp >= 134 AND uric_acid >= 4.9 THEN high risk,1,0.0482296769764884,262,24.976167778836988,0.5190839694656488,0.05,2,quantile_conjunction,
nhanes_ckd,6,4,7,IF diabetes_duration >= 6.8 AND systolic_bp >= 134 THEN high risk,1,0.0477907222899694,268,25.54814108674929,0.5447761194029851,0.05,2,quantile_conjunction,
nhanes_ckd,6,4,8,IF age >= 65 AND hdl <= 37 THEN high risk,1,0.0462677618042062,78,7.435653002859867,0.5641025641025641,0.05,2,quantile_conjunction,
nhanes_ckd,6,4,9,IF diabetes_duration >= 6.8 AND uric_acid >= 6.1 THEN high risk,1,0.0448276962631932,249,23.736892278360344,0.5742971887550201,0.05,2,quantile_conjunction,
nhanes_ckd,6,4,10,IF hba1c >= 7 AND systolic_bp >= 122 THEN high risk,1,0.0444317586248424,369,35.17635843660629,0.5149051490514905,0.05,2,quantile_conjunction,
nhanes_ckd,6,4,11,IF diabetes_duration >= 18 AND triglycerides >= 180 THEN high risk,1,0.0441836352461649,63,6.005719733079123,0.5238095238095238,0.05,2,quantile_conjunction,
nhanes_ckd,6,4,12,IF bmi >= 29.3 AND triglycerides >= 180 THEN high risk,1,0.0440590652141005,255,24.30886558627264,0.4470588235294118,0.05,2,quantile_conjunction,
nhanes_ckd,6,4,13,IF age >= 57 AND diabetes_duration >= 10 THEN high risk,1,0.0439021191721385,419,39.94280266920877,0.4653937947494033,0.05,2,quantile_conjunction,
nhanes_ckd,6,4,14,IF hba1c >= 6.1 AND triglycerides >= 180 THEN high risk,1,0.0436989963869894,324,30.88655862726406,0.4506172839506173,0.05,2,quantile_conjunction,
nhanes_ckd,6,4,15,IF systolic_bp >= 128 AND triglycerides >= 237.4 THEN high risk,1,0.043480623612022,115,10.9628217349857,0.5217391304347826,0.05,2,quantile_conjunction,
nhanes_ckd,6,4,16,IF diastolic_bp >= 76 AND systolic_bp >= 128 THEN high risk,1,0.0434541811555407,269,25.64346997140133,0.4795539033457249,0.05,2,quantile_conjunction,
nhanes_ckd,6,4,17,IF bmi >= 34.5 AND hba1c >= 6.1 THEN high risk,1,0.0433838403652333,300,28.59866539561487,0.4466666666666666,0.05,2,quantile_conjunction,
nhanes_ckd,6,4,18,IF diabetes_duration >= 10 AND triglycerides >= 180 THEN high risk,1,0.0429974970611091,191,18.20781696854147,0.4764397905759162,0.05,2,quantile_conjunction,
nhanes_ckd,6,4,19,IF triglycerides >= 143 AND uric_acid >= 6.8 THEN high risk,1,0.0427157007952111,128,12.202097235462343,0.578125,0.05,2,quantile_conjunction,
nhanes_ckd,6,4,20,IF bmi >= 29.3 AND hba1c >= 8.64 THEN high risk,1,0.0411223704375679,149,14.204003813155383,0.5906040268456376,0.05,2,quantile_conjunction,
nhanes_ckd,6,5,1,IF diabetes_duration >= 7 THEN high risk,1,0.0733470439727309,704,67.1115347950429,0.4090909090909091,0.05,1,quantile,
nhanes_ckd,6,5,2,IF systolic_bp >= 123.667 THEN high risk,1,0.0714988434599637,683,65.10962821734985,0.4260614934114202,0.05,1,quantile,
nhanes_ckd,6,5,3,IF diastolic_bp <= 63.2 THEN high risk,1,0.0705536706155985,210,20.019065776930407,0.4285714285714285,0.05,1,quantile,
nhanes_ckd,6,5,4,IF uric_acid >= 6.9 THEN high risk,1,0.0695528776181062,219,20.877025738798856,0.5844748858447488,0.05,1,quantile,
nhanes_ckd,6,5,5,IF diabetes_duration >= 13 AND systolic_bp >= 115.333 THEN high risk,1,0.0494559141249971,315,30.028598665395617,0.4857142857142857,0.05,2,quantile_conjunction,
nhanes_ckd,6,5,6,IF diabetes_duration >= 13 AND hba1c >= 7.6 THEN high risk,1,0.0483604837757697,170,16.205910390848427,0.5352941176470588,0.05,2,quantile_conjunction,
nhanes_ckd,6,5,7,IF age >= 50 AND hba1c >= 7.6 THEN high risk,1,0.0479729025451315,294,28.02669208770257,0.4761904761904761,0.05,2,quantile_conjunction,
nhanes_ckd,6,5,8,IF bmi >= 31.5 AND diabetes_duration >= 13 THEN high risk,1,0.0472151172380632,177,16.873212583412776,0.5310734463276836,0.05,2,quantile_conjunction,
nhanes_ckd,6,5,9,IF hba1c >= 8.5 AND systolic_bp >= 115.333 THEN high risk,1,0.0460091891814861,180,17.15919923736892,0.4944444444444444,0.05,2,quantile_conjunction,
nhanes_ckd,6,5,10,IF diabetes_duration >= 4 AND systolic_bp >= 123.667 THEN high risk,1,0.0453436217142508,562,53.57483317445186,0.4483985765124555,0.05,2,quantile_conjunction,
nhanes_ckd,6,5,11,IF age >= 62 AND hba1c >= 7.6 THEN high risk,1,0.0451704282988441,161,15.34795042897998,0.546583850931677,0.05,2,quantile_conjunction,
nhanes_ckd,6,5,12,IF bmi >= 34.22 AND diabetes_duration >= 13 THEN high risk,1,0.0448789159418102,120,11.43946615824595,0.5333333333333333,0.05,2,quantile_conjunction,
nhanes_ckd,6,5,13,IF hba1c >= 8.5 AND uric_acid >= 6.1 THEN high risk,1,0.0447701198701578,64,6.1010486177311725,0.65625,0.05,2,quantile_conjunction,
nhanes_ckd,6,5,14,IF age >= 57 AND systolic_bp >= 123.667 THEN high risk,1,0.0447245424793932,482,45.94852240228789,0.4647302904564315,0.05,2,quantile_conjunction,
nhanes_ckd,6,5,15,IF age >= 50 AND diastolic_bp <= 63.2 THEN high risk,1,0.0428174837722347,192,18.30314585319352,0.453125,0.05,2,quantile_conjunction,
nhanes_ckd,6,5,16,IF age >= 70 AND uric_acid >= 5.4 THEN high risk,1,0.0423395945315605,146,13.918017159199236,0.6232876712328768,0.05,2,quantile_conjunction,
nhanes_ckd,6,5,17,IF age >= 57 AND bmi >= 31.5 THEN high risk,1,0.0421958302334909,326,31.07721639656816,0.4601226993865031,0.05,2,quantile_conjunction,
nhanes_ckd,6,5,18,IF bmi >= 34.22 AND diabetes_duration >= 4 THEN high risk,1,0.0419907353775216,285,27.16873212583413,0.4456140350877193,0.05,2,quantile_conjunction,
nhanes_ckd,6,5,19,IF age >= 50 AND uric_acid >= 4.3 THEN high risk,1,0.0415894959605695,710,67.68350810295519,0.4253521126760563,0.05,2,quantile_conjunction,
nhanes_ckd,6,5,20,IF systolic_bp >= 135 AND uric_acid >= 6.9 THEN high risk,1,0.0402131892883191,83,7.912297426120114,0.7108433734939759,0.05,2,quantile_conjunction,
nhanes_ckd,7,1,1,IF age >= 62 THEN high risk,1,0.0747558389445923,527,50.23832221163013,0.4383301707779886,0.05,1,quantile,
nhanes_ckd,7,1,2,IF diastolic_bp >= 76 THEN high risk,1,0.0706823069135817,370,35.27168732125834,0.4081081081081081,0.05,1,quantile,
nhanes_ckd,7,1,3,IF triglycerides >= 240 THEN high risk,1,0.0703395463496474,211,20.11439466158246,0.4123222748815165,0.05,1,quantile,
nhanes_ckd,7,1,4,IF uric_acid >= 6.1 THEN high risk,1,0.0694774756622604,380,36.22497616777884,0.481578947368421,0.05,1,quantile,
nhanes_ckd,7,1,5,IF age >= 62 AND hdl <= 41 THEN high risk,1,0.0509746580552611,188,17.921830314585318,0.5212765957446809,0.05,2,quantile_conjunction,
nhanes_ckd,7,1,6,IF age >= 65 AND bmi >= 34.5 THEN high risk,1,0.0463734088893963,107,10.200190657769303,0.5420560747663551,0.05,2,quantile_conjunction,
nhanes_ckd,7,1,7,IF age >= 57 AND bmi >= 31.75 THEN high risk,1,0.0453690623557358,323,30.79122974261201,0.4643962848297213,0.05,2,quantile_conjunction,
nhanes_ckd,7,1,8,IF diabetes_duration >= 18 AND systolic_bp >= 128 THEN high risk,1,0.0453639734876322,147,14.013346043851287,0.5782312925170068,0.05,2,quantile_conjunction,
nhanes_ckd,7,1,9,IF bmi >= 31.75 AND hba1c >= 6.2 THEN high risk,1,0.0450402781521201,423,40.324118207816966,0.4515366430260047,0.05,2,quantile_conjunction,
nhanes_ckd,7,1,10,IF age >= 65 AND hba1c >= 8.7 THEN high risk,1,0.0449009239100785,61,5.815061963775023,0.6557377049180327,0.05,2,quantile_conjunction,
nhanes_ckd,7,1,11,IF hba1c >= 8.7 AND systolic_bp >= 144 THEN high risk,1,0.0447758265990382,45,4.28979980934223,0.7111111111111111,0.05,2,quantile_conjunction,
nhanes_ckd,7,1,12,IF hba1c >= 6.6 AND systolic_bp >= 144 THEN high risk,1,0.0447440805018273,136,12.96472831267874,0.5735294117647058,0.05,2,quantile_conjunction,
nhanes_ckd,7,1,13,IF diabetes_duration >= 13 AND hba1c >= 7 THEN high risk,1,0.04459145536646,242,23.069590085796,0.5082644628099173,0.05,2,quantile_conjunction,
nhanes_ckd,7,1,14,IF hba1c >= 8.7 AND uric_acid >= 5.5 THEN high risk,1,0.0444865871587412,80,7.626310772163966,0.6125,0.05,2,quantile_conjunction,
nhanes_ckd,7,1,15,IF bmi >= 31.75 AND uric_acid >= 5.5 THEN high risk,1,0.0443531034216747,299,28.503336510962825,0.471571906354515,0.05,2,quantile_conjunction,
nhanes_ckd,7,1,16,IF hba1c >= 7 AND systolic_bp >= 144 THEN high risk,1,0.0442671055165476,114,10.867492850333653,0.6140350877192983,0.05,2,quantile_conjunction,
nhanes_ckd,7,1,17,IF diastolic_bp >= 76 AND systolic_bp >= 134.667 THEN high risk,1,0.0441115222965783,214,20.400381315538606,0.5,0.05,2,quantile_conjunction,
nhanes_ckd,7,1,18,IF age >= 50 AND systolic_bp >= 122.667 THEN high risk,1,0.0440023576436959,592,56.43469971401335,0.4358108108108108,0.05,2,quantile_conjunction,
nhanes_ckd,7,1,19,IF age >= 70 AND uric_acid >= 6.8 THEN high risk,1,0.0412814029173331,70,6.67302192564347,0.7142857142857143,0.05,2,quantile_conjunction,
nhanes_ckd,7,1,20,IF age >= 70 AND diabetes_duration >= 18 THEN high risk,1,0.0401090858577971,82,7.816968541468065,0.6829268292682927,0.05,2,quantile_conjunction,
nhanes_ckd,7,2,1,IF hba1c >= 7.7 THEN high risk,1,0.0796250089575988,384,36.60629170638703,0.4479166666666667,0.05,1,quantile,
nhanes_ckd,7,2,2,IF systolic_bp >= 135.333 AND uric_acid >= 5 THEN high risk,1,0.0657075393996734,254,24.21353670162059,0.5039370078740157,0.05,2,quantile_conjunction,
nhanes_ckd,7,2,3,IF triglycerides >= 115 THEN high risk,1,0.0647638482131917,683,65.10962821734985,0.3777452415812591,0.05,1,quantile,
nhanes_ckd,7,2,4,IF age >= 62 AND uric_acid >= 6.1 THEN high risk,1,0.0601790902782084,224,21.353670162059103,0.5446428571428571,0.05,2,quantile_conjunction,
nhanes_ckd,7,2,5,IF hba1c >= 6.1 AND uric_acid >= 6.1 THEN high risk,1,0.0550577568050176,322,30.695900857959963,0.5062111801242236,0.05,2,quantile_conjunction,
nhanes_ckd,7,2,6,IF hba1c >= 7.1 AND uric_acid >= 5 THEN high risk,1,0.0529929320135297,333,31.744518589132507,0.4864864864864865,0.05,2,quantile_conjunction,
nhanes_ckd,7,2,7,IF age >= 66 AND bmi >= 31.8 THEN high risk,1,0.0511804247764094,154,14.680648236415632,0.5584415584415584,0.05,2,quantile_conjunction,
nhanes_ckd,7,2,8,IF bmi >= 31.8 AND hba1c >= 7.1 THEN high risk,1,0.0478070094101716,276,26.31077216396568,0.4927536231884058,0.05,2,quantile_conjunction,
nhanes_ckd,7,2,9,IF diabetes_duration >= 19 AND systolic_bp >= 145.333 THEN high risk,1,0.0468776885596691,55,5.243088655862726,0.6,0.05,2,quantile_conjunction,
nhanes_ckd,7,2,10,IF age >= 70 AND hba1c >= 6.1 THEN high risk,1,0.0468602008498583,203,19.351763584366065,0.5270935960591133,0.05,2,quantile_conjunction,
nhanes_ckd,7,2,11,IF diabetes_duration >= 3.6 AND systolic_bp >= 123.667 THEN high risk,1,0.0456773248737611,563,53.67016205910391,0.4404973357015986,0.05,2,quantile_conjunction,
nhanes_ckd,7,2,12,IF age >= 57 AND diastolic_bp >= 81.333 THEN high risk,1,0.0451981099991482,102,9.723546234509056,0.4803921568627451,0.05,2,quantile_conjunction,
nhanes_ckd,7,2,13,IF hdl <= 37 AND systolic_bp >= 135.333 THEN high risk,1,0.04516516602741,79,7.530981887511916,0.5189873417721519,0.05,2,quantile_conjunction,
nhanes_ckd,7,2,14,IF systolic_bp >= 145.333 AND triglycerides >= 240 THEN high risk,1,0.0446048672306093,43,4.099142040038132,0.5116279069767442,0.05,2,quantile_conjunction,
nhanes_ckd,7,2,15,IF diabetes_duration >= 13 AND systolic_bp >= 123.667 THEN high risk,1,0.0440750298028402,271,25.83412774070543,0.5092250922509225,0.05,2,quantile_conjunction,
nhanes_ckd,7,2,16,IF age >= 50 AND hba1c >= 6.1 THEN high risk,1,0.0440339728783805,721,68.73212583412774,0.4133148404993065,0.05,2,quantile_conjunction,
nhanes_ckd,7,2,17,IF diastolic_bp <= 63.333 AND hdl <= 37 THEN high risk,1,0.0414828498341689,53,5.052430886558628,0.5660377358490566,0.05,2,quantile_conjunction,
nhanes_ckd,7,2,18,IF diastolic_bp >= 81.333 AND hba1c >= 7.7 THEN high risk,1,0.0413314243810347,84,8.007626310772164,0.5,0.05,2,quantile_conjunction,
nhanes_ckd,7,2,19,IF bmi >= 34.6 AND diastolic_bp >= 81.333 THEN high risk,1,0.0398979100830239,102,9.723546234509056,0.4215686274509804,0.05,2,quantile_conjunction,
nhanes_ckd,7,2,20,IF diastolic_bp <= 63.333 AND systolic_bp >= 129.333 THEN high risk,1,0.0374818456262941,77,7.340324118207817,0.5714285714285714,0.05,2,quantile_conjunction,
nhanes_ckd,7,3,1,IF hba1c >= 7.6 THEN high risk,1,0.070442089034659,386,36.79694947569113,0.4637305699481865,0.05,1,quantile,
nhanes_ckd,7,3,2,IF diabetes_duration >= 13 THEN high risk,1,0.0683606514872991,383,36.510962821734985,0.4804177545691906,0.05,1,quantile,
nhanes_ckd,7,3,3,IF systolic_bp >= 115.333 THEN high risk,1,0.068290790130608,842,80.26692087702574,0.3919239904988123,0.05,1,quantile,
nhanes_ckd,7,3,4,IF uric_acid >= 4.88 THEN high risk,1,0.0680646215665481,682,65.01429933269782,0.4164222873900293,0.05,1,quantile,
nhanes_ckd,7,3,5,IF hdl <= 51 THEN high risk,1,0.0679423008655151,696,66.3489037178265,0.3922413793103448,0.05,1,quantile,
nhanes_ckd,7,3,6,IF age >= 50 THEN high risk,1,0.0677173383824417,840,80.07626310772163,0.4,0.05,1,quantile,
nhanes_ckd,7,3,7,IF diabetes_duration >= 13 AND uric_acid >= 6.1 THEN high risk,1,0.0449007338661015,146,13.918017159199236,0.6575342465753424,0.05,2,quantile_conjunction,
nhanes_ckd,7,3,8,IF hba1c >= 8.6 AND systolic_bp >= 144.8 THEN high risk,1,0.0442507195542939,38,3.622497616777884,0.7105263157894737,0.05,2,quantile_conjunction,
nhanes_ckd,7,3,9,IF hba1c >= 8.6 AND hdl <= 37 THEN high risk,1,0.0431549947548961,68,6.48236415633937,0.6029411764705882,0.05,2,quantile_conjunction,
nhanes_ckd,7,3,10,IF age >= 70 AND hba1c >= 8.6 THEN high risk,1,0.0430245909206749,25,2.3832221163012397,0.68,0.05,2,quantile_conjunction,
nhanes_ckd,7,3,11,IF age >= 61 AND uric_acid >= 4.88 THEN high risk,1,0.0428301342766464,395,37.65490943755958,0.4734177215189873,0.05,2,quantile_conjunction,
nhanes_ckd,7,3,12,IF diabetes_duration >= 19 AND hdl <= 41 THEN high risk,1,0.0425529231632132,84,8.007626310772164,0.5952380952380952,0.05,2,quantile_conjunction,
nhanes_ckd,7,3,13,IF systolic_bp >= 135 AND uric_acid >= 6.1 THEN high risk,1,0.042233504150824,132,12.583412774070544,0.6136363636363636,0.05,2,quantile_conjunction,
nhanes_ckd,7,3,14,IF bmi >= 31.7 AND systolic_bp >= 144.8 THEN high risk,1,0.0420824168990419,97,9.246901811248808,0.5979381443298969,0.05,2,quantile_conjunction,
nhanes_ckd,7,3,15,IF diabetes_duration >= 19 AND hdl <= 37 THEN high risk,1,0.0418938700059957,48,4.575786463298379,0.5833333333333334,0.05,2,quantile_conjunction,
nhanes_ckd,7,3,16,IF age >= 56 AND uric_acid >= 5.5 THEN high risk,1,0.0416942489051994,369,35.17635843660629,0.4715447154471545,0.05,2,quantile_conjunction,
nhanes_ckd,7,3,17,IF hdl <= 46 AND uric_acid >= 5.5 THEN high risk,1,0.0416326671519447,303,28.88465204957102,0.4587458745874587,0.05,2,quantile_conjunction,
nhanes_ckd,7,3,18,IF diastolic_bp >= 76 AND hdl <= 37 THEN high risk,1,0.0413986167755119,81,7.721639656816015,0.4938271604938271,0.05,2,quantile_conjunction,
nhanes_ckd,7,3,19,IF age >= 70 AND diastolic_bp >= 76 THEN high risk,1,0.0387736091148516,43,4.099142040038132,0.6046511627906976,0.05,2,quantile_conjunction,
nhanes_ckd,7,3,20,IF hdl <= 41 AND systolic_bp >= 123 THEN high risk,1,0.0387591789937329,244,23.260247855100094,0.4959016393442623,0.05,2,quantile_conjunction,
nhanes_ckd,7,4,1,IF systolic_bp >= 143 THEN high risk,1,0.0740755388465191,211,20.11439466158246,0.5402843601895735,0.05,1,quantile,
nhanes_ckd,7,4,2,IF hdl <= 41 THEN high risk,1,0.0740272809895801,378,36.03431839847474,0.3783068783068783,0.05,1,quantile,
nhanes_ckd,7,4,3,IF bmi >= 31.7 AND diabetes_duration >= 19 THEN high risk,1,0.050482434416277,104,9.914204003813156,0.5288461538461539,0.05,2,quantile_conjunction,
nhanes_ckd,7,4,4,IF diabetes_duration >= 10 AND systolic_bp >= 127.333 THEN high risk,1,0.0496288690354659,328,31.26787416587226,0.4786585365853658,0.05,2,quantile_conjunction,
nhanes_ckd,7,4,5,IF age >= 50 AND diabetes_duration >= 13 THEN high risk,1,0.0494238284988529,330,31.45853193517636,0.4878787878787878,0.05,2,quantile_conjunction,
nhanes_ckd,7,4,6,IF diabetes_duration >= 10 AND systolic_bp >= 122 THEN high risk,1,0.0485107369147527,394,37.559580552907526,0.4543147208121827,0.05,2,quantile_conjunction,
nhanes_ckd,7,4,7,IF bmi >= 31.7 AND diabetes_duration >= 6.8 THEN high risk,1,0.048427859737292,345,32.8884652049571,0.4492753623188406,0.05,2,quantile_conjunction,
nhanes_ckd,7,4,8,IF age >= 56 AND uric_acid >= 6.1 THEN high risk,1,0.0483361834813012,282,26.88274547187798,0.5354609929078015,0.05,2,quantile_conjunction,
nhanes_ckd,7,4,9,IF diastolic_bp <= 62.667 AND systolic_bp >= 122 THEN high risk,1,0.0480583032222641,83,7.912297426120114,0.5542168674698795,0.05,2,quantile_conjunction,
nhanes_ckd,7,4,10,IF diastolic_bp <= 68.267 AND uric_acid >= 5.5 THEN high risk,1,0.0475803145645171,206,19.63775023832221,0.5097087378640777,0.05,2,quantile_conjunction,
nhanes_ckd,7,4,11,IF diabetes_duration >= 6.8 AND systolic_bp >= 114 THEN high risk,1,0.0473897038664109,542,51.66825548141086,0.4409594095940959,0.05,2,quantile_conjunction,
nhanes_ckd,7,4,12,IF age >= 69.4 AND systolic_bp >= 127.333 THEN high risk,1,0.0471904104410614,141,13.44137273593899,0.5319148936170213,0.05,2,quantile_conjunction,
nhanes_ckd,7,4,13,IF diabetes_duration >= 10 AND diastolic_bp <= 68.267 THEN high risk,1,0.046845132663997,232,22.1163012392755,0.4525862068965517,0.05,2,quantile_conjunction,
nhanes_ckd,7,4,14,IF systolic_bp >= 127.333 AND triglycerides >= 145 THEN high risk,1,0.0465663796164629,266,25.357483317445183,0.4473684210526316,0.05,2,quantile_conjunction,
nhanes_ckd,7,4,15,IF age >= 65 AND hba1c >= 8.7 THEN high risk,1,0.0463090785678266,56,5.338417540514776,0.6428571428571429,0.05,2,quantile_conjunction,
nhanes_ckd,7,4,16,IF systolic_bp >= 114 AND triglycerides >= 243 THEN high risk,1,0.0461378199299064,177,16.873212583412776,0.4463276836158192,0.05,2,quantile_conjunction,
nhanes_ckd,7,4,17,IF age >= 50 AND triglycerides >= 145 THEN high risk,1,0.0458907621040223,428,40.80076263107721,0.4205607476635514,0.05,2,quantile_conjunction,
nhanes_ckd,7,4,18,IF hba1c >= 7.7 AND triglycerides >= 145 THEN high risk,1,0.0457554689865194,224,21.353670162059103,0.4955357142857143,0.05,2,quantile_conjunction,
nhanes_ckd,7,4,19,IF systolic_bp >= 122 AND uric_acid >= 6.9 THEN high risk,1,0.0450086517685322,140,13.34604385128694,0.5928571428571429,0.05,2,quantile_conjunction,
nhanes_ckd,7,4,20,IF hba1c >= 6.6 AND systolic_bp >= 133 THEN high risk,1,0.0443552423484379,252,24.02287893231649,0.5555555555555556,0.05,2,quantile_conjunction,
nhanes_ckd,7,5,1,IF age >= 57 THEN high risk,1,0.0731007255069063,695,66.25357483317445,0.4028776978417266,0.05,1,quantile,
nhanes_ckd,7,5,2,IF diastolic_bp >= 81.133 THEN high risk,1,0.0725232000133615,210,20.019065776930407,0.4,0.05,1,quantile,
nhanes_ckd,7,5,3,IF diabetes_duration >= 13 THEN high risk,1,0.0717175920297105,388,36.98760724499523,0.4819587628865979,0.05,1,quantile,
nhanes_ckd,7,5,4,IF hdl <= 59 THEN high risk,1,0.071306298832698,842,80.26692087702574,0.3883610451306413,0.05,1,quantile,
nhanes_ckd,7,5,5,IF hba1c >= 8.5 AND systolic_bp >= 143.667 THEN high risk,1,0.0466801374011413,49,4.671115347950429,0.7551020408163265,0.05,2,quantile_conjunction,
nhanes_ckd,7,5,6,IF hba1c >= 6.1 AND systolic_bp >= 128.667 THEN high risk,1,0.0465185066913355,467,44.518589132507145,0.4668094218415418,0.05,2,quantile_conjunction,
nhanes_ckd,7,5,7,IF diabetes_duration >= 10 AND hba1c >= 7 THEN high risk,1,0.0463252874816915,339,32.316491897044806,0.5073746312684366,0.05,2,quantile_conjunction,
nhanes_ckd,7,5,8,IF age >= 57 AND diabetes_duration >= 7 THEN high risk,1,0.0457462851755379,532,50.71496663489037,0.4360902255639097,0.05,2,quantile_conjunction,
nhanes_ckd,7,5,9,IF hba1c >= 7 AND uric_acid >= 4.4 THEN high risk,1,0.045480677340444,418,39.84747378455672,0.4808612440191387,0.05,2,quantile_conjunction,
nhanes_ckd,7,5,10,IF age >= 62 AND systolic_bp >= 123.667 THEN high risk,1,0.045311236574337,392,37.36892278360343,0.4642857142857143,0.05,2,quantile_conjunction,
nhanes_ckd,7,5,11,IF diabetes_duration >= 7 AND uric_acid >= 4.4 THEN high risk,1,0.044783693534715,566,53.95614871306006,0.450530035335689,0.05,2,quantile_conjunction,
nhanes_ckd,7,5,12,IF hba1c >= 6.1 AND uric_acid >= 6.1 THEN high risk,1,0.0443502759433964,326,31.07721639656816,0.5061349693251533,0.05,2,quantile_conjunction,
nhanes_ckd,7,5,13,IF age >= 71 AND uric_acid >= 5.5 THEN high risk,1,0.044061500247096,131,12.488083889418494,0.6335877862595419,0.05,2,quantile_conjunction,
nhanes_ckd,7,5,14,IF age >= 71 AND systolic_bp >= 128.667 THEN high risk,1,0.0437229261947428,133,12.678741658722592,0.5263157894736842,0.05,2,quantile_conjunction,
nhanes_ckd,7,5,15,IF hba1c >= 6.1 AND hdl <= 45 THEN high risk,1,0.0436923776362762,444,42.32602478551001,0.4346846846846847,0.05,2,quantile_conjunction,
nhanes_ckd,7,5,16,IF diabetes_duration >= 4 AND hdl <= 37 THEN high risk,1,0.0433811597965354,168,16.015252621544327,0.4761904761904761,0.05,2,quantile_conjunction,
nhanes_ckd,7,5,17,IF diabetes_duration >= 10 AND uric_acid >= 6.1 THEN high risk,1,0.043378376819983,236,22.4976167778837,0.5677966101694916,0.05,2,quantile_conjunction,
nhanes_ckd,7,5,18,IF age >= 66 AND diastolic_bp <= 68 THEN high risk,1,0.0430204670274199,188,17.921830314585318,0.4680851063829787,0.05,2,quantile_conjunction,
nhanes_ckd,7,5,19,IF age >= 71 AND hdl <= 45 THEN high risk,1,0.0427043042977894,97,9.246901811248808,0.5979381443298969,0.05,2,quantile_conjunction,
nhanes_ckd,7,5,20,IF age >= 62 AND diastolic_bp <= 62.667 THEN high risk,1,0.0421949714548813,145,13.822688274547188,0.4758620689655172,0.05,2,quantile_conjunction,
nhanes_ckd,8,1,1,IF uric_acid >= 4.9 THEN high risk,1,0.0743730458628571,690,65.7769304099142,0.408695652173913,0.05,1,quantile,
nhanes_ckd,8,1,2,IF diastolic_bp >= 75.333 THEN high risk,1,0.0727247735771532,379,36.12964728312679,0.3773087071240105,0.05,1,quantile,
nhanes_ckd,8,1,3,IF diastolic_bp <= 63 THEN high risk,1,0.0721068859022046,212,20.20972354623451,0.4339622641509434,0.05,1,quantile,
nhanes_ckd,8,1,4,IF age >= 50 AND uric_acid >= 6.1 THEN high risk,1,0.0497360866449027,306,29.170638703527167,0.5,0.05,2,quantile_conjunction,
nhanes_ckd,8,1,5,IF age >= 57 AND uric_acid >= 6.8 THEN high risk,1,0.0478495382427092,161,15.34795042897998,0.6086956521739131,0.05,2,quantile_conjunction,
nhanes_ckd,8,1,6,IF hba1c >= 8.7 AND uric_acid >= 6.1 THEN high risk,1,0.0473052268161394,55,5.243088655862726,0.6727272727272727,0.05,2,quantile_conjunction,
nhanes_ckd,8,1,7,IF hba1c >= 8.7 AND systolic_bp >= 115.2 THEN high risk,1,0.0471045061908315,166,15.824594852240228,0.5301204819277109,0.05,2,quantile_conjunction,
nhanes_ckd,8,1,8,IF age >= 62 AND hdl <= 41 THEN high risk,1,0.0464800299853486,189,18.01715919923737,0.544973544973545,0.05,2,quantile_conjunction,
nhanes_ckd,8,1,9,IF age >= 50 AND systolic_bp >= 122.667 THEN high risk,1,0.046447061493525,596,56.81601525262154,0.4395973154362416,0.05,2,quantile_conjunction,
nhanes_ckd,8,1,10,IF age >= 50 AND hba1c >= 8.7 THEN high risk,1,0.0462436763090236,164,15.63393708293613,0.524390243902439,0.05,2,quantile_conjunction,
nhanes_ckd,8,1,11,IF diabetes_duration >= 10 AND hba1c >= 7.7 THEN high risk,1,0.0462216912593218,226,21.544327931363203,0.5176991150442478,0.05,2,quantile_conjunction,
nhanes_ckd,8,1,12,IF bmi >= 29.4 AND diabetes_duration >= 10 THEN high risk,1,0.0460963249416068,374,35.65300285986654,0.4385026737967914,0.05,2,quantile_conjunction,
nhanes_ckd,8,1,13,IF bmi >= 29.4 AND uric_acid >= 5.5 THEN high risk,1,0.046095216247075,360,34.31839847473784,0.4361111111111111,0.05,2,quantile_conjunction,
nhanes_ckd,8,1,14,IF diabetes_duration >= 13 AND hba1c >= 6.6 THEN high risk,1,0.046016569385223,289,27.550047664442328,0.4878892733564013,0.05,2,quantile_conjunction,
nhanes_ckd,8,1,15,IF age >= 50 AND bmi >= 29.4 THEN high risk,1,0.0452250460348349,536,51.09628217349857,0.4253731343283582,0.05,2,quantile_conjunction,
nhanes_ckd,8,1,16,IF age >= 50 AND hdl <= 41 THEN high risk,1,0.0450857545664433,312,29.74261201143947,0.4455128205128205,0.05,2,quantile_conjunction,
nhanes_ckd,8,1,17,IF hdl <= 46 AND sex <= 1 THEN high risk,1,0.0446745720268427,360,34.31839847473784,0.4305555555555556,0.05,2,quantile_conjunction,
nhanes_ckd,8,1,18,IF bmi >= 29.4 AND sex <= 1 THEN high risk,1,0.0438316726763509,340,32.41182078169685,0.4441176470588235,0.05,2,quantile_conjunction,
nhanes_ckd,8,1,19,IF diabetes_duration >= 7 AND diastolic_bp <= 63 THEN high risk,1,0.0432513589810073,166,15.824594852240228,0.4759036144578313,0.05,2,quantile_conjunction,
nhanes_ckd,8,1,20,IF diabetes_duration >= 7 AND hdl <= 37 THEN high risk,1,0.0431309628565983,138,13.15538608198284,0.5144927536231884,0.05,2,quantile_conjunction,
nhanes_ckd,8,2,1,IF hba1c >= 7.6 AND systolic_bp >= 123.333 THEN high risk,1,0.0562775351187248,256,24.40419447092469,0.53515625,0.05,2,quantile_conjunction,
nhanes_ckd,8,2,2,IF hba1c >= 6.6 AND systolic_bp >= 135.067 THEN high risk,1,0.056057301160257,250,23.83222116301239,0.544,0.05,2,quantile_conjunction,
nhanes_ckd,8,2,3,IF age >= 66 AND hba1c >= 7 THEN high risk,1,0.0520832713597493,184,17.54051477597712,0.5380434782608695,0.05,2,quantile_conjunction,
nhanes_ckd,8,2,4,IF hba1c >= 6.1 AND uric_acid >= 6.1 THEN high risk,1,0.051486306713394,306,29.170638703527167,0.4967320261437908,0.05,2,quantile_conjunction,
nhanes_ckd,8,2,5,IF diabetes_duration >= 19 AND diastolic_bp <= 62.667 THEN high risk,1,0.0512271414567574,64,6.1010486177311725,0.546875,0.05,2,quantile_conjunction,
nhanes_ckd,8,2,6,IF diastolic_bp <= 62.667 AND systolic_bp >= 135.067 THEN high risk,1,0.0506997429584609,49,4.671115347950429,0.6122448979591837,0.05,2,quantile_conjunction,
nhanes_ckd,8,2,7,IF age >= 50 AND diabetes_duration >= 19 THEN high risk,1,0.05034029558735,202,19.256434699714013,0.495049504950495,0.05,2,quantile_conjunction,
nhanes_ckd,8,2,8,IF diabetes_duration >= 4 AND uric_acid >= 4.9 THEN high risk,1,0.0500439644546116,554,52.81220209723546,0.4458483754512635,0.05,2,quantile_conjunction,
nhanes_ckd,8,2,9,IF age >= 70.4 AND diabetes_duration >= 19 THEN high risk,1,0.0498268927288073,81,7.721639656816015,0.5185185185185185,0.05,2,quantile_conjunction,
nhanes_ckd,8,2,10,IF diabetes_duration >= 4 AND sex <= 1 THEN high risk,1,0.0497856060341936,445,42.42135367016206,0.4404494382022472,0.05,2,quantile_conjunction,
nhanes_ckd,8,2,11,IF diabetes_duration >= 10 AND systolic_bp >= 114.667 THEN high risk,1,0.0496488306271378,494,47.09246901811249,0.437246963562753,0.05,2,quantile_conjunction,
nhanes_ckd,8,2,12,IF systolic_bp >= 123.333 AND uric_acid >= 6.8 THEN high risk,1,0.0496317099111512,148,14.108674928503335,0.5405405405405406,0.05,2,quantile_conjunction,
nhanes_ckd,8,2,13,IF diabetes_duration >= 7 AND uric_acid >= 5.5 THEN high risk,1,0.0493910967631418,343,32.697807435653004,0.4927113702623906,0.05,2,quantile_conjunction,
nhanes_ckd,8,2,14,IF age >= 70.4 AND systolic_bp >= 135.067 THEN high risk,1,0.0488743975868354,100,9.532888465204955,0.54,0.05,2,quantile_conjunction,
nhanes_ckd,8,2,15,IF diastolic_bp >= 80.667 AND uric_acid >= 4.9 THEN high risk,1,0.0485024014334814,145,13.822688274547188,0.4413793103448276,0.05,2,quantile_conjunction,
nhanes_ckd,8,2,16,IF age >= 62 AND uric_acid >= 6.1 THEN high risk,1,0.0483959206357403,216,20.59103908484271,0.5324074074074074,0.05,2,quantile_conjunction,
nhanes_ckd,8,2,17,IF sex <= 1 AND uric_acid >= 4.3 THEN high risk,1,0.0478003157699642,490,46.71115347950429,0.4142857142857143,0.05,2,quantile_conjunction,
nhanes_ckd,8,2,18,IF diastolic_bp >= 75.4 AND uric_acid >= 6.8 THEN high risk,1,0.0474798755557544,84,8.007626310772164,0.4880952380952381,0.05,2,quantile_conjunction,
nhanes_ckd,8,2,19,IF age >= 57 AND diastolic_bp >= 75.4 THEN high risk,1,0.0462996326507304,213,20.30505243088656,0.4694835680751174,0.05,2,quantile_conjunction,
nhanes_ckd,8,2,20,IF age >= 50 AND diastolic_bp >= 80.667 THEN high risk,1,0.0461477614937565,153,14.585319351763584,0.4705882352941176,0.05,2,quantile_conjunction,
nhanes_ckd,8,3,1,IF uric_acid >= 6.1 THEN high risk,1,0.0732741193460542,368,35.08102955195424,0.483695652173913,0.05,1,quantile,
nhanes_ckd,8,3,2,IF hba1c >= 7 THEN high risk,1,0.0713316175936836,553,52.716873212583415,0.4466546112115732,0.05,1,quantile,
nhanes_ckd,8,3,3,IF diastolic_bp <= 62.667 THEN high risk,1,0.0693658748017765,219,20.877025738798856,0.4246575342465753,0.05,1,quantile,
nhanes_ckd,8,3,4,IF diastolic_bp >= 72 THEN high risk,1,0.0687833808069518,566,53.95614871306006,0.3798586572438162,0.05,1,quantile,
nhanes_ckd,8,3,5,IF total_cholesterol <= 172 THEN high risk,1,0.068562346032683,530,50.52430886558628,0.3792452830188679,0.05,1,quantile,
nhanes_ckd,8,3,6,IF hba1c >= 6.2 AND systolic_bp >= 144.467 THEN high risk,1,0.0456621113023913,176,16.777883698760725,0.5227272727272727,0.05,2,quantile_conjunction,
nhanes_ckd,8,3,7,IF hba1c >= 7 AND systolic_bp >= 128.667 THEN high risk,1,0.0451381472307094,316,30.123927550047664,0.5,0.05,2,quantile_conjunction,
nhanes_ckd,8,3,8,IF hba1c >= 7.6 AND systolic_bp >= 144.467 THEN high risk,1,0.044335619720691,76,7.244995233555768,0.6052631578947368,0.05,2,quantile_conjunction,
nhanes_ckd,8,3,9,IF age >= 62 AND uric_acid >= 4.9 THEN high risk,1,0.0442672792766862,384,36.60629170638703,0.515625,0.05,2,quantile_conjunction,
nhanes_ckd,8,3,10,IF age >= 51 AND hba1c >= 8.6 THEN high risk,1,0.0439370582252496,160,15.252621544327932,0.5,0.05,2,quantile_conjunction,
nhanes_ckd,8,3,11,IF bmi >= 29.1 AND systolic_bp >= 144.467 THEN high risk,1,0.0435326996534112,129,12.297426120114396,0.4961240310077519,0.05,2,quantile_conjunction,
nhanes_ckd,8,3,12,IF bmi >= 31.5 AND hba1c >= 6.6 THEN high risk,1,0.0433538080029153,359,34.2230695900858,0.4707520891364902,0.05,2,quantile_conjunction,
nhanes_ckd,8,3,13,IF diabetes_duration >= 13 AND hba1c >= 7 THEN high risk,1,0.0430790127976134,236,22.4976167778837,0.5296610169491526,0.05,2,quantile_conjunction,
nhanes_ckd,8,3,14,IF bmi >= 31.5 AND uric_acid >= 4.9 THEN high risk,1,0.0428718957177983,378,36.03431839847474,0.4603174603174603,0.05,2,quantile_conjunction,
nhanes_ckd,8,3,15,IF age >= 71 AND bmi >= 31.5 THEN high risk,1,0.042550743440783,92,8.77025738798856,0.5652173913043478,0.05,2,quantile_conjunction,
nhanes_ckd,8,3,16,IF bmi >= 31.5 AND uric_acid >= 4.3 THEN high risk,1,0.0423793463564882,454,43.2793136320305,0.4295154185022026,0.05,2,quantile_conjunction,
nhanes_ckd,8,3,17,IF age >= 51 AND bmi >= 31.5 THEN high risk,1,0.0422685812880755,412,39.27550047664442,0.441747572815534,0.05,2,quantile_conjunction,
nhanes_ckd,8,3,18,IF hdl <= 37 AND systolic_bp >= 123.333 THEN high risk,1,0.0422155117327825,135,12.869399428026693,0.4444444444444444,0.05,2,quantile_conjunction,
nhanes_ckd,8,3,19,IF bmi >= 29.1 AND diabetes_duration >= 3 THEN high risk,1,0.0416898013328658,584,55.67206863679694,0.4092465753424658,0.05,2,quantile_conjunction,
nhanes_ckd,8,3,20,IF hba1c >= 6.2 AND triglycerides >= 243.4 THEN high risk,1,0.0414010453403892,183,17.44518589132507,0.4808743169398907,0.05,2,quantile_conjunction,
nhanes_ckd,8,4,1,IF triglycerides >= 115.8 THEN high risk,1,0.0762149382558647,682,65.01429933269782,0.3870967741935484,0.05,1,quantile,
nhanes_ckd,8,4,2,IF diabetes_duration >= 3 THEN high risk,1,0.0760574299151626,903,86.08198284080076,0.3820598006644518,0.05,1,quantile,
nhanes_ckd,8,4,3,IF diabetes_duration >= 18 AND uric_acid >= 6.2 THEN high risk,1,0.0543708456065262,81,7.721639656816015,0.7160493827160493,0.05,2,quantile_conjunction,
nhanes_ckd,8,4,4,IF bmi >= 32.05 AND diabetes_duration >= 18 THEN high risk,1,0.0495074544434396,101,9.628217349857009,0.5445544554455446,0.05,2,quantile_conjunction,
nhanes_ckd,8,4,5,IF hba1c >= 8.7 AND systolic_bp >= 128 THEN high risk,1,0.0484595183937654,118,11.24880838894185,0.5677966101694916,0.05,2,quantile_conjunction,
nhanes_ckd,8,4,6,IF systolic_bp >= 128 AND total_cholesterol <= 187 THEN high risk,1,0.0481538228292852,363,34.60438512869399,0.4765840220385675,0.05,2,quantile_conjunction,
nhanes_ckd,8,4,7,IF bmi >= 32.05 AND systolic_bp >= 144.667 THEN high risk,1,0.0480269356627181,97,9.246901811248808,0.5773195876288659,0.05,2,quantile_conjunction,
nhanes_ckd,8,4,8,IF total_cholesterol <= 187 AND uric_acid >= 6.2 THEN high risk,1,0.047961078534282,251,23.927550047664443,0.5059760956175299,0.05,2,quantile_conjunction,
nhanes_ckd,8,4,9,IF diabetes_duration >= 7 AND hba1c >= 7 THEN high risk,1,0.0478444134889608,385,36.70162059103909,0.4623376623376623,0.05,2,quantile_conjunction,
nhanes_ckd,8,4,10,IF age >= 62 AND hba1c >= 6.6 THEN high risk,1,0.0477897130715231,352,33.55576739752145,0.4943181818181818,0.05,2,quantile_conjunction,
nhanes_ckd,8,4,11,IF hba1c >= 6.6 AND hdl <= 46 THEN high risk,1,0.0466949190396083,390,37.178265014299335,0.4435897435897435,0.05,2,quantile_conjunction,
nhanes_ckd,8,4,12,IF hba1c >= 6.1 AND hdl <= 46 THEN high risk,1,0.0462733759117637,460,43.8512869399428,0.4260869565217391,0.05,2,quantile_conjunction,
nhanes_ckd,8,4,13,IF bmi >= 32.05 AND triglycerides >= 178 THEN high risk,1,0.0462190332101636,195,18.589132507149667,0.4461538461538462,0.05,2,quantile_conjunction,
nhanes_ckd,8,4,14,IF diabetes_duration >= 7 AND triglycerides >= 178 THEN high risk,1,0.0457584793365602,230,21.9256434699714,0.4608695652173913,0.05,2,quantile_conjunction,
nhanes_ckd,8,4,15,IF hba1c >= 7.62 AND total_cholesterol <= 139 THEN high risk,1,0.045739656799994,63,6.005719733079123,0.4603174603174603,0.05,2,quantile_conjunction,
nhanes_ckd,8,4,16,IF age >= 50 AND triglycerides >= 178 THEN high risk,1,0.0454242969115709,307,29.26596758817922,0.4462540716612377,0.05,2,quantile_conjunction,
nhanes_ckd,8,4,17,IF total_cholesterol <= 139 AND uric_acid >= 6.2 THEN high risk,1,0.0452181700437105,93,8.865586272640611,0.4301075268817204,0.05,2,quantile_conjunction,
nhanes_ckd,8,4,18,IF hdl <= 46 AND total_cholesterol <= 187 THEN high risk,1,0.0449993720014178,381,36.32030505243088,0.4225721784776903,0.05,2,quantile_conjunction,
nhanes_ckd,8,4,19,IF systolic_bp >= 122 AND total_cholesterol <= 139 THEN high risk,1,0.0447228364460282,135,12.869399428026693,0.4518518518518518,0.05,2,quantile_conjunction,
nhanes_ckd,8,4,20,IF bmi >= 29.8 AND diastolic_bp <= 63 THEN high risk,1,0.0445637100976541,130,12.392755004766444,0.5,0.05,2,quantile_conjunction,
nhanes_ckd,8,5,1,IF systolic_bp >= 133.333 THEN high risk,1,0.0716522599833651,375,35.748331744518595,0.4906666666666666,0.05,1,quantile,
nhanes_ckd,8,5,2,IF systolic_bp >= 127.333 THEN high risk,1,0.0702439518795247,574,54.71877979027645,0.440766550522648,0.05,1,quantile,
nhanes_ckd,8,5,3,IF hdl <= 51 THEN high risk,1,0.0691963417238981,687,65.49094375595806,0.395924308588064,0.05,1,quantile,
nhanes_ckd,8,5,4,IF triglycerides >= 183 THEN high risk,1,0.0685005391145117,369,35.17635843660629,0.3848238482384823,0.05,1,quantile,
nhanes_ckd,8,5,5,IF hba1c >= 8.6 THEN high risk,1,0.0654743278427161,214,20.400381315538606,0.514018691588785,0.05,1,quantile,
nhanes_ckd,8,5,6,IF hdl <= 51 AND uric_acid >= 6.9 THEN high risk,1,0.051365153717796,171,16.301239275500475,0.5497076023391813,0.05,2,quantile_conjunction,
nhanes_ckd,8,5,7,IF age >= 66 AND diabetes_duration >= 13 THEN high risk,1,0.0489958212338792,188,17.921830314585318,0.574468085106383,0.05,2,quantile_conjunction,
nhanes_ckd,8,5,8,IF diabetes_duration >= 19 AND hba1c >= 6.1 THEN high risk,1,0.0462683328930952,182,17.349857006673023,0.5274725274725275,0.05,2,quantile_conjunction,
nhanes_ckd,8,5,9,IF age >= 70.4 AND hba1c >= 7 THEN high risk,1,0.0454206963743641,93,8.865586272640611,0.6129032258064516,0.05,2,quantile_conjunction,
nhanes_ckd,8,5,10,IF age >= 57 AND systolic_bp >= 122 THEN high risk,1,0.0446355843164917,486,46.32983794089609,0.4588477366255144,0.05,2,quantile_conjunction,
nhanes_ckd,8,5,11,IF age >= 66 AND hba1c >= 6.1 THEN high risk,1,0.0439475418727213,309,29.45662535748332,0.5080906148867314,0.05,2,quantile_conjunction,
nhanes_ckd,8,5,12,IF age >= 66 AND hdl <= 41 THEN high risk,1,0.0430026932727066,136,12.96472831267874,0.5808823529411765,0.05,2,quantile_conjunction,
nhanes_ckd,8,5,13,IF diabetes_duration >= 10 AND hdl <= 41 THEN high risk,1,0.0426687822965976,209,19.92373689227836,0.4976076555023923,0.05,2,quantile_conjunction,
nhanes_ckd,8,5,14,IF bmi >= 31.5 AND hdl <= 51 THEN high risk,1,0.0423888534068688,385,36.70162059103909,0.4051948051948052,0.05,2,quantile_conjunction,
nhanes_ckd,8,5,15,IF systolic_bp >= 142.8 AND uric_acid >= 5 THEN high risk,1,0.0420855343610959,145,13.822688274547188,0.5724137931034483,0.05,2,quantile_conjunction,
nhanes_ckd,8,5,16,IF age >= 70.4 AND total_cholesterol <= 142 THEN high risk,1,0.0417673253330466,60,5.719733079122975,0.5666666666666667,0.05,2,quantile_conjunction,
nhanes_ckd,8,5,17,IF systolic_bp >= 133.333 AND uric_acid >= 6.1 THEN high risk,1,0.0415985176722083,140,13.34604385128694,0.65,0.05,2,quantile_conjunction,
nhanes_ckd,8,5,18,IF hdl <= 37 AND uric_acid >= 6.1 THEN high risk,1,0.0413434482330097,102,9.723546234509056,0.5098039215686274,0.05,2,quantile_conjunction,
nhanes_ckd,8,5,19,IF hba1c >= 7 AND uric_acid >= 5.5 THEN high risk,1,0.0397289594885589,255,24.30886558627264,0.5411764705882353,0.05,2,quantile_conjunction,
nhanes_ckd,8,5,20,IF hba1c >= 7.6 AND hdl <= 41 THEN high risk,1,0.0397153349835435,173,16.491897044804578,0.5260115606936416,0.05,2,quantile_conjunction,
nhanes_ckd,9,1,1,IF uric_acid >= 6.1 THEN high risk,1,0.072787012468284,380,36.22497616777884,0.4657894736842105,0.05,1,quantile,
nhanes_ckd,9,1,2,IF hba1c >= 7.6 THEN high risk,1,0.0711027014689137,376,35.843660629170635,0.4680851063829787,0.05,1,quantile,
nhanes_ckd,9,1,3,IF triglycerides >= 237.4 THEN high risk,1,0.0685896412785108,210,20.019065776930407,0.4714285714285714,0.05,1,quantile,
nhanes_ckd,9,1,4,IF bmi >= 34.6 THEN high risk,1,0.0680366948813614,369,35.17635843660629,0.4065040650406504,0.05,1,quantile,
nhanes_ckd,9,1,5,IF bmi >= 26.76 THEN high risk,1,0.0676636970479426,839,79.98093422306958,0.3885578069129916,0.05,1,quantile,
nhanes_ckd,9,1,6,IF age >= 61 AND diabetes_duration >= 18 THEN high risk,1,0.0459448295553533,162,15.44327931363203,0.5493827160493827,0.05,2,quantile_conjunction,
nhanes_ckd,9,1,7,IF age >= 57 AND diabetes_duration >= 18 THEN high risk,1,0.045941436615484,184,17.54051477597712,0.5489130434782609,0.05,2,quantile_conjunction,
nhanes_ckd,9,1,8,IF diabetes_duration >= 18 AND systolic_bp >= 134.667 THEN high risk,1,0.0443588145309884,105,10.009532888465204,0.6666666666666666,0.05,2,quantile_conjunction,
nhanes_ckd,9,1,9,IF diabetes_duration >= 18 AND hba1c >= 6.6 THEN high risk,1,0.0441374297594864,169,16.11058150619638,0.5266272189349113,0.05,2,quantile_conjunction,
nhanes_ckd,9,1,10,IF age >= 70 AND hba1c >= 7 THEN high risk,1,0.0436794221582206,104,9.914204003813156,0.5576923076923077,0.05,2,quantile_conjunction,
nhanes_ckd,9,1,11,IF age >= 70 AND diabetes_duration >= 18 THEN high risk,1,0.0435239212778265,86,8.198284080076263,0.5581395348837209,0.05,2,quantile_conjunction,
nhanes_ckd,9,1,12,IF hba1c >= 8.6 AND systolic_bp >= 115.333 THEN high risk,1,0.0434194340724196,173,16.491897044804578,0.5375722543352601,0.05,2,quantile_conjunction,
nhanes_ckd,9,1,13,IF hba1c >= 6.1 AND uric_acid >= 5.5 THEN high risk,1,0.0433761574592393,427,40.70543374642517,0.4637002341920375,0.05,2,quantile_conjunction,
nhanes_ckd,9,1,14,IF diabetes_duration >= 10 AND hba1c >= 6.1 THEN high risk,1,0.0429421515806156,508,48.42707340324118,0.4488188976377952,0.05,2,quantile_conjunction,
nhanes_ckd,9,1,15,IF age >= 50 AND systolic_bp >= 128.667 THEN high risk,1,0.0428975972706513,487,46.42516682554814,0.4702258726899384,0.05,2,quantile_conjunction,
nhanes_ckd,9,1,16,IF hba1c >= 6.1 AND uric_acid >= 4.9 THEN high risk,1,0.0428618784695389,567,54.05147759771211,0.4462081128747795,0.05,2,quantile_conjunction,
nhanes_ckd,9,1,17,IF diabetes_duration >= 10 AND triglycerides >= 237.4 THEN high risk,1,0.042540952510829,105,10.009532888465204,0.4761904761904761,0.05,2,quantile_conjunction,
nhanes_ckd,9,1,18,IF diastolic_bp >= 76 AND uric_acid >= 6.8 THEN high risk,1,0.0423637608298709,82,7.816968541468065,0.5121951219512195,0.05,2,quantile_conjunction,
nhanes_ckd,9,1,19,IF age >= 57 AND hba1c >= 6.1 THEN high risk,1,0.0423374403835791,571,54.4327931363203,0.4308231173380035,0.05,2,quantile_conjunction,
nhanes_ckd,9,1,20,IF hdl <= 37 AND systolic_bp >= 123.333 THEN high risk,1,0.0414950263808839,147,14.013346043851287,0.4761904761904761,0.05,2,quantile_conjunction,
nhanes_ckd,9,2,1,IF uric_acid >= 6 THEN high risk,1,0.0713354927556942,385,36.70162059103909,0.4805194805194805,0.05,1,quantile,
nhanes_ckd,9,2,2,IF hba1c >= 7.7 THEN high risk,1,0.0706278972422734,375,35.748331744518595,0.4773333333333333,0.05,1,quantile,
nhanes_ckd,9,2,3,IF diabetes_duration >= 10 THEN high risk,1,0.0705484420867757,590,56.244041944709245,0.4288135593220339,0.05,1,quantile,
nhanes_ckd,9,2,4,IF bmi >= 29.4 THEN high risk,1,0.0694359538555598,683,65.10962821734985,0.3938506588579795,0.05,1,quantile,
nhanes_ckd,9,2,5,IF triglycerides >= 113 THEN high risk,1,0.0690024066586668,689,65.68160152526215,0.3802612481857765,0.05,1,quantile,
nhanes_ckd,9,2,6,IF age >= 49 AND systolic_bp >= 144.133 THEN high risk,1,0.0455191413328693,188,17.921830314585318,0.5053191489361702,0.05,2,quantile_conjunction,
nhanes_ckd,9,2,7,IF age >= 70 AND bmi >= 31.8 THEN high risk,1,0.0450013085302134,96,9.151572926596758,0.5625,0.05,2,quantile_conjunction,
nhanes_ckd,9,2,8,IF hba1c >= 7 AND systolic_bp >= 134 THEN high risk,1,0.04455735336118,184,17.54051477597712,0.5815217391304348,0.05,2,quantile_conjunction,
nhanes_ckd,9,2,9,IF hdl <= 37 AND systolic_bp >= 134 THEN high risk,1,0.0439922632453568,74,7.0543374642516685,0.5540540540540541,0.05,2,quantile_conjunction,
nhanes_ckd,9,2,10,IF hba1c >= 6.6 AND systolic_bp >= 134 THEN high risk,1,0.0438374146801171,245,23.355576739752145,0.5591836734693878,0.05,2,quantile_conjunction,
nhanes_ckd,9,2,11,IF bmi >= 31.8 AND systolic_bp >= 123 THEN high risk,1,0.0438314913008883,341,32.50714966634891,0.469208211143695,0.05,2,quantile_conjunction,
nhanes_ckd,9,2,12,IF diastolic_bp <= 62.667 AND systolic_bp >= 114.667 THEN high risk,1,0.0436378822117109,122,11.630123927550049,0.5,0.05,2,quantile_conjunction,
nhanes_ckd,9,2,13,IF age >= 56 AND hba1c >= 6.6 THEN high risk,1,0.0432919482319674,463,44.13727359389895,0.468682505399568,0.05,2,quantile_conjunction,
nhanes_ckd,9,2,14,IF diabetes_duration >= 19 AND hba1c >= 7.7 THEN high risk,1,0.0430241754345214,93,8.865586272640611,0.5483870967741935,0.05,2,quantile_conjunction,
nhanes_ckd,9,2,15,IF hdl <= 46 AND uric_acid >= 4.9 THEN high risk,1,0.0429597157460334,371,35.36701620591039,0.4393530997304582,0.05,2,quantile_conjunction,
nhanes_ckd,9,2,16,IF diabetes_duration >= 19 AND diastolic_bp <= 62.667 THEN high risk,1,0.0429016200052333,70,6.67302192564347,0.5142857142857142,0.05,2,quantile_conjunction,
nhanes_ckd,9,2,17,IF systolic_bp >= 123 AND uric_acid >= 5.4 THEN high risk,1,0.0424710734743865,360,34.31839847473784,0.4722222222222222,0.05,2,quantile_conjunction,
nhanes_ckd,9,2,18,IF age >= 61 AND hba1c >= 6.1 THEN high risk,1,0.0419751192142338,466,44.4232602478551,0.463519313304721,0.05,2,quantile_conjunction,
nhanes_ckd,9,2,19,IF diastolic_bp >= 81.667 AND uric_acid >= 6.9 THEN high risk,1,0.0414443173165492,40,3.813155386081983,0.425,0.05,2,quantile_conjunction,
nhanes_ckd,9,2,20,IF systolic_bp >= 134 AND uric_acid >= 6.9 THEN high risk,1,0.0406049833157683,83,7.912297426120114,0.6506024096385542,0.05,2,quantile_conjunction,
nhanes_ckd,9,3,1,IF bmi >= 38.74 THEN high risk,1,0.0683865483212852,210,20.019065776930407,0.4047619047619047,0.05,1,quantile,
nhanes_ckd,9,3,2,IF triglycerides >= 116 THEN high risk,1,0.0668931104751694,685,65.30028598665396,0.3912408759124087,0.05,1,quantile,
nhanes_ckd,9,3,3,IF total_cholesterol <= 210 THEN high risk,1,0.0657199487082368,844,80.45757864632984,0.3708530805687204,0.05,1,quantile,
nhanes_ckd,9,3,4,IF hdl <= 41 THEN high risk,1,0.0645365886905306,386,36.79694947569113,0.4067357512953368,0.05,1,quantile,
nhanes_ckd,9,3,5,IF diabetes_duration >= 19 AND uric_acid >= 4.9 THEN high risk,1,0.0567187890792782,141,13.44137273593899,0.5815602836879432,0.05,2,quantile_conjunction,
nhanes_ckd,9,3,6,IF age >= 56 AND hba1c >= 7 THEN high risk,1,0.0531545305408017,341,32.50714966634891,0.4897360703812317,0.05,2,quantile_conjunction,
nhanes_ckd,9,3,7,IF diabetes_duration >= 13.2 AND triglycerides >= 147 THEN high risk,1,0.052355461123298,157,14.966634890371784,0.5159235668789809,0.05,2,quantile_conjunction,
nhanes_ckd,9,3,8,IF triglycerides >= 147 AND uric_acid >= 6.8 THEN high risk,1,0.0514659956885726,126,12.011439466158246,0.5079365079365079,0.05,2,quantile_conjunction,
nhanes_ckd,9,3,9,IF systolic_bp >= 122.467 AND uric_acid >= 6.8 THEN high risk,1,0.0486500156317258,136,12.96472831267874,0.5514705882352942,0.05,2,quantile_conjunction,
nhanes_ckd,9,3,10,IF diastolic_bp >= 81.667 AND hba1c >= 7 THEN high risk,1,0.0475426795252823,110,10.486177311725452,0.5363636363636364,0.05,2,quantile_conjunction,
nhanes_ckd,9,3,11,IF age >= 62 AND diabetes_duration >= 10 THEN high risk,1,0.0473063832998052,364,34.699714013346046,0.4697802197802198,0.05,2,quantile_conjunction,
nhanes_ckd,9,3,12,IF age >= 50 AND diabetes_duration >= 7 THEN high risk,1,0.0457993613342198,597,56.91134413727359,0.4338358458961474,0.05,2,quantile_conjunction,
nhanes_ckd,9,3,13,IF age >= 50 AND hba1c >= 6.1 THEN high risk,1,0.0456282109799279,707,67.39752144899904,0.4200848656294201,0.05,2,quantile_conjunction,
nhanes_ckd,9,3,14,IF diastolic_bp >= 75.667 AND hba1c >= 8.5 THEN high risk,1,0.044612524035177,83,7.912297426120114,0.5783132530120482,0.05,2,quantile_conjunction,
nhanes_ckd,9,3,15,IF hba1c >= 6.5 AND hdl <= 51 THEN high risk,1,0.0430055475839549,500,47.66444232602478,0.458,0.05,2,quantile_conjunction,
nhanes_ckd,9,3,16,IF diastolic_bp >= 81.667 AND hdl <= 51 THEN high risk,1,0.042199056496486,149,14.204003813155383,0.4563758389261745,0.05,2,quantile_conjunction,
nhanes_ckd,9,3,17,IF systolic_bp >= 122.467 AND triglycerides >= 147 THEN high risk,1,0.0418168691851157,340,32.41182078169685,0.4558823529411764,0.05,2,quantile_conjunction,
nhanes_ckd,9,3,18,IF hba1c >= 8.5 AND systolic_bp >= 133.733 THEN high risk,1,0.0390080847121495,77,7.340324118207817,0.7662337662337663,0.05,2,quantile_conjunction,
nhanes_ckd,9,3,19,IF hba1c >= 8.5 AND triglycerides >= 147 THEN high risk,1,0.0378136709822155,139,13.250714966634892,0.5611510791366906,0.05,2,quantile_conjunction,
nhanes_ckd,9,3,20,IF hba1c >= 8.5 AND systolic_bp >= 122.467 THEN high risk,1,0.037386623606767,138,13.15538608198284,0.6304347826086957,0.05,2,quantile_conjunction,
nhanes_ckd,9,4,1,IF diastolic_bp >= 72 THEN high risk,1,0.0754620354107263,566,53.95614871306006,0.3727915194346289,0.05,1,quantile,
nhanes_ckd,9,4,2,IF diastolic_bp >= 81.133 THEN high risk,1,0.0751491295637301,210,20.019065776930407,0.419047619047619,0.05,1,quantile,
nhanes_ckd,9,4,3,IF diabetes_duration >= 10 AND hba1c >= 6.6 THEN high risk,1,0.049995413439443,406,38.70352716873213,0.4655172413793103,0.05,2,quantile_conjunction,
nhanes_ckd,9,4,4,IF diabetes_duration >= 7 AND uric_acid >= 4.98 THEN high risk,1,0.0495019228014049,452,43.088655862726405,0.4646017699115044,0.05,2,quantile_conjunction,
nhanes_ckd,9,4,5,IF hba1c >= 7.7 AND systolic_bp >= 143.467 THEN high risk,1,0.0486281893730349,78,7.435653002859867,0.6025641025641025,0.05,2,quantile_conjunction,
nhanes_ckd,9,4,6,IF hba1c >= 6.1 AND uric_acid >= 4.98 THEN high risk,1,0.0484818056545574,561,53.479504289799806,0.4367201426024955,0.05,2,quantile_conjunction,
nhanes_ckd,9,4,7,IF hdl <= 46 AND uric_acid >= 5.5 THEN high risk,1,0.0476605829805364,306,29.170638703527167,0.4379084967320261,0.05,2,quantile_conjunction,
nhanes_ckd,9,4,8,IF age >= 65 AND uric_acid >= 6 THEN high risk,1,0.0475031361928131,178,16.968541468064824,0.6123595505617978,0.05,2,quantile_conjunction,
nhanes_ckd,9,4,9,IF age >= 62 AND hba1c >= 7.7 THEN high risk,1,0.0473412857568732,150,14.299332697807436,0.5933333333333334,0.05,2,quantile_conjunction,
nhanes_ckd,9,4,10,IF bmi >= 31.9 AND uric_acid >= 6 THEN high risk,1,0.04731555132951,215,20.495710200190658,0.4883720930232558,0.05,2,quantile_conjunction,
nhanes_ckd,9,4,11,IF diabetes_duration >= 7 AND total_cholesterol <= 187 THEN high risk,1,0.0470713909365565,485,46.23450905624404,0.4391752577319587,0.05,2,quantile_conjunction,
nhanes_ckd,9,4,12,IF total_cholesterol <= 157 AND uric_acid >= 6.8 THEN high risk,1,0.04683461839735,87,8.293612964728313,0.5632183908045977,0.05,2,quantile_conjunction,
nhanes_ckd,9,4,13,IF systolic_bp >= 143.467 AND total_cholesterol <= 187 THEN high risk,1,0.0467691748904594,130,12.392755004766444,0.5461538461538461,0.05,2,quantile_conjunction,
nhanes_ckd,9,4,14,IF age >= 57 AND bmi >= 31.9 THEN high risk,1,0.0464769494106997,318,30.31458531935176,0.4559748427672956,0.05,2,quantile_conjunction,
nhanes_ckd,9,4,15,IF age >= 65 AND systolic_bp >= 128 THEN high risk,1,0.0463959069126802,264,25.166825548141087,0.5340909090909091,0.05,2,quantile_conjunction,
nhanes_ckd,9,4,16,IF hdl <= 46 AND total_cholesterol <= 157 THEN high risk,1,0.0462787841500095,221,21.06768350810296,0.4072398190045249,0.05,2,quantile_conjunction,
nhanes_ckd,9,4,17,IF bmi >= 34.82 AND hdl <= 46 THEN high risk,1,0.046112821265927,223,21.25834127740705,0.4035874439461883,0.05,2,quantile_conjunction,
nhanes_ckd,9,4,18,IF diastolic_bp >= 81.133 AND systolic_bp >= 143.467 THEN high risk,1,0.0460363448097798,83,7.912297426120114,0.5060240963855421,0.05,2,quantile_conjunction,
nhanes_ckd,9,4,19,IF diastolic_bp >= 81.133 AND hba1c >= 7 THEN high risk,1,0.0457215954157256,120,11.43946615824595,0.4916666666666666,0.05,2,quantile_conjunction,
nhanes_ckd,9,4,20,IF diastolic_bp >= 81.133 AND uric_acid >= 5.5 THEN high risk,1,0.045263361308182,109,10.390848427073404,0.4587155963302752,0.05,2,quantile_conjunction,
nhanes_ckd,9,5,1,IF systolic_bp >= 134.667 THEN high risk,1,0.0797110135994956,369,35.17635843660629,0.5013550135501355,0.05,1,quantile,
nhanes_ckd,9,5,2,IF uric_acid >= 6.9 THEN high risk,1,0.0763264554749887,219,20.877025738798856,0.5525114155251142,0.05,1,quantile,
nhanes_ckd,9,5,3,IF bmi >= 31.85 THEN high risk,1,0.0687778962222792,531,50.619637750238326,0.4105461393596987,0.05,1,quantile,
nhanes_ckd,9,5,4,IF total_cholesterol <= 140 THEN high risk,1,0.0663165174475855,212,20.20972354623451,0.3867924528301887,0.05,1,quantile,
nhanes_ckd,9,5,5,IF hba1c >= 6.6 AND uric_acid >= 6.9 THEN high risk,1,0.0497304769264923,144,13.727359389895138,0.625,0.05,2,quantile_conjunction,
nhanes_ckd,9,5,6,IF bmi >= 29.28 AND uric_acid >= 6.9 THEN high risk,1,0.0480356960769755,161,15.34795042897998,0.5590062111801242,0.05,2,quantile_conjunction,
nhanes_ckd,9,5,7,IF diabetes_duration >= 19 AND uric_acid >= 6.9 THEN high risk,1,0.0478254643890876,57,5.4337464251668255,0.7894736842105263,0.05,2,quantile_conjunction,
nhanes_ckd,9,5,8,IF hba1c >= 7.6 AND systolic_bp >= 143.667 THEN high risk,1,0.0466301308508519,78,7.435653002859867,0.5897435897435898,0.05,2,quantile_conjunction,
nhanes_ckd,9,5,9,IF hba1c >= 7.6 AND uric_acid >= 5.5 THEN high risk,1,0.0459264225787259,160,15.252621544327932,0.5625,0.05,2,quantile_conjunction,
nhanes_ckd,9,5,10,IF diabetes_duration >= 7 AND uric_acid >= 5.5 THEN high risk,1,0.0448837695944958,355,33.841754051477594,0.5098591549295775,0.05,2,quantile_conjunction,
nhanes_ckd,9,5,11,IF hba1c >= 7 AND systolic_bp >= 128 THEN high risk,1,0.044620836572805,300,28.59866539561487,0.51,0.05,2,quantile_conjunction,
nhanes_ckd,9,5,12,IF age >= 57 AND bmi >= 31.85 THEN high risk,1,0.0439771982318914,319,30.40991420400381,0.4702194357366771,0.05,2,quantile_conjunction,
nhanes_ckd,9,5,13,IF hba1c >= 8.6 AND systolic_bp >= 122 THEN high risk,1,0.043321174658133,148,14.108674928503335,0.5135135135135135,0.05,2,quantile_conjunction,
nhanes_ckd,9,5,14,IF age >= 66 AND hdl <= 41 THEN high risk,1,0.0427616511904029,129,12.297426120114396,0.5271317829457365,0.05,2,quantile_conjunction,
nhanes_ckd,9,5,15,IF diastolic_bp <= 62.667 AND uric_acid >= 6.1 THEN high risk,1,0.0426529532800648,88,8.388941849380362,0.6136363636363636,0.05,2,quantile_conjunction,
nhanes_ckd,9,5,16,IF age >= 66 AND uric_acid >= 6.1 THEN high risk,1,0.0425336922997697,164,15.63393708293613,0.5670731707317073,0.05,2,quantile_conjunction,
nhanes_ckd,9,5,17,IF hdl <= 45 AND systolic_bp >= 143.667 THEN high risk,1,0.0419564739295635,98,9.342230695900858,0.6020408163265306,0.05,2,quantile_conjunction,
nhanes_ckd,9,5,18,IF hdl <= 45 AND systolic_bp >= 128 THEN high risk,1,0.0415973028298948,277,26.40610104861773,0.4765342960288808,0.05,2,quantile_conjunction,
nhanes_ckd,9,5,19,IF hdl <= 41 AND sex <= 1 THEN high risk,1,0.0414404968253849,263,25.07149666348904,0.4144486692015209,0.05,2,quantile_conjunction,
nhanes_ckd,9,5,20,IF bmi >= 29.28 AND sex <= 1 THEN high risk,1,0.0409743770211111,330,31.45853193517636,0.4242424242424242,0.05,2,quantile_conjunction,
