dataset,repeat,fold,rank,rule_text,predicted_class,posterior_weight,support_n,support_percent,positive_rate,posterior_inclusion_probability,condition_count,source,llm_confidence
pidd,0,1,1,IF glucose >= 146 THEN high risk,1,0.1486877199574529,91,21.21212121212121,0.7692307692307693,0.05,1,quantile,
pidd,0,1,2,IF bmi >= 26.26 AND glucose >= 128 THEN high risk,1,0.08752571547291442,132,30.76923076923077,0.6818181818181818,0.05,2,quantile_conjunction,
pidd,0,1,3,IF age >= 25 THEN high risk,1,0.07884203560221403,303,70.62937062937063,0.44224422442244227,0.05,1,quantile,
pidd,0,1,4,IF age >= 25 AND glucose >= 104 THEN high risk,1,0.07376253340245646,213,49.65034965034965,0.568075117370892,0.05,2,quantile_conjunction,
pidd,0,1,5,IF blood_pressure >= 74 AND glucose >= 115 THEN high risk,1,0.046285569971687326,140,32.634032634032636,0.5571428571428572,0.05,2,quantile_conjunction,
pidd,0,1,6,IF bmi >= 26.26 AND pregnancies >= 7 THEN high risk,1,0.04605418647864876,76,17.715617715617714,0.6447368421052632,0.05,2,quantile_conjunction,
pidd,0,1,7,IF bmi >= 26.26 AND insulin >= 155 THEN high risk,1,0.04485543862816455,76,17.715617715617714,0.5789473684210527,0.05,2,quantile_conjunction,
pidd,0,1,8,IF blood_pressure >= 74 AND pregnancies >= 3 THEN high risk,1,0.04436081039811953,143,33.33333333333333,0.4755244755244755,0.05,2,quantile_conjunction,
pidd,0,1,9,IF age >= 23 AND bmi >= 32.4 THEN high risk,1,0.04402078164171636,194,45.22144522144522,0.4896907216494845,0.05,2,quantile_conjunction,
pidd,0,1,10,IF blood_pressure >= 82 AND diabetes_pedigree_function >= 0.66 THEN high risk,1,0.04328104641778174,26,6.0606060606060606,0.6153846153846154,0.05,2,quantile_conjunction,
pidd,0,1,11,IF age >= 28 AND blood_pressure >= 76 THEN high risk,1,0.03938216523026946,115,26.806526806526808,0.5478260869565217,0.05,2,quantile_conjunction,
pidd,0,1,12,IF age >= 23 AND bmi >= 37.94 THEN high risk,1,0.03817398406740706,76,17.715617715617714,0.5921052631578947,0.05,2,quantile_conjunction,
pidd,0,1,13,IF bmi >= 37.94 AND glucose >= 92 THEN high risk,1,0.038050820516061595,75,17.482517482517483,0.6,0.05,2,quantile_conjunction,
pidd,0,1,14,IF age >= 23 AND blood_pressure >= 74 THEN high risk,1,0.037736246602126766,205,47.785547785547784,0.4585365853658537,0.05,2,quantile_conjunction,
pidd,0,1,15,IF blood_pressure >= 76 AND bmi >= 29.88 THEN high risk,1,0.03760321082472554,135,31.46853146853147,0.5185185185185185,0.05,2,quantile_conjunction,
pidd,0,1,16,IF bmi >= 37.94 AND glucose >= 128 THEN high risk,1,0.03741891424080995,45,10.48951048951049,0.7777777777777778,0.05,2,quantile_conjunction,
pidd,0,1,17,IF age >= 41 AND skin_thickness >= 30 THEN high risk,1,0.03325425133502885,28,6.526806526806526,0.6428571428571429,0.05,2,quantile_conjunction,
pidd,0,1,18,IF glucose >= 104 AND skin_thickness >= 36 THEN high risk,1,0.030167939707924713,67,15.61771561771562,0.582089552238806,0.05,2,quantile_conjunction,
pidd,0,1,19,IF bmi >= 32.4 AND skin_thickness >= 36 THEN high risk,1,0.02635822716270175,79,18.414918414918414,0.4936708860759494,0.05,2,quantile_conjunction,
pidd,0,1,20,IF blood_pressure >= 74 AND skin_thickness >= 36 THEN high risk,1,0.024178402341788186,50,11.655011655011654,0.54,0.05,2,quantile_conjunction,
pidd,0,2,1,IF skin_thickness >= 35.4 THEN high risk,1,0.0753586010457342,86,20.04662004662005,0.4418604651162791,0.05,1,quantile,
pidd,0,2,2,IF diabetes_pedigree_function >= 0.509 AND glucose >= 106 THEN high risk,1,0.07317273700630292,101,23.543123543123542,0.5742574257425742,0.05,2,quantile_conjunction,
pidd,0,2,3,IF blood_pressure >= 64 AND diabetes_pedigree_function >= 0.681 THEN high risk,1,0.06461661950208954,69,16.083916083916083,0.463768115942029,0.05,2,quantile_conjunction,
pidd,0,2,4,IF bmi >= 34.32 AND glucose >= 148.4 THEN high risk,1,0.0643432292120333,43,10.023310023310025,0.7441860465116279,0.05,2,quantile_conjunction,
pidd,0,2,5,IF bmi >= 32 THEN high risk,1,0.06362112630371591,220,51.28205128205128,0.4590909090909091,0.05,1,quantile,
pidd,0,2,6,IF blood_pressure >= 64 THEN high risk,1,0.06027861487601679,345,80.41958041958041,0.37971014492753624,0.05,1,quantile,
pidd,0,2,7,IF bmi >= 34.32 AND pregnancies >= 2 THEN high risk,1,0.047949341238744225,86,20.04662004662005,0.5232558139534884,0.05,2,quantile_conjunction,
pidd,0,2,8,IF glucose >= 130 AND skin_thickness >= 22 THEN high risk,1,0.047693587671777136,138,32.16783216783217,0.644927536231884,0.05,2,quantile_conjunction,
pidd,0,2,9,IF age >= 42 AND insulin >= 100 THEN high risk,1,0.04614770727318495,87,20.27972027972028,0.4942528735632184,0.05,2,quantile_conjunction,
pidd,0,2,10,IF age >= 23 AND skin_thickness >= 35.4 THEN high risk,1,0.04611369395909899,78,18.181818181818183,0.4358974358974359,0.05,2,quantile_conjunction,
pidd,0,2,11,IF bmi >= 38.04 AND diabetes_pedigree_function >= 0.681 THEN high risk,1,0.045951702141748985,24,5.594405594405594,0.5416666666666666,0.05,2,quantile_conjunction,
pidd,0,2,12,IF blood_pressure >= 64 AND bmi >= 26.16 THEN high risk,1,0.04506371032650026,291,67.83216783216784,0.4329896907216495,0.05,2,quantile_conjunction,
pidd,0,2,13,IF glucose >= 106 AND skin_thickness >= 29 THEN high risk,1,0.043620655889823806,207,48.25174825174825,0.5265700483091788,0.05,2,quantile_conjunction,
pidd,0,2,14,IF age >= 26 AND insulin >= 120 THEN high risk,1,0.04181275113073557,232,54.07925407925408,0.4956896551724138,0.05,2,quantile_conjunction,
pidd,0,2,15,IF diabetes_pedigree_function >= 0.286 AND pregnancies >= 3 THEN high risk,1,0.04144502258828096,144,33.56643356643357,0.4861111111111111,0.05,2,quantile_conjunction,
pidd,0,2,16,IF age >= 42 AND bmi >= 29 THEN high risk,1,0.04112615882100963,62,14.452214452214452,0.5483870967741935,0.05,2,quantile_conjunction,
pidd,0,2,17,IF blood_pressure >= 64 AND glucose >= 106 THEN high risk,1,0.04062402110207063,237,55.24475524475524,0.5021097046413502,0.05,2,quantile_conjunction,
pidd,0,2,18,IF glucose >= 118 AND pregnancies >= 3 THEN high risk,1,0.03733128048884846,133,31.002331002331,0.6090225563909775,0.05,2,quantile_conjunction,
pidd,0,2,19,IF insulin >= 100 AND skin_thickness >= 29 THEN high risk,1,0.03700430485171396,251,58.5081585081585,0.4581673306772908,0.05,2,quantile_conjunction,
pidd,0,2,20,IF age >= 42 AND skin_thickness >= 28.8 THEN high risk,1,0.03672513457056979,71,16.55011655011655,0.4507042253521127,0.05,2,quantile_conjunction,
pidd,0,3,1,IF glucose >= 148.8 THEN high risk,1,0.1161851023329394,86,20.04662004662005,0.7209302325581395,0.05,1,quantile,
pidd,0,3,2,IF bmi >= 34.4 THEN high risk,1,0.06646404181892406,151,35.1981351981352,0.5099337748344371,0.05,1,quantile,
pidd,0,3,3,IF pregnancies >= 5 THEN high risk,1,0.06543310924174219,163,37.995337995338,0.49079754601226994,0.05,1,quantile,
pidd,0,3,4,IF diabetes_pedigree_function >= 0.679 THEN high risk,1,0.06157771044467943,86,20.04662004662005,0.5232558139534884,0.05,1,quantile,
pidd,0,3,5,IF glucose >= 130 AND insulin >= 126 THEN high risk,1,0.05784559166237696,141,32.86713286713287,0.6312056737588653,0.05,2,quantile_conjunction,
pidd,0,3,6,IF diabetes_pedigree_function >= 0.679 AND pregnancies >= 7 THEN high risk,1,0.051772330653827414,23,5.361305361305361,0.6521739130434783,0.05,2,quantile_conjunction,
pidd,0,3,7,IF bmi >= 34.4 AND diabetes_pedigree_function >= 0.27 THEN high risk,1,0.04565418482387101,105,24.475524475524477,0.5619047619047619,0.05,2,quantile_conjunction,
pidd,0,3,8,IF bmi >= 37.7 AND glucose >= 148.8 THEN high risk,1,0.04538022455898372,29,6.75990675990676,0.7586206896551724,0.05,2,quantile_conjunction,
pidd,0,3,9,IF age >= 36 AND pregnancies >= 5 THEN high risk,1,0.04419689963229784,112,26.107226107226104,0.5178571428571429,0.05,2,quantile_conjunction,
pidd,0,3,10,IF age >= 36 AND blood_pressure >= 72 THEN high risk,1,0.04321013569734461,123,28.671328671328673,0.5203252032520326,0.05,2,quantile_conjunction,
pidd,0,3,11,IF age >= 25 AND pregnancies >= 3 THEN high risk,1,0.0419708415569949,223,51.981351981351985,0.4663677130044843,0.05,2,quantile_conjunction,
pidd,0,3,12,IF age >= 23 AND pregnancies >= 3 THEN high risk,1,0.041797923274454564,235,54.77855477855478,0.451063829787234,0.05,2,quantile_conjunction,
pidd,0,3,13,IF age >= 36 AND diabetes_pedigree_function >= 0.499 THEN high risk,1,0.041394491564348414,56,13.053613053613052,0.6071428571428571,0.05,2,quantile_conjunction,
pidd,0,3,14,IF diabetes_pedigree_function >= 0.679 AND insulin >= 97.8 THEN high risk,1,0.04097327499638335,69,16.083916083916083,0.5652173913043478,0.05,2,quantile_conjunction,
pidd,0,3,15,IF glucose >= 148.8 AND insulin >= 145.4 THEN high risk,1,0.04085484679066299,33,7.6923076923076925,0.696969696969697,0.05,2,quantile_conjunction,
pidd,0,3,16,IF bmi >= 31.9 AND pregnancies >= 7 THEN high risk,1,0.040412558125967835,57,13.286713286713287,0.631578947368421,0.05,2,quantile_conjunction,
pidd,0,3,17,IF age >= 29 AND pregnancies >= 5 THEN high risk,1,0.03970876909098462,147,34.26573426573427,0.5238095238095238,0.05,2,quantile_conjunction,
pidd,0,3,18,IF diabetes_pedigree_function >= 0.27 AND glucose >= 96 THEN high risk,1,0.03894321372398157,224,52.21445221445221,0.48660714285714285,0.05,2,quantile_conjunction,
pidd,0,3,19,IF blood_pressure >= 72 AND diabetes_pedigree_function >= 0.27 THEN high risk,1,0.03827186232754327,152,35.43123543123543,0.48026315789473684,0.05,2,quantile_conjunction,
pidd,0,3,20,IF age >= 23 AND diabetes_pedigree_function >= 0.499 THEN high risk,1,0.03795288768169182,128,29.836829836829835,0.53125,0.05,2,quantile_conjunction,
pidd,0,4,1,IF bmi >= 32.6 AND glucose >= 117 THEN high risk,1,0.10123977516619088,121,28.205128205128204,0.6363636363636364,0.05,2,quantile_conjunction,
pidd,0,4,2,IF glucose >= 148 AND skin_thickness >= 23 THEN high risk,1,0.08755133263336158,79,18.414918414918414,0.7341772151898734,0.05,2,quantile_conjunction,
pidd,0,4,3,IF bmi >= 32.6 AND glucose >= 148 THEN high risk,1,0.08739977686373111,54,12.587412587412588,0.8333333333333334,0.05,2,quantile_conjunction,
pidd,0,4,4,IF bmi >= 26.06 AND glucose >= 105 THEN high risk,1,0.07442239881938774,241,56.17715617715617,0.5186721991701245,0.05,2,quantile_conjunction,
pidd,0,4,5,IF diabetes_pedigree_function >= 0.707 THEN high risk,1,0.056511313676144585,86,20.04662004662005,0.4883720930232558,0.05,1,quantile,
pidd,0,4,6,IF age >= 37 THEN high risk,1,0.052342991215847116,155,36.13053613053613,0.49032258064516127,0.05,1,quantile,
pidd,0,4,7,IF diabetes_pedigree_function >= 0.37 THEN high risk,1,0.04842902929995655,215,50.116550116550115,0.413953488372093,0.05,1,quantile,
pidd,0,4,8,IF diabetes_pedigree_function >= 0.707 AND glucose >= 105 THEN high risk,1,0.04723338083304043,66,15.384615384615385,0.5303030303030303,0.05,2,quantile_conjunction,
pidd,0,4,9,IF blood_pressure >= 76 THEN high risk,1,0.04642701550899356,173,40.32634032634033,0.4393063583815029,0.05,1,quantile,
pidd,0,4,10,IF bmi >= 29.9 AND insulin >= 105 THEN high risk,1,0.045678337883364846,237,55.24475524475524,0.5147679324894515,0.05,2,quantile_conjunction,
pidd,0,4,11,IF age >= 37 AND glucose >= 95 THEN high risk,1,0.04311524409975405,140,32.634032634032636,0.5285714285714286,0.05,2,quantile_conjunction,
pidd,0,4,12,IF blood_pressure >= 68 AND skin_thickness >= 36 THEN high risk,1,0.041073315671775024,72,16.783216783216783,0.5277777777777778,0.05,2,quantile_conjunction,
pidd,0,4,13,IF bmi >= 32.6 AND skin_thickness >= 23 THEN high risk,1,0.04071429434977356,206,48.01864801864802,0.4563106796116505,0.05,2,quantile_conjunction,
pidd,0,4,14,IF blood_pressure >= 72 AND bmi >= 34.9 THEN high risk,1,0.035813197311458926,104,24.242424242424242,0.46153846153846156,0.05,2,quantile_conjunction,
pidd,0,4,15,IF age >= 29 AND skin_thickness >= 23 THEN high risk,1,0.03566181270999779,202,47.086247086247084,0.49504950495049505,0.05,2,quantile_conjunction,
pidd,0,4,16,IF glucose >= 95 AND insulin >= 148.8 THEN high risk,1,0.03515611267919705,84,19.58041958041958,0.5595238095238095,0.05,2,quantile_conjunction,
pidd,0,4,17,IF age >= 45 AND skin_thickness >= 36 THEN high risk,1,0.031704013978599434,14,3.263403263403263,0.7142857142857143,0.05,2,quantile_conjunction,
pidd,0,4,18,IF age >= 29 AND blood_pressure >= 72 THEN high risk,1,0.0315107468846338,158,36.82983682983683,0.4936708860759494,0.05,2,quantile_conjunction,
pidd,0,4,19,IF blood_pressure >= 68 AND skin_thickness >= 23 THEN high risk,1,0.030945018476157108,257,59.90675990675991,0.4280155642023346,0.05,2,quantile_conjunction,
pidd,0,4,20,IF blood_pressure >= 72 AND insulin >= 105 THEN high risk,1,0.027070891938634947,203,47.31934731934732,0.458128078817734,0.05,2,quantile_conjunction,
pidd,0,5,1,IF age >= 29 AND glucose >= 144 THEN high risk,1,0.10561749832169035,63,14.685314685314685,0.7777777777777778,0.05,2,quantile_conjunction,
pidd,0,5,2,IF glucose >= 144 AND pregnancies >= 3 THEN high risk,1,0.0913444682002459,55,12.82051282051282,0.7454545454545455,0.05,2,quantile_conjunction,
pidd,0,5,3,IF age >= 34 AND insulin >= 105 THEN high risk,1,0.07795183454814571,147,34.26573426573427,0.5102040816326531,0.05,2,quantile_conjunction,
pidd,0,5,4,IF diabetes_pedigree_function >= 0.517 THEN high risk,1,0.0675552099103184,150,34.96503496503497,0.44,0.05,1,quantile,
pidd,0,5,5,IF skin_thickness >= 29 THEN high risk,1,0.06345398893864272,279,65.03496503496503,0.43727598566308246,0.05,1,quantile,
pidd,0,5,6,IF glucose >= 94 AND insulin >= 125 THEN high risk,1,0.051071840527423,275,64.1025641025641,0.4581818181818182,0.05,2,quantile_conjunction,
pidd,0,5,7,IF age >= 42 AND bmi >= 32 THEN high risk,1,0.05076325467887634,50,11.655011655011654,0.58,0.05,2,quantile_conjunction,
pidd,0,5,8,IF bmi >= 29.68 AND skin_thickness >= 28.8 THEN high risk,1,0.04758936055001042,215,50.116550116550115,0.5116279069767442,0.05,2,quantile_conjunction,
pidd,0,5,9,IF age >= 34 AND pregnancies >= 7 THEN high risk,1,0.04630535372961758,83,19.34731934731935,0.5301204819277109,0.05,2,quantile_conjunction,
pidd,0,5,10,IF insulin >= 155.4 AND skin_thickness >= 28.8 THEN high risk,1,0.04243513857467833,52,12.121212121212121,0.5769230769230769,0.05,2,quantile_conjunction,
pidd,0,5,11,IF bmi >= 32 AND skin_thickness >= 34 THEN high risk,1,0.04099009116573734,78,18.181818181818183,0.5256410256410257,0.05,2,quantile_conjunction,
pidd,0,5,12,IF bmi >= 37.7 AND glucose >= 105 THEN high risk,1,0.03895677823564952,67,15.61771561771562,0.6417910447761194,0.05,2,quantile_conjunction,
pidd,0,5,13,IF blood_pressure >= 68 AND skin_thickness >= 22 THEN high risk,1,0.03874859753587245,238,55.47785547785548,0.4495798319327731,0.05,2,quantile_conjunction,
pidd,0,5,14,IF bmi >= 37.7 AND pregnancies >= 3 THEN high risk,1,0.03714464106300483,37,8.624708624708624,0.6756756756756757,0.05,2,quantile_conjunction,
pidd,0,5,15,IF bmi >= 26.06 AND skin_thickness >= 28.8 THEN high risk,1,0.03705699983506396,243,56.64335664335665,0.49382716049382713,0.05,2,quantile_conjunction,
pidd,0,5,16,IF blood_pressure >= 80 AND insulin >= 125 THEN high risk,1,0.0366686063981931,89,20.745920745920746,0.4606741573033708,0.05,2,quantile_conjunction,
pidd,0,5,17,IF blood_pressure >= 70 AND skin_thickness >= 29 THEN high risk,1,0.03547421333860321,185,43.12354312354312,0.4810810810810811,0.05,2,quantile_conjunction,
pidd,0,5,18,IF age >= 34 AND blood_pressure >= 80 THEN high risk,1,0.033876914094603965,59,13.752913752913754,0.5254237288135594,0.05,2,quantile_conjunction,
pidd,0,5,19,IF blood_pressure >= 70 AND diabetes_pedigree_function >= 0.692 THEN high risk,1,0.03088754844625847,56,13.053613053613052,0.5535714285714286,0.05,2,quantile_conjunction,
pidd,0,5,20,IF blood_pressure >= 80 AND skin_thickness >= 22 THEN high risk,1,0.026107661907364448,89,20.745920745920746,0.5168539325842697,0.05,2,quantile_conjunction,
pidd,1,1,1,IF age >= 29 AND glucose >= 106 THEN high risk,1,0.09458680807362535,169,39.39393939393939,0.5739644970414202,0.05,2,quantile_conjunction,
pidd,1,1,2,IF age >= 29 AND bmi >= 29.78 THEN high risk,1,0.08122877923623818,157,36.5967365967366,0.554140127388535,0.05,2,quantile_conjunction,
pidd,1,1,3,IF glucose >= 117 THEN high risk,1,0.07090660152652647,218,50.815850815850816,0.5275229357798165,0.05,1,quantile,
pidd,1,1,4,IF skin_thickness >= 28.8 THEN high risk,1,0.061986918800693014,279,65.03496503496503,0.41935483870967744,0.05,1,quantile,
pidd,1,1,5,IF insulin >= 125 THEN high risk,1,0.06032113206687205,321,74.82517482517483,0.4205607476635514,0.05,1,quantile,
pidd,1,1,6,IF bmi >= 29.78 THEN high risk,1,0.059478170383385244,279,65.03496503496503,0.4551971326164875,0.05,1,quantile,
pidd,1,1,7,IF diabetes_pedigree_function >= 0.391 THEN high risk,1,0.055200048471174885,216,50.349650349650354,0.42592592592592593,0.05,1,quantile,
pidd,1,1,8,IF age >= 26 AND diabetes_pedigree_function >= 0.686 THEN high risk,1,0.047045053806602524,65,15.151515151515152,0.5538461538461539,0.05,2,quantile_conjunction,
pidd,1,1,9,IF glucose >= 96.6 AND skin_thickness >= 22 THEN high risk,1,0.04688731839588585,284,66.2004662004662,0.47183098591549294,0.05,2,quantile_conjunction,
pidd,1,1,10,IF age >= 26 AND skin_thickness >= 22 THEN high risk,1,0.04629217181160108,246,57.34265734265735,0.44715447154471544,0.05,2,quantile_conjunction,
pidd,1,1,11,IF age >= 36 AND pregnancies >= 7 THEN high risk,1,0.044719580235275606,81,18.88111888111888,0.5679012345679012,0.05,2,quantile_conjunction,
pidd,1,1,12,IF age >= 23 AND bmi >= 29.78 THEN high risk,1,0.04392024867966281,242,56.41025641025641,0.47107438016528924,0.05,2,quantile_conjunction,
pidd,1,1,13,IF blood_pressure >= 82 AND glucose >= 146 THEN high risk,1,0.03992571288030995,30,6.993006993006993,0.6666666666666666,0.05,2,quantile_conjunction,
pidd,1,1,14,IF age >= 42 AND diabetes_pedigree_function >= 0.686 THEN high risk,1,0.03991513294973585,21,4.895104895104895,0.5238095238095238,0.05,2,quantile_conjunction,
pidd,1,1,15,IF age >= 26 AND bmi >= 38.1 THEN high risk,1,0.03933088340457617,64,14.918414918414918,0.484375,0.05,2,quantile_conjunction,
pidd,1,1,16,IF bmi >= 32.4 AND skin_thickness >= 28.8 THEN high risk,1,0.038749412669387695,179,41.72494172494173,0.4581005586592179,0.05,2,quantile_conjunction,
pidd,1,1,17,IF diabetes_pedigree_function >= 0.391 AND glucose >= 96.6 THEN high risk,1,0.03338731454227145,176,41.02564102564102,0.5056818181818182,0.05,2,quantile_conjunction,
pidd,1,1,18,IF bmi >= 38.1 AND diabetes_pedigree_function >= 0.686 THEN high risk,1,0.03304407458203905,28,6.526806526806526,0.5357142857142857,0.05,2,quantile_conjunction,
pidd,1,1,19,IF blood_pressure >= 82 AND insulin >= 125 THEN high risk,1,0.03293139610792123,79,18.414918414918414,0.46835443037974683,0.05,2,quantile_conjunction,
pidd,1,1,20,IF bmi >= 32.4 AND insulin >= 155.4 THEN high risk,1,0.030143241376215497,59,13.752913752913754,0.576271186440678,0.05,2,quantile_conjunction,
pidd,1,2,1,IF age >= 26 AND glucose >= 148 THEN high risk,1,0.11354894514748817,76,17.715617715617714,0.75,0.05,2,quantile_conjunction,
pidd,1,2,2,IF age >= 35 THEN high risk,1,0.09269183018438494,157,36.5967365967366,0.5095541401273885,0.05,1,quantile,
pidd,1,2,3,IF age >= 35 AND bmi >= 32.5 THEN high risk,1,0.07592510848898595,88,20.51282051282051,0.6022727272727273,0.05,2,quantile_conjunction,
pidd,1,2,4,IF bmi >= 34.5 AND glucose >= 148 THEN high risk,1,0.0652124579199354,40,9.324009324009324,0.8,0.05,2,quantile_conjunction,
pidd,1,2,5,IF glucose >= 108 THEN high risk,1,0.06236648809438998,284,66.2004662004662,0.47183098591549294,0.05,1,quantile,
pidd,1,2,6,IF bmi >= 30.1 AND glucose >= 129 THEN high risk,1,0.06005821432503893,114,26.573426573426573,0.6929824561403509,0.05,2,quantile_conjunction,
pidd,1,2,7,IF bmi >= 32.5 THEN high risk,1,0.059590273196361926,219,51.048951048951054,0.4383561643835616,0.05,1,quantile,
pidd,1,2,8,IF bmi >= 26.1 AND glucose >= 97.6 THEN high risk,1,0.0456401656532566,279,65.03496503496503,0.4874551971326165,0.05,2,quantile_conjunction,
pidd,1,2,9,IF insulin >= 112.4 AND pregnancies >= 7 THEN high risk,1,0.045138033072654606,81,18.88111888111888,0.6419753086419753,0.05,2,quantile_conjunction,
pidd,1,2,10,IF bmi >= 32.5 AND insulin >= 112.4 THEN high risk,1,0.04361112351220594,176,41.02564102564102,0.4943181818181818,0.05,2,quantile_conjunction,
pidd,1,2,11,IF age >= 23 AND diabetes_pedigree_function >= 0.349 THEN high risk,1,0.03871489940162017,181,42.19114219114219,0.44751381215469616,0.05,2,quantile_conjunction,
pidd,1,2,12,IF blood_pressure >= 76 AND bmi >= 30.1 THEN high risk,1,0.038235536751702597,124,28.904428904428904,0.4838709677419355,0.05,2,quantile_conjunction,
pidd,1,2,13,IF diabetes_pedigree_function >= 0.349 AND skin_thickness >= 23 THEN high risk,1,0.037271011247866456,168,39.16083916083916,0.4523809523809524,0.05,2,quantile_conjunction,
pidd,1,2,14,IF bmi >= 30.1 AND skin_thickness >= 23 THEN high risk,1,0.037142582643013365,257,59.90675990675991,0.46303501945525294,0.05,2,quantile_conjunction,
pidd,1,2,15,IF insulin >= 112.4 AND pregnancies >= 2 THEN high risk,1,0.03515638415272909,250,58.27505827505828,0.448,0.05,2,quantile_conjunction,
pidd,1,2,16,IF age >= 26 AND diabetes_pedigree_function >= 0.66 THEN high risk,1,0.034201062233467305,62,14.452214452214452,0.5161290322580645,0.05,2,quantile_conjunction,
pidd,1,2,17,IF age >= 26 AND skin_thickness >= 35 THEN high risk,1,0.032017640603256056,68,15.85081585081585,0.5,0.05,2,quantile_conjunction,
pidd,1,2,18,IF diabetes_pedigree_function >= 0.349 AND insulin >= 155 THEN high risk,1,0.03175868761420605,62,14.452214452214452,0.5645161290322581,0.05,2,quantile_conjunction,
pidd,1,2,19,IF blood_pressure >= 82 AND diabetes_pedigree_function >= 0.349 THEN high risk,1,0.027224748037844967,43,10.023310023310025,0.5813953488372093,0.05,2,quantile_conjunction,
pidd,1,2,20,IF blood_pressure >= 82 AND insulin >= 112.4 THEN high risk,1,0.02449480771959151,80,18.64801864801865,0.5125,0.05,2,quantile_conjunction,
pidd,1,3,1,IF blood_pressure >= 70 AND glucose >= 129 THEN high risk,1,0.07788997263129233,120,27.972027972027973,0.65,0.05,2,quantile_conjunction,
pidd,1,3,2,IF bmi >= 26.6 AND glucose >= 105 THEN high risk,1,0.07233755424432257,240,55.94405594405595,0.525,0.05,2,quantile_conjunction,
pidd,1,3,3,IF bmi >= 29.7 AND glucose >= 105 THEN high risk,1,0.0718697941389678,198,46.15384615384615,0.5757575757575758,0.05,2,quantile_conjunction,
pidd,1,3,4,IF skin_thickness >= 36 THEN high risk,1,0.06313729853490976,95,22.144522144522146,0.42105263157894735,0.05,1,quantile,
pidd,1,3,5,IF insulin >= 145 THEN high risk,1,0.058356023933170874,87,20.27972027972028,0.5402298850574713,0.05,1,quantile,
pidd,1,3,6,IF age >= 37 AND bmi >= 38.34 THEN high risk,1,0.05176386823442873,30,6.993006993006993,0.6666666666666666,0.05,2,quantile_conjunction,
pidd,1,3,7,IF diabetes_pedigree_function >= 0.695 AND pregnancies >= 7 THEN high risk,1,0.05169614185202111,25,5.827505827505827,0.68,0.05,2,quantile_conjunction,
pidd,1,3,8,IF glucose >= 105 AND skin_thickness >= 23 THEN high risk,1,0.05050219018660156,244,56.87645687645687,0.5122950819672131,0.05,2,quantile_conjunction,
pidd,1,3,9,IF blood_pressure >= 82 AND glucose >= 95 THEN high risk,1,0.04817213838752029,91,21.21212121212121,0.4835164835164835,0.05,2,quantile_conjunction,
pidd,1,3,10,IF bmi >= 29.7 AND insulin >= 145 THEN high risk,1,0.04799274766876035,73,17.016317016317018,0.6164383561643836,0.05,2,quantile_conjunction,
pidd,1,3,11,IF bmi >= 32.8 AND glucose >= 95 THEN high risk,1,0.04794588469969558,186,43.35664335664335,0.532258064516129,0.05,2,quantile_conjunction,
pidd,1,3,12,IF age >= 30 AND pregnancies >= 7 THEN high risk,1,0.045159760618193226,98,22.843822843822846,0.5408163265306123,0.05,2,quantile_conjunction,
pidd,1,3,13,IF bmi >= 26.6 AND skin_thickness >= 23 THEN high risk,1,0.04479474429392947,305,71.0955710955711,0.43278688524590164,0.05,2,quantile_conjunction,
pidd,1,3,14,IF pregnancies >= 5 AND skin_thickness >= 23 THEN high risk,1,0.042928580383653145,152,35.43123543123543,0.46710526315789475,0.05,2,quantile_conjunction,
pidd,1,3,15,IF age >= 23 AND bmi >= 32.8 THEN high risk,1,0.042815117693839756,196,45.68764568764569,0.5,0.05,2,quantile_conjunction,
pidd,1,3,16,IF age >= 37 AND pregnancies >= 3 THEN high risk,1,0.041764727366395776,134,31.23543123543124,0.48507462686567165,0.05,2,quantile_conjunction,
pidd,1,3,17,IF blood_pressure >= 70 AND pregnancies >= 5 THEN high risk,1,0.04094623207583807,131,30.536130536130536,0.4580152671755725,0.05,2,quantile_conjunction,
pidd,1,3,18,IF glucose >= 145.4 THEN high risk,1,0.04071308246501942,86,20.04662004662005,0.8023255813953488,0.05,1,quantile,
pidd,1,3,19,IF bmi >= 34.9 AND glucose >= 145.4 THEN high risk,1,0.036138772734716065,45,10.48951048951049,0.8444444444444444,0.05,2,quantile_conjunction,
pidd,1,3,20,IF blood_pressure >= 74 AND glucose >= 145.4 THEN high risk,1,0.0230753678567242,56,13.053613053613052,0.8035714285714286,0.05,2,quantile_conjunction,
pidd,1,4,1,IF glucose >= 129 AND insulin >= 125.5 THEN high risk,1,0.07478925705480598,138,32.16783216783217,0.6231884057971014,0.05,2,quantile_conjunction,
pidd,1,4,2,IF age >= 29 AND glucose >= 129 THEN high risk,1,0.07000766278943116,102,23.776223776223777,0.6764705882352942,0.05,2,quantile_conjunction,
pidd,1,4,3,IF blood_pressure >= 82 THEN high risk,1,0.06805970732708652,94,21.91142191142191,0.48936170212765956,0.05,1,quantile,
pidd,1,4,4,IF age >= 37 AND bmi >= 29.58 THEN high risk,1,0.06696074364673071,113,26.340326340326342,0.5929203539823009,0.05,2,quantile_conjunction,
pidd,1,4,5,IF glucose >= 129 AND pregnancies >= 3 THEN high risk,1,0.06367864222926446,95,22.144522144522146,0.6421052631578947,0.05,2,quantile_conjunction,
pidd,1,4,6,IF bmi >= 32.8 AND glucose >= 95 THEN high risk,1,0.05848190265747854,181,42.19114219114219,0.5303867403314917,0.05,2,quantile_conjunction,
pidd,1,4,7,IF skin_thickness >= 30 THEN high risk,1,0.05823744449740518,280,65.26806526806527,0.425,0.05,1,quantile,
pidd,1,4,8,IF bmi >= 38.34 AND skin_thickness >= 22.6 THEN high risk,1,0.05822571739004118,86,20.04662004662005,0.5116279069767442,0.05,2,quantile_conjunction,
pidd,1,4,9,IF glucose >= 106 AND insulin >= 145 THEN high risk,1,0.05789394724837411,76,17.715617715617714,0.5131578947368421,0.05,2,quantile_conjunction,
pidd,1,4,10,IF bmi >= 29.58 AND insulin >= 99.6 THEN high risk,1,0.05625552666211623,232,54.07925407925408,0.5086206896551724,0.05,2,quantile_conjunction,
pidd,1,4,11,IF pregnancies >= 5 THEN high risk,1,0.05623482139162192,154,35.8974358974359,0.5,0.05,1,quantile,
pidd,1,4,12,IF glucose >= 146 AND pregnancies >= 5 THEN high risk,1,0.053772749060157374,45,10.48951048951049,0.7555555555555555,0.05,2,quantile_conjunction,
pidd,1,4,13,IF diabetes_pedigree_function >= 0.517 AND insulin >= 145 THEN high risk,1,0.044241807147760444,46,10.722610722610723,0.6086956521739131,0.05,2,quantile_conjunction,
pidd,1,4,14,IF blood_pressure >= 76 AND bmi >= 34.82 THEN high risk,1,0.04396740606766762,83,19.34731934731935,0.5301204819277109,0.05,2,quantile_conjunction,
pidd,1,4,15,IF age >= 37 AND pregnancies >= 7 THEN high risk,1,0.04349714031857265,82,19.114219114219114,0.5487804878048781,0.05,2,quantile_conjunction,
pidd,1,4,16,IF age >= 37 AND insulin >= 99.6 THEN high risk,1,0.043186170853667154,144,33.56643356643357,0.5555555555555556,0.05,2,quantile_conjunction,
pidd,1,4,17,IF age >= 43 AND bmi >= 26.32 THEN high risk,1,0.024244138914947037,80,18.64801864801865,0.6375,0.05,2,quantile_conjunction,
pidd,1,4,18,IF diabetes_pedigree_function >= 0.374 AND pregnancies >= 3 THEN high risk,1,0.023918453030015278,106,24.708624708624708,0.5849056603773585,0.05,2,quantile_conjunction,
pidd,1,4,19,IF age >= 43 AND blood_pressure >= 68 THEN high risk,1,0.018175769361783806,86,20.04662004662005,0.6162790697674418,0.05,2,quantile_conjunction,
pidd,1,4,20,IF blood_pressure >= 72 AND glucose >= 106 THEN high risk,1,0.01617099235107262,175,40.79254079254079,0.5714285714285714,0.05,2,quantile_conjunction,
pidd,1,5,1,IF bmi >= 26.46 AND glucose >= 96 THEN high risk,1,0.07098526913031825,278,64.80186480186481,0.49640287769784175,0.05,2,quantile_conjunction,
pidd,1,5,2,IF age >= 25.8 AND insulin >= 140.8 THEN high risk,1,0.06607028586691911,58,13.51981351981352,0.6896551724137931,0.05,2,quantile_conjunction,
pidd,1,5,3,IF age >= 29 AND glucose >= 126 THEN high risk,1,0.06549206672334318,100,23.310023310023308,0.7,0.05,2,quantile_conjunction,
pidd,1,5,4,IF diabetes_pedigree_function >= 0.498 AND skin_thickness >= 30 THEN high risk,1,0.0638444573175437,99,23.076923076923077,0.5252525252525253,0.05,2,quantile_conjunction,
pidd,1,5,5,IF age >= 35 AND bmi >= 35.02 THEN high risk,1,0.06353045178600764,53,12.354312354312354,0.6226415094339622,0.05,2,quantile_conjunction,
pidd,1,5,6,IF age >= 25.8 AND diabetes_pedigree_function >= 0.669 THEN high risk,1,0.05898251100045994,62,14.452214452214452,0.5161290322580645,0.05,2,quantile_conjunction,
pidd,1,5,7,IF blood_pressure >= 72 AND bmi >= 30 THEN high risk,1,0.052278188864271206,174,40.55944055944056,0.45977011494252873,0.05,2,quantile_conjunction,
pidd,1,5,8,IF age >= 25.8 AND bmi >= 35.02 THEN high risk,1,0.052175278433806094,102,23.776223776223777,0.5098039215686274,0.05,2,quantile_conjunction,
pidd,1,5,9,IF glucose >= 106 AND skin_thickness >= 24.6 THEN high risk,1,0.05054712565155177,242,56.41025641025641,0.512396694214876,0.05,2,quantile_conjunction,
pidd,1,5,10,IF bmi >= 30 AND insulin >= 140.8 THEN high risk,1,0.049948662935492924,71,16.55011655011655,0.5915492957746479,0.05,2,quantile_conjunction,
pidd,1,5,11,IF insulin >= 105 AND skin_thickness >= 24.6 THEN high risk,1,0.046920849486239244,297,69.23076923076923,0.4377104377104377,0.05,2,quantile_conjunction,
pidd,1,5,12,IF age >= 23 AND blood_pressure >= 72 THEN high risk,1,0.046521866206968694,213,49.65034965034965,0.431924882629108,0.05,2,quantile_conjunction,
pidd,1,5,13,IF age >= 42 AND blood_pressure >= 82 THEN high risk,1,0.04607880292701062,33,7.6923076923076925,0.5454545454545454,0.05,2,quantile_conjunction,
pidd,1,5,14,IF age >= 42 AND skin_thickness >= 36 THEN high risk,1,0.04475727679528029,14,3.263403263403263,0.5714285714285714,0.05,2,quantile_conjunction,
pidd,1,5,15,IF glucose >= 126 AND skin_thickness >= 24.6 THEN high risk,1,0.04147152582875867,140,32.634032634032636,0.65,0.05,2,quantile_conjunction,
pidd,1,5,16,IF blood_pressure >= 82 AND bmi >= 32.8 THEN high risk,1,0.0385208322407527,68,15.85081585081585,0.5,0.05,2,quantile_conjunction,
pidd,1,5,17,IF age >= 42 AND glucose >= 126 THEN high risk,1,0.038028963595052284,51,11.888111888111888,0.6862745098039216,0.05,2,quantile_conjunction,
pidd,1,5,18,IF age >= 35 AND pregnancies >= 3 THEN high risk,1,0.03745280851282483,130,30.303030303030305,0.5076923076923077,0.05,2,quantile_conjunction,
pidd,1,5,19,IF bmi >= 32.8 AND diabetes_pedigree_function >= 0.28 THEN high risk,1,0.036744419602637524,147,34.26573426573427,0.5102040816326531,0.05,2,quantile_conjunction,
pidd,1,5,20,IF diabetes_pedigree_function >= 0.28 AND pregnancies >= 7 THEN high risk,1,0.029648357094761393,57,13.286713286713287,0.6491228070175439,0.05,2,quantile_conjunction,
pidd,2,1,1,IF age >= 29 AND glucose >= 118 THEN high risk,1,0.09754740257211623,131,30.536130536130536,0.6335877862595419,0.05,2,quantile_conjunction,
pidd,2,1,2,IF glucose >= 130 AND insulin >= 128 THEN high risk,1,0.09463271352910516,139,32.400932400932405,0.6330935251798561,0.05,2,quantile_conjunction,
pidd,2,1,3,IF age >= 29 AND insulin >= 105 THEN high risk,1,0.07055356557594927,192,44.75524475524475,0.5208333333333334,0.05,2,quantile_conjunction,
pidd,2,1,4,IF age >= 29 AND insulin >= 148.8 THEN high risk,1,0.06706377717759235,45,10.48951048951049,0.6444444444444445,0.05,2,quantile_conjunction,
pidd,2,1,5,IF pregnancies >= 3 THEN high risk,1,0.06581628942273325,233,54.312354312354316,0.4248927038626609,0.05,1,quantile,
pidd,2,1,6,IF glucose >= 94.6 THEN high risk,1,0.056658695289783394,343,79.95337995337995,0.4198250728862974,0.05,1,quantile,
pidd,2,1,7,IF bmi >= 26.4 AND pregnancies >= 3 THEN high risk,1,0.05616095012124485,190,44.28904428904429,0.48947368421052634,0.05,2,quantile_conjunction,
pidd,2,1,8,IF blood_pressure >= 68 AND bmi >= 26.4 THEN high risk,1,0.046521018219915965,248,57.80885780885781,0.45564516129032256,0.05,2,quantile_conjunction,
pidd,2,1,9,IF bmi >= 34.8 AND glucose >= 147 THEN high risk,1,0.04409707669187668,47,10.955710955710956,0.7872340425531915,0.05,2,quantile_conjunction,
pidd,2,1,10,IF blood_pressure >= 76 AND insulin >= 105 THEN high risk,1,0.04168830543592101,137,31.934731934731936,0.45985401459854014,0.05,2,quantile_conjunction,
pidd,2,1,11,IF diabetes_pedigree_function >= 0.501 AND glucose >= 118 THEN high risk,1,0.041493496628263384,88,20.51282051282051,0.5909090909090909,0.05,2,quantile_conjunction,
pidd,2,1,12,IF glucose >= 94.6 AND skin_thickness >= 29 THEN high risk,1,0.03944777753651902,238,55.47785547785548,0.49159663865546216,0.05,2,quantile_conjunction,
pidd,2,1,13,IF bmi >= 32.5 AND insulin >= 128 THEN high risk,1,0.03790329797847817,173,40.32634032634033,0.5433526011560693,0.05,2,quantile_conjunction,
pidd,2,1,14,IF glucose >= 94.6 AND insulin >= 105 THEN high risk,1,0.03732188642336208,297,69.23076923076923,0.45454545454545453,0.05,2,quantile_conjunction,
pidd,2,1,15,IF blood_pressure >= 82 AND pregnancies >= 4 THEN high risk,1,0.037163146214807076,47,10.955710955710956,0.5531914893617021,0.05,2,quantile_conjunction,
pidd,2,1,16,IF bmi >= 38.34 AND diabetes_pedigree_function >= 0.501 THEN high risk,1,0.03623837418428397,39,9.090909090909092,0.5384615384615384,0.05,2,quantile_conjunction,
pidd,2,1,17,IF bmi >= 34.8 AND pregnancies >= 4 THEN high risk,1,0.034999104681416954,65,15.151515151515152,0.6153846153846154,0.05,2,quantile_conjunction,
pidd,2,1,18,IF diabetes_pedigree_function >= 0.692 AND insulin >= 148.8 THEN high risk,1,0.034789698207646214,28,6.526806526806526,0.5357142857142857,0.05,2,quantile_conjunction,
pidd,2,1,19,IF bmi >= 38.34 AND insulin >= 148.8 THEN high risk,1,0.03351667385343175,21,4.895104895104895,0.47619047619047616,0.05,2,quantile_conjunction,
pidd,2,1,20,IF bmi >= 34.8 AND skin_thickness >= 34 THEN high risk,1,0.02638675025555317,64,14.918414918414918,0.46875,0.05,2,quantile_conjunction,
pidd,2,2,1,IF age >= 36 THEN high risk,1,0.0771440138368712,157,36.5967365967366,0.4968152866242038,0.05,1,quantile,
pidd,2,2,2,IF age >= 23 THEN high risk,1,0.06560398293494968,361,84.14918414918415,0.39058171745152354,0.05,1,quantile,
pidd,2,2,3,IF blood_pressure >= 76 THEN high risk,1,0.06152725458985917,173,40.32634032634033,0.43352601156069365,0.05,1,quantile,
pidd,2,2,4,IF age >= 36 AND glucose >= 116 THEN high risk,1,0.06082230414128087,99,23.076923076923077,0.6262626262626263,0.05,2,quantile_conjunction,
pidd,2,2,5,IF blood_pressure >= 74 THEN high risk,1,0.05783957281514561,226,52.680652680652685,0.4247787610619469,0.05,1,quantile,
pidd,2,2,6,IF bmi >= 29.5 AND insulin >= 94 THEN high risk,1,0.0554290097716195,234,54.54545454545454,0.5,0.05,2,quantile_conjunction,
pidd,2,2,7,IF age >= 23 AND bmi >= 29.5 THEN high risk,1,0.05251466901635398,254,59.20745920745921,0.46062992125984253,0.05,2,quantile_conjunction,
pidd,2,2,8,IF bmi >= 26.4 AND pregnancies >= 3 THEN high risk,1,0.048824339879983365,204,47.55244755244755,0.46568627450980393,0.05,2,quantile_conjunction,
pidd,2,2,9,IF age >= 42 AND blood_pressure >= 70 THEN high risk,1,0.0485767209692272,74,17.24941724941725,0.5,0.05,2,quantile_conjunction,
pidd,2,2,10,IF glucose >= 116 AND pregnancies >= 5 THEN high risk,1,0.047262465805326115,95,22.144522144522146,0.6105263157894737,0.05,2,quantile_conjunction,
pidd,2,2,11,IF bmi >= 26.4 AND skin_thickness >= 23 THEN high risk,1,0.0467811730370387,300,69.93006993006993,0.44,0.05,2,quantile_conjunction,
pidd,2,2,12,IF age >= 26 AND insulin >= 115 THEN high risk,1,0.046306278122814334,240,55.94405594405595,0.4791666666666667,0.05,2,quantile_conjunction,
pidd,2,2,13,IF age >= 26 AND bmi >= 37.8 THEN high risk,1,0.045910651818648604,64,14.918414918414918,0.5625,0.05,2,quantile_conjunction,
pidd,2,2,14,IF age >= 26 AND bmi >= 34.5 THEN high risk,1,0.045593987986266356,109,25.407925407925408,0.5321100917431193,0.05,2,quantile_conjunction,
pidd,2,2,15,IF age >= 36 AND bmi >= 37.8 THEN high risk,1,0.043772126107246845,36,8.391608391608392,0.6388888888888888,0.05,2,quantile_conjunction,
pidd,2,2,16,IF blood_pressure >= 82 AND glucose >= 151 THEN high risk,1,0.0417744880716912,30,6.993006993006993,0.7333333333333333,0.05,2,quantile_conjunction,
pidd,2,2,17,IF bmi >= 26.4 AND insulin >= 147.6 THEN high risk,1,0.04144181121446749,80,18.64801864801865,0.5375,0.05,2,quantile_conjunction,
pidd,2,2,18,IF blood_pressure >= 76 AND skin_thickness >= 29 THEN high risk,1,0.03839982099796694,133,31.002331002331,0.45864661654135336,0.05,2,quantile_conjunction,
pidd,2,2,19,IF age >= 30 AND skin_thickness >= 29 THEN high risk,1,0.037337168086933964,165,38.46153846153847,0.5151515151515151,0.05,2,quantile_conjunction,
pidd,2,2,20,IF bmi >= 37.8 AND diabetes_pedigree_function >= 0.681 THEN high risk,1,0.03713816079630888,28,6.526806526806526,0.5357142857142857,0.05,2,quantile_conjunction,
pidd,2,3,1,IF glucose >= 146 THEN high risk,1,0.12846610012813287,89,20.745920745920746,0.7303370786516854,0.05,1,quantile,
pidd,2,3,2,IF glucose >= 119 THEN high risk,1,0.10129509602289219,217,50.58275058275058,0.5299539170506913,0.05,1,quantile,
pidd,2,3,3,IF bmi >= 26.4 AND glucose >= 146 THEN high risk,1,0.08083130712993798,81,18.88111888111888,0.7530864197530864,0.05,2,quantile_conjunction,
pidd,2,3,4,IF insulin >= 105 AND pregnancies >= 7 THEN high risk,1,0.05794651574532737,94,21.91142191142191,0.6063829787234043,0.05,2,quantile_conjunction,
pidd,2,3,5,IF insulin >= 125 THEN high risk,1,0.05781831573607367,321,74.82517482517483,0.4143302180685358,0.05,1,quantile,
pidd,2,3,6,IF age >= 36 THEN high risk,1,0.055752116385375215,159,37.06293706293706,0.5534591194968553,0.05,1,quantile,
pidd,2,3,7,IF insulin >= 144.4 AND pregnancies >= 7 THEN high risk,1,0.05215786299312198,18,4.195804195804196,0.7777777777777778,0.05,2,quantile_conjunction,
pidd,2,3,8,IF blood_pressure >= 68 THEN high risk,1,0.05129612522629611,293,68.29836829836829,0.3993174061433447,0.05,1,quantile,
pidd,2,3,9,IF age >= 43 AND insulin >= 144.4 THEN high risk,1,0.04909358863104135,22,5.128205128205128,0.7272727272727273,0.05,2,quantile_conjunction,
pidd,2,3,10,IF age >= 29 AND glucose >= 106.8 THEN high risk,1,0.04290520347120149,166,38.6946386946387,0.6144578313253012,0.05,2,quantile_conjunction,
pidd,2,3,11,IF age >= 36 AND glucose >= 106.8 THEN high risk,1,0.04155465746153652,119,27.73892773892774,0.6470588235294118,0.05,2,quantile_conjunction,
pidd,2,3,12,IF bmi >= 32 AND insulin >= 125 THEN high risk,1,0.03773173183232959,180,41.95804195804196,0.5055555555555555,0.05,2,quantile_conjunction,
pidd,2,3,13,IF glucose >= 129 AND skin_thickness >= 34.4 THEN high risk,1,0.034730560517082565,38,8.857808857808857,0.7105263157894737,0.05,2,quantile_conjunction,
pidd,2,3,14,IF bmi >= 37.7 AND pregnancies >= 3 THEN high risk,1,0.03207670919716441,42,9.79020979020979,0.6428571428571429,0.05,2,quantile_conjunction,
pidd,2,3,15,IF pregnancies >= 5 AND skin_thickness >= 22 THEN high risk,1,0.03115519403597118,147,34.26573426573427,0.5102040816326531,0.05,2,quantile_conjunction,
pidd,2,3,16,IF age >= 23 AND blood_pressure >= 68 THEN high risk,1,0.030795963794037956,255,59.44055944055944,0.43529411764705883,0.05,2,quantile_conjunction,
pidd,2,3,17,IF bmi >= 29.5 AND skin_thickness >= 29 THEN high risk,1,0.030129036714312208,135,31.46853146853147,0.4444444444444444,0.05,2,quantile_conjunction,
pidd,2,3,18,IF bmi >= 34.3 AND insulin >= 105 THEN high risk,1,0.029540535063193873,129,30.069930069930066,0.5116279069767442,0.05,2,quantile_conjunction,
pidd,2,3,19,IF bmi >= 29.5 AND skin_thickness >= 28.5 THEN high risk,1,0.02929235328028628,212,49.417249417249415,0.4858490566037736,0.05,2,quantile_conjunction,
pidd,2,3,20,IF bmi >= 34.3 AND skin_thickness >= 28.5 THEN high risk,1,0.025431026634685144,126,29.37062937062937,0.49206349206349204,0.05,2,quantile_conjunction,
pidd,2,4,1,IF glucose >= 145.4 AND insulin >= 100 THEN high risk,1,0.07317143344044662,83,19.34731934731935,0.7228915662650602,0.05,2,quantile_conjunction,
pidd,2,4,2,IF age >= 26 THEN high risk,1,0.0653678207179902,283,65.96736596736596,0.4558303886925795,0.05,1,quantile,
pidd,2,4,3,IF bmi >= 26.32 THEN high risk,1,0.06129347522336322,343,79.95337995337995,0.4198250728862974,0.05,1,quantile,
pidd,2,4,4,IF diabetes_pedigree_function >= 0.211 THEN high risk,1,0.06041802909583497,343,79.95337995337995,0.3819241982507289,0.05,1,quantile,
pidd,2,4,5,IF age >= 26 AND glucose >= 117 THEN high risk,1,0.05912202802031454,168,39.16083916083916,0.5952380952380952,0.05,2,quantile_conjunction,
pidd,2,4,6,IF insulin >= 125.5 AND pregnancies >= 7 THEN high risk,1,0.05309826419506468,82,19.114219114219114,0.524390243902439,0.05,2,quantile_conjunction,
pidd,2,4,7,IF bmi >= 26.32 AND glucose >= 108 THEN high risk,1,0.052370627058079426,236,55.011655011655016,0.5466101694915254,0.05,2,quantile_conjunction,
pidd,2,4,8,IF age >= 30 AND bmi >= 32 THEN high risk,1,0.05167206289661045,116,27.03962703962704,0.5948275862068966,0.05,2,quantile_conjunction,
pidd,2,4,9,IF insulin >= 125.5 AND pregnancies >= 5 THEN high risk,1,0.050543552327572946,134,31.23543123543124,0.5,0.05,2,quantile_conjunction,
pidd,2,4,10,IF age >= 30 AND skin_thickness >= 28 THEN high risk,1,0.04990752078225443,166,38.6946386946387,0.4939759036144578,0.05,2,quantile_conjunction,
pidd,2,4,11,IF pregnancies >= 7 AND skin_thickness >= 28 THEN high risk,1,0.048781295637371706,76,17.715617715617714,0.5,0.05,2,quantile_conjunction,
pidd,2,4,12,IF age >= 23 AND diabetes_pedigree_function >= 0.713 THEN high risk,1,0.0441672719154926,74,17.24941724941725,0.5135135135135135,0.05,2,quantile_conjunction,
pidd,2,4,13,IF age >= 43 AND insulin >= 125.5 THEN high risk,1,0.04342582160420064,83,19.34731934731935,0.5903614457831325,0.05,2,quantile_conjunction,
pidd,2,4,14,IF age >= 43 AND diabetes_pedigree_function >= 0.517 THEN high risk,1,0.04313233142265298,37,8.624708624708624,0.5945945945945946,0.05,2,quantile_conjunction,
pidd,2,4,15,IF age >= 36.2 AND bmi >= 34.2 THEN high risk,1,0.042766241777771836,62,14.452214452214452,0.6290322580645161,0.05,2,quantile_conjunction,
pidd,2,4,16,IF blood_pressure >= 80 AND pregnancies >= 7 THEN high risk,1,0.04160408371622279,35,8.158508158508159,0.5142857142857142,0.05,2,quantile_conjunction,
pidd,2,4,17,IF bmi >= 34.2 AND pregnancies >= 3 THEN high risk,1,0.04084499139877498,84,19.58041958041958,0.5476190476190477,0.05,2,quantile_conjunction,
pidd,2,4,18,IF age >= 43 AND bmi >= 34.2 THEN high risk,1,0.04059486693497758,37,8.624708624708624,0.6486486486486487,0.05,2,quantile_conjunction,
pidd,2,4,19,IF age >= 43 AND skin_thickness >= 23 THEN high risk,1,0.03905292349894912,83,19.34731934731935,0.5903614457831325,0.05,2,quantile_conjunction,
pidd,2,4,20,IF age >= 43 AND bmi >= 29.58 THEN high risk,1,0.038665358336054265,62,14.452214452214452,0.6612903225806451,0.05,2,quantile_conjunction,
pidd,2,5,1,IF age >= 25 AND glucose >= 116 THEN high risk,1,0.12406307325033528,168,39.16083916083916,0.5952380952380952,0.05,2,quantile_conjunction,
pidd,2,5,2,IF glucose >= 128.2 AND skin_thickness >= 29 THEN high risk,1,0.10599880819693999,114,26.573426573426573,0.6491228070175439,0.05,2,quantile_conjunction,
pidd,2,5,3,IF age >= 23 AND glucose >= 116 THEN high risk,1,0.08945913355343563,188,43.82284382284382,0.5585106382978723,0.05,2,quantile_conjunction,
pidd,2,5,4,IF bmi >= 25.96 AND glucose >= 146 THEN high risk,1,0.0816764916473262,82,19.114219114219114,0.7317073170731707,0.05,2,quantile_conjunction,
pidd,2,5,5,IF age >= 28 AND skin_thickness >= 22 THEN high risk,1,0.053436656603565336,210,48.95104895104895,0.5190476190476191,0.05,2,quantile_conjunction,
pidd,2,5,6,IF blood_pressure >= 67.6 THEN high risk,1,0.0529455978106072,279,65.03496503496503,0.4121863799283154,0.05,1,quantile,
pidd,2,5,7,IF skin_thickness >= 29 THEN high risk,1,0.052530746456617185,276,64.33566433566433,0.43478260869565216,0.05,1,quantile,
pidd,2,5,8,IF age >= 28 AND bmi >= 31.9 THEN high risk,1,0.052327837451247146,132,30.76923076923077,0.5606060606060606,0.05,2,quantile_conjunction,
pidd,2,5,9,IF glucose >= 95.6 AND skin_thickness >= 22 THEN high risk,1,0.03630423894250354,274,63.86946386946387,0.4781021897810219,0.05,2,quantile_conjunction,
pidd,2,5,10,IF age >= 28 AND skin_thickness >= 33 THEN high risk,1,0.035686461944369655,62,14.452214452214452,0.5806451612903226,0.05,2,quantile_conjunction,
pidd,2,5,11,IF diabetes_pedigree_function >= 0.515 AND skin_thickness >= 22 THEN high risk,1,0.03517607406491707,118,27.505827505827508,0.5338983050847458,0.05,2,quantile_conjunction,
pidd,2,5,12,IF diabetes_pedigree_function >= 0.515 AND pregnancies >= 4 THEN high risk,1,0.034909018958610406,62,14.452214452214452,0.6290322580645161,0.05,2,quantile_conjunction,
pidd,2,5,13,IF age >= 23 AND diabetes_pedigree_function >= 0.686 THEN high risk,1,0.03469386186975028,76,17.715617715617714,0.5657894736842105,0.05,2,quantile_conjunction,
pidd,2,5,14,IF blood_pressure >= 70 AND diabetes_pedigree_function >= 0.686 THEN high risk,1,0.03241415135751693,55,12.82051282051282,0.6,0.05,2,quantile_conjunction,
pidd,2,5,15,IF bmi >= 34.4 AND pregnancies >= 7 THEN high risk,1,0.032256590674578686,33,7.6923076923076925,0.6666666666666666,0.05,2,quantile_conjunction,
pidd,2,5,16,IF pregnancies >= 7 AND skin_thickness >= 28 THEN high risk,1,0.031276384674831,71,16.55011655011655,0.6338028169014085,0.05,2,quantile_conjunction,
pidd,2,5,17,IF bmi >= 25.96 AND insulin >= 158.8 THEN high risk,1,0.03043143730981743,76,17.715617715617714,0.6052631578947368,0.05,2,quantile_conjunction,
pidd,2,5,18,IF diabetes_pedigree_function >= 0.515 AND skin_thickness >= 28 THEN high risk,1,0.029613225154157066,97,22.61072261072261,0.5773195876288659,0.05,2,quantile_conjunction,
pidd,2,5,19,IF blood_pressure >= 70 AND insulin >= 158.8 THEN high risk,1,0.02898484024308769,51,11.888111888111888,0.6078431372549019,0.05,2,quantile_conjunction,
pidd,2,5,20,IF blood_pressure >= 70 AND bmi >= 25.96 THEN high risk,1,0.02581536983578624,217,50.58275058275058,0.5023041474654378,0.05,2,quantile_conjunction,
pidd,3,1,1,IF glucose >= 145.4 AND skin_thickness >= 23 THEN high risk,1,0.07987568515564297,78,18.181818181818183,0.6923076923076923,0.05,2,quantile_conjunction,
pidd,3,1,2,IF glucose >= 129 THEN high risk,1,0.07967386475394954,152,35.43123543123543,0.6118421052631579,0.05,1,quantile,
pidd,3,1,3,IF bmi >= 34.52 AND glucose >= 145.4 THEN high risk,1,0.07282753919202353,42,9.79020979020979,0.6904761904761905,0.05,2,quantile_conjunction,
pidd,3,1,4,IF pregnancies >= 7 THEN high risk,1,0.06617517549939081,87,20.27972027972028,0.5632183908045977,0.05,1,quantile,
pidd,3,1,5,IF age >= 29 AND glucose >= 129 THEN high risk,1,0.059422834333136096,100,23.310023310023308,0.67,0.05,2,quantile_conjunction,
pidd,3,1,6,IF age >= 23 THEN high risk,1,0.058383979584021035,355,82.75058275058275,0.4,0.05,1,quantile,
pidd,3,1,7,IF diabetes_pedigree_function >= 0.677 AND pregnancies >= 3 THEN high risk,1,0.057193784657670034,41,9.557109557109557,0.5365853658536586,0.05,2,quantile_conjunction,
pidd,3,1,8,IF blood_pressure >= 62 AND diabetes_pedigree_function >= 0.677 THEN high risk,1,0.04975043492146135,76,17.715617715617714,0.4868421052631579,0.05,2,quantile_conjunction,
pidd,3,1,9,IF bmi >= 29.7 AND pregnancies >= 7 THEN high risk,1,0.04740536616276326,61,14.219114219114218,0.6065573770491803,0.05,2,quantile_conjunction,
pidd,3,1,10,IF age >= 42 AND glucose >= 129 THEN high risk,1,0.04738995119433577,47,10.955710955710956,0.6382978723404256,0.05,2,quantile_conjunction,
pidd,3,1,11,IF insulin >= 105 AND pregnancies >= 7 THEN high risk,1,0.04519944900774333,82,19.114219114219114,0.5853658536585366,0.05,2,quantile_conjunction,
pidd,3,1,12,IF glucose >= 129 AND skin_thickness >= 29 THEN high risk,1,0.04467869605634167,117,27.27272727272727,0.6752136752136753,0.05,2,quantile_conjunction,
pidd,3,1,13,IF bmi >= 26.66 AND insulin >= 140 THEN high risk,1,0.04382443076397093,82,19.114219114219114,0.5,0.05,2,quantile_conjunction,
pidd,3,1,14,IF insulin >= 105 AND skin_thickness >= 35 THEN high risk,1,0.0392440720446994,69,16.083916083916083,0.5362318840579711,0.05,2,quantile_conjunction,
pidd,3,1,15,IF bmi >= 34.52 AND pregnancies >= 4 THEN high risk,1,0.03719112664979798,65,15.151515151515152,0.5230769230769231,0.05,2,quantile_conjunction,
pidd,3,1,16,IF insulin >= 120 AND skin_thickness >= 35 THEN high risk,1,0.03661565688020035,63,14.685314685314685,0.5555555555555556,0.05,2,quantile_conjunction,
pidd,3,1,17,IF age >= 29 AND pregnancies >= 4 THEN high risk,1,0.03638724219871203,155,36.13053613053613,0.4967741935483871,0.05,2,quantile_conjunction,
pidd,3,1,18,IF bmi >= 34.52 AND pregnancies >= 3 THEN high risk,1,0.03506030834910133,74,17.24941724941725,0.5405405405405406,0.05,2,quantile_conjunction,
pidd,3,1,19,IF age >= 23 AND pregnancies >= 2 THEN high risk,1,0.032470209599841385,259,60.37296037296037,0.416988416988417,0.05,2,quantile_conjunction,
pidd,3,1,20,IF age >= 34 AND pregnancies >= 2 THEN high risk,1,0.031230192995197272,132,30.76923076923077,0.5,0.05,2,quantile_conjunction,
pidd,3,2,1,IF insulin >= 99.6 THEN high risk,1,0.07308013805201423,343,79.95337995337995,0.4110787172011662,0.05,1,quantile,
pidd,3,2,2,IF bmi >= 26.16 AND glucose >= 128 THEN high risk,1,0.059875655780437256,142,33.1002331002331,0.704225352112676,0.05,2,quantile_conjunction,
pidd,3,2,3,IF glucose >= 147 AND insulin >= 145.4 THEN high risk,1,0.05451901885391692,34,7.925407925407925,0.7058823529411765,0.05,2,quantile_conjunction,
pidd,3,2,4,IF bmi >= 29.9 AND glucose >= 95 THEN high risk,1,0.05424923193445504,237,55.24475524475524,0.5443037974683544,0.05,2,quantile_conjunction,
pidd,3,2,5,IF age >= 36 AND blood_pressure >= 68 THEN high risk,1,0.05369802260691764,132,30.76923076923077,0.5454545454545454,0.05,2,quantile_conjunction,
pidd,3,2,6,IF age >= 36 AND bmi >= 34.7 THEN high risk,1,0.05176770528123645,60,13.986013986013987,0.65,0.05,2,quantile_conjunction,
pidd,3,2,7,IF glucose >= 117 AND pregnancies >= 3 THEN high risk,1,0.051766686454192024,135,31.46853146853147,0.6222222222222222,0.05,2,quantile_conjunction,
pidd,3,2,8,IF bmi >= 26.16 AND pregnancies >= 7 THEN high risk,1,0.05105539295564869,87,20.27972027972028,0.6896551724137931,0.05,2,quantile_conjunction,
pidd,3,2,9,IF glucose >= 128 AND insulin >= 145.4 THEN high risk,1,0.050775373034099035,53,12.354312354312354,0.6226415094339622,0.05,2,quantile_conjunction,
pidd,3,2,10,IF age >= 29 AND glucose >= 128 THEN high risk,1,0.05069146919016761,105,24.475524475524477,0.7428571428571429,0.05,2,quantile_conjunction,
pidd,3,2,11,IF age >= 29 AND pregnancies >= 5 THEN high risk,1,0.048922931306614,145,33.7995337995338,0.5172413793103449,0.05,2,quantile_conjunction,
pidd,3,2,12,IF age >= 29 AND blood_pressure >= 68 THEN high risk,1,0.04732663745795985,187,43.58974358974359,0.5240641711229946,0.05,2,quantile_conjunction,
pidd,3,2,13,IF blood_pressure >= 68 AND insulin >= 145.4 THEN high risk,1,0.04656176503104001,56,13.053613053613052,0.5357142857142857,0.05,2,quantile_conjunction,
pidd,3,2,14,IF blood_pressure >= 72 AND insulin >= 125 THEN high risk,1,0.046500989614936,194,45.22144522144522,0.4896907216494845,0.05,2,quantile_conjunction,
pidd,3,2,15,IF age >= 26 AND blood_pressure >= 72 THEN high risk,1,0.045885061567980265,196,45.68764568764569,0.4642857142857143,0.05,2,quantile_conjunction,
pidd,3,2,16,IF blood_pressure >= 72 AND pregnancies >= 5 THEN high risk,1,0.04550081572534318,112,26.107226107226104,0.5089285714285714,0.05,2,quantile_conjunction,
pidd,3,2,17,IF insulin >= 99.6 AND skin_thickness >= 36 THEN high risk,1,0.0449911545196878,62,14.452214452214452,0.5967741935483871,0.05,2,quantile_conjunction,
pidd,3,2,18,IF blood_pressure >= 76 AND bmi >= 34.7 THEN high risk,1,0.044460297902706954,79,18.414918414918414,0.5316455696202531,0.05,2,quantile_conjunction,
pidd,3,2,19,IF bmi >= 34.7 AND insulin >= 145.4 THEN high risk,1,0.043027194273499714,40,9.324009324009324,0.525,0.05,2,quantile_conjunction,
pidd,3,2,20,IF glucose >= 117 AND insulin >= 125 THEN high risk,1,0.035344458457147315,187,43.58974358974359,0.6256684491978609,0.05,2,quantile_conjunction,
pidd,3,3,1,IF glucose >= 146 AND insulin >= 99 THEN high risk,1,0.11728333662520292,85,19.813519813519815,0.7176470588235294,0.05,2,quantile_conjunction,
pidd,3,3,2,IF glucose >= 129 AND skin_thickness >= 29 THEN high risk,1,0.10981904442181886,114,26.573426573426573,0.6228070175438597,0.05,2,quantile_conjunction,
pidd,3,3,3,IF blood_pressure >= 72 AND glucose >= 146 THEN high risk,1,0.08275714864389733,59,13.752913752913754,0.711864406779661,0.05,2,quantile_conjunction,
pidd,3,3,4,IF glucose >= 117 AND insulin >= 122 THEN high risk,1,0.0632162907175464,188,43.82284382284382,0.5691489361702128,0.05,2,quantile_conjunction,
pidd,3,3,5,IF age >= 29 AND glucose >= 117 THEN high risk,1,0.06239029327438152,139,32.400932400932405,0.5827338129496403,0.05,2,quantile_conjunction,
pidd,3,3,6,IF bmi >= 34.9 THEN high risk,1,0.05709887047295824,151,35.1981351981352,0.4768211920529801,0.05,1,quantile,
pidd,3,3,7,IF blood_pressure >= 82 THEN high risk,1,0.05607085095363648,87,20.27972027972028,0.42528735632183906,0.05,1,quantile,
pidd,3,3,8,IF blood_pressure >= 68 THEN high risk,1,0.04710460822289906,292,68.06526806526807,0.386986301369863,0.05,1,quantile,
pidd,3,3,9,IF diabetes_pedigree_function >= 0.687 AND skin_thickness >= 36 THEN high risk,1,0.03969377316068468,28,6.526806526806526,0.6428571428571429,0.05,2,quantile_conjunction,
pidd,3,3,10,IF age >= 23 AND bmi >= 32.7 THEN high risk,1,0.0393686829448205,195,45.45454545454545,0.48205128205128206,0.05,2,quantile_conjunction,
pidd,3,3,11,IF insulin >= 122 AND skin_thickness >= 30 THEN high risk,1,0.03755719244787291,230,53.613053613053616,0.4391304347826087,0.05,2,quantile_conjunction,
pidd,3,3,12,IF age >= 23 AND diabetes_pedigree_function >= 0.687 THEN high risk,1,0.035686072331345894,76,17.715617715617714,0.5394736842105263,0.05,2,quantile_conjunction,
pidd,3,3,13,IF bmi >= 30 AND diabetes_pedigree_function >= 0.687 THEN high risk,1,0.034482172889296586,61,14.219114219114218,0.6229508196721312,0.05,2,quantile_conjunction,
pidd,3,3,14,IF age >= 42.4 AND glucose >= 117 THEN high risk,1,0.03443087889546192,57,13.286713286713287,0.5789473684210527,0.05,2,quantile_conjunction,
pidd,3,3,15,IF diabetes_pedigree_function >= 0.368 AND skin_thickness >= 29 THEN high risk,1,0.03299860781483023,140,32.634032634032636,0.45714285714285713,0.05,2,quantile_conjunction,
pidd,3,3,16,IF blood_pressure >= 72 AND diabetes_pedigree_function >= 0.687 THEN high risk,1,0.031614125548719785,51,11.888111888111888,0.5882352941176471,0.05,2,quantile_conjunction,
pidd,3,3,17,IF age >= 42.4 AND skin_thickness >= 30 THEN high risk,1,0.030956146380599184,60,13.986013986013987,0.45,0.05,2,quantile_conjunction,
pidd,3,3,18,IF pregnancies >= 5 AND skin_thickness >= 23 THEN high risk,1,0.030910575852172634,147,34.26573426573427,0.48299319727891155,0.05,2,quantile_conjunction,
pidd,3,3,19,IF age >= 23 AND blood_pressure >= 76 THEN high risk,1,0.030077632187671514,150,34.96503496503497,0.4266666666666667,0.05,2,quantile_conjunction,
pidd,3,3,20,IF bmi >= 32.7 AND diabetes_pedigree_function >= 0.368 THEN high risk,1,0.02648369621418346,113,26.340326340326342,0.5575221238938053,0.05,2,quantile_conjunction,
pidd,3,4,1,IF pregnancies >= 7 THEN high risk,1,0.08091901522631435,101,23.543123543123542,0.5544554455445545,0.05,1,quantile,
pidd,3,4,2,IF bmi >= 32.4 THEN high risk,1,0.06888715631322642,223,51.981351981351985,0.42152466367713004,0.05,1,quantile,
pidd,3,4,3,IF pregnancies >= 3 THEN high risk,1,0.06244717250377591,243,56.64335664335665,0.448559670781893,0.05,1,quantile,
pidd,3,4,4,IF age >= 35 AND bmi >= 26.5 THEN high risk,1,0.06112167134871408,132,30.76923076923077,0.5454545454545454,0.05,2,quantile_conjunction,
pidd,3,4,5,IF insulin >= 130 THEN high risk,1,0.060563554214562276,321,74.82517482517483,0.42990654205607476,0.05,1,quantile,
pidd,3,4,6,IF bmi >= 26.5 AND pregnancies >= 7 THEN high risk,1,0.05989667569324726,89,20.745920745920746,0.5842696629213483,0.05,2,quantile_conjunction,
pidd,3,4,7,IF bmi >= 30 AND glucose >= 148 THEN high risk,1,0.0591274610004324,69,16.083916083916083,0.7971014492753623,0.05,2,quantile_conjunction,
pidd,3,4,8,IF age >= 42 THEN high risk,1,0.0576229272681052,88,20.51282051282051,0.5340909090909091,0.05,1,quantile,
pidd,3,4,9,IF insulin >= 130 AND pregnancies >= 7 THEN high risk,1,0.04884760693199399,88,20.51282051282051,0.6136363636363636,0.05,2,quantile_conjunction,
pidd,3,4,10,IF bmi >= 26.5 AND pregnancies >= 3 THEN high risk,1,0.04644984045153359,201,46.85314685314685,0.4925373134328358,0.05,2,quantile_conjunction,
pidd,3,4,11,IF glucose >= 106 AND pregnancies >= 3 THEN high risk,1,0.04528669694550281,175,40.79254079254079,0.56,0.05,2,quantile_conjunction,
pidd,3,4,12,IF age >= 42 AND bmi >= 26.5 THEN high risk,1,0.043902381419604376,75,17.482517482517483,0.5466666666666666,0.05,2,quantile_conjunction,
pidd,3,4,13,IF bmi >= 32.4 AND pregnancies >= 2 THEN high risk,1,0.04322241444537477,155,36.13053613053613,0.43870967741935485,0.05,2,quantile_conjunction,
pidd,3,4,14,IF age >= 35 AND pregnancies >= 7 THEN high risk,1,0.0422993197273772,86,20.04662004662005,0.5348837209302325,0.05,2,quantile_conjunction,
pidd,3,4,15,IF age >= 35 AND pregnancies >= 2 THEN high risk,1,0.038407558048041364,141,32.86713286713287,0.5106382978723404,0.05,2,quantile_conjunction,
pidd,3,4,16,IF insulin >= 130 AND skin_thickness >= 29 THEN high risk,1,0.0379593342638763,245,57.10955710955711,0.46122448979591835,0.05,2,quantile_conjunction,
pidd,3,4,17,IF insulin >= 150 AND skin_thickness >= 23 THEN high risk,1,0.037795899239708,73,17.016317016317018,0.6438356164383562,0.05,2,quantile_conjunction,
pidd,3,4,18,IF glucose >= 106 AND skin_thickness >= 30 THEN high risk,1,0.036028980460249466,108,25.174825174825177,0.5370370370370371,0.05,2,quantile_conjunction,
pidd,3,4,19,IF age >= 25 AND bmi >= 38.34 THEN high risk,1,0.03593612811303339,65,15.151515151515152,0.5692307692307692,0.05,2,quantile_conjunction,
pidd,3,4,20,IF bmi >= 38.34 AND glucose >= 128 THEN high risk,1,0.033278206385326796,44,10.256410256410255,0.7727272727272727,0.05,2,quantile_conjunction,
pidd,3,5,1,IF glucose >= 144 AND skin_thickness >= 22 THEN high risk,1,0.1422657906485006,81,18.88111888111888,0.7777777777777778,0.05,2,quantile_conjunction,
pidd,3,5,2,IF diabetes_pedigree_function >= 0.28 THEN high risk,1,0.06193697843875235,279,65.03496503496503,0.3870967741935484,0.05,1,quantile,
pidd,3,5,3,IF bmi >= 29 AND skin_thickness >= 22 THEN high risk,1,0.05648565947784351,258,60.13986013986013,0.4806201550387597,0.05,2,quantile_conjunction,
pidd,3,5,4,IF bmi >= 25.9 AND glucose >= 105 THEN high risk,1,0.054446462698956144,241,56.17715617715617,0.5269709543568465,0.05,2,quantile_conjunction,
pidd,3,5,5,IF glucose >= 126 AND pregnancies >= 5 THEN high risk,1,0.0543319301373211,65,15.151515151515152,0.7384615384615385,0.05,2,quantile_conjunction,
pidd,3,5,6,IF age >= 23 AND glucose >= 94.6 THEN high risk,1,0.05370263344557228,292,68.06526806526807,0.4623287671232877,0.05,2,quantile_conjunction,
pidd,3,5,7,IF pregnancies >= 7 AND skin_thickness >= 29 THEN high risk,1,0.05171087848837264,76,17.715617715617714,0.6052631578947368,0.05,2,quantile_conjunction,
pidd,3,5,8,IF age >= 23 AND diabetes_pedigree_function >= 0.351 THEN high risk,1,0.049495282045390804,182,42.42424242424242,0.4725274725274725,0.05,2,quantile_conjunction,
pidd,3,5,9,IF bmi >= 32 AND pregnancies >= 3 THEN high risk,1,0.04499174181863153,131,30.536130536130536,0.5419847328244275,0.05,2,quantile_conjunction,
pidd,3,5,10,IF diabetes_pedigree_function >= 0.689 AND insulin >= 129.5 THEN high risk,1,0.044486526427304086,59,13.752913752913754,0.5932203389830508,0.05,2,quantile_conjunction,
pidd,3,5,11,IF age >= 23 AND pregnancies >= 5 THEN high risk,1,0.04419707719137935,150,34.96503496503497,0.5,0.05,2,quantile_conjunction,
pidd,3,5,12,IF glucose >= 105 AND insulin >= 155.4 THEN high risk,1,0.04407342342551404,77,17.94871794871795,0.5454545454545454,0.05,2,quantile_conjunction,
pidd,3,5,13,IF glucose >= 105 AND pregnancies >= 3 THEN high risk,1,0.04297377319172532,178,41.49184149184149,0.5449438202247191,0.05,2,quantile_conjunction,
pidd,3,5,14,IF glucose >= 116 AND pregnancies >= 3 THEN high risk,1,0.04057612344994019,140,32.634032634032636,0.6142857142857143,0.05,2,quantile_conjunction,
pidd,3,5,15,IF blood_pressure >= 76 AND glucose >= 94.6 THEN high risk,1,0.04014742114462342,139,32.400932400932405,0.5107913669064749,0.05,2,quantile_conjunction,
pidd,3,5,16,IF age >= 29 AND insulin >= 155.4 THEN high risk,1,0.04003935856372901,48,11.188811188811188,0.7708333333333334,0.05,2,quantile_conjunction,
pidd,3,5,17,IF blood_pressure >= 76 AND insulin >= 129.5 THEN high risk,1,0.03727687313765227,127,29.603729603729604,0.49606299212598426,0.05,2,quantile_conjunction,
pidd,3,5,18,IF blood_pressure >= 76 AND diabetes_pedigree_function >= 0.516 THEN high risk,1,0.03360876579029765,63,14.685314685314685,0.6031746031746031,0.05,2,quantile_conjunction,
pidd,3,5,19,IF insulin >= 106 AND skin_thickness >= 34.4 THEN high risk,1,0.03233056407720168,70,16.317016317016318,0.5714285714285714,0.05,2,quantile_conjunction,
pidd,3,5,20,IF diabetes_pedigree_function >= 0.516 AND pregnancies >= 3 THEN high risk,1,0.030922736401292023,78,18.181818181818183,0.6666666666666666,0.05,2,quantile_conjunction,
pidd,4,1,1,IF bmi >= 25.9 AND glucose >= 147 THEN high risk,1,0.14650314129178024,81,18.88111888111888,0.7037037037037037,0.05,2,quantile_conjunction,
pidd,4,1,2,IF glucose >= 115 AND skin_thickness >= 29 THEN high risk,1,0.07947059094078833,165,38.46153846153847,0.5636363636363636,0.05,2,quantile_conjunction,
pidd,4,1,3,IF insulin >= 130 THEN high risk,1,0.06913154272419426,323,75.29137529137529,0.4179566563467492,0.05,1,quantile,
pidd,4,1,4,IF blood_pressure >= 62 THEN high risk,1,0.06352553135140704,354,82.51748251748252,0.3757062146892655,0.05,1,quantile,
pidd,4,1,5,IF skin_thickness >= 23 THEN high risk,1,0.06293959207079616,349,81.35198135198135,0.3982808022922636,0.05,1,quantile,
pidd,4,1,6,IF glucose >= 95 AND pregnancies >= 5 THEN high risk,1,0.04734142948958874,143,33.33333333333333,0.5524475524475524,0.05,2,quantile_conjunction,
pidd,4,1,7,IF blood_pressure >= 70 AND insulin >= 130 THEN high risk,1,0.04691404894329979,220,51.28205128205128,0.4636363636363636,0.05,2,quantile_conjunction,
pidd,4,1,8,IF bmi >= 25.9 AND insulin >= 111.2 THEN high risk,1,0.044359970252557585,285,66.43356643356644,0.4807017543859649,0.05,2,quantile_conjunction,
pidd,4,1,9,IF diabetes_pedigree_function >= 0.356 AND pregnancies >= 3 THEN high risk,1,0.04309837719807358,105,24.475524475524477,0.5428571428571428,0.05,2,quantile_conjunction,
pidd,4,1,10,IF diabetes_pedigree_function >= 0.491 AND insulin >= 111.2 THEN high risk,1,0.041711680702390924,124,28.904428904428904,0.5241935483870968,0.05,2,quantile_conjunction,
pidd,4,1,11,IF blood_pressure >= 70 AND bmi >= 25.9 THEN high risk,1,0.041620840766224056,240,55.94405594405595,0.45416666666666666,0.05,2,quantile_conjunction,
pidd,4,1,12,IF age >= 36.2 AND blood_pressure >= 76 THEN high risk,1,0.040551398778916496,84,19.58041958041958,0.5595238095238095,0.05,2,quantile_conjunction,
pidd,4,1,13,IF blood_pressure >= 70 AND skin_thickness >= 33 THEN high risk,1,0.038612716289616246,70,16.317016317016318,0.5,0.05,2,quantile_conjunction,
pidd,4,1,14,IF age >= 29 AND bmi >= 31.95 THEN high risk,1,0.03835423813035084,124,28.904428904428904,0.6290322580645161,0.05,2,quantile_conjunction,
pidd,4,1,15,IF bmi >= 29.5 AND skin_thickness >= 23 THEN high risk,1,0.03753942807730569,260,60.60606060606061,0.4807692307692308,0.05,2,quantile_conjunction,
pidd,4,1,16,IF age >= 43 AND pregnancies >= 5 THEN high risk,1,0.03699327309694892,67,15.61771561771562,0.5522388059701493,0.05,2,quantile_conjunction,
pidd,4,1,17,IF age >= 23 AND diabetes_pedigree_function >= 0.669 THEN high risk,1,0.03603512952929115,76,17.715617715617714,0.5394736842105263,0.05,2,quantile_conjunction,
pidd,4,1,18,IF diabetes_pedigree_function >= 0.669 AND insulin >= 111.2 THEN high risk,1,0.0305986208771356,74,17.24941724941725,0.5540540540540541,0.05,2,quantile_conjunction,
pidd,4,1,19,IF diabetes_pedigree_function >= 0.669 AND skin_thickness >= 29 THEN high risk,1,0.028077718517600353,59,13.752913752913754,0.559322033898305,0.05,2,quantile_conjunction,
pidd,4,1,20,IF age >= 23 AND bmi >= 34.22 THEN high risk,1,0.026620730971733973,134,31.23543123543124,0.5522388059701493,0.05,2,quantile_conjunction,
pidd,4,2,1,IF age >= 29 AND glucose >= 108 THEN high risk,1,0.07252920049653573,169,39.39393939393939,0.5798816568047337,0.05,2,quantile_conjunction,
pidd,4,2,2,IF glucose >= 120 AND insulin >= 105 THEN high risk,1,0.07244288389380975,201,46.85314685314685,0.5323383084577115,0.05,2,quantile_conjunction,
pidd,4,2,3,IF age >= 26 AND glucose >= 120 THEN high risk,1,0.06749244583554011,163,37.995337995338,0.5828220858895705,0.05,2,quantile_conjunction,
pidd,4,2,4,IF glucose >= 129.2 AND pregnancies >= 7 THEN high risk,1,0.06586755556149657,43,10.023310023310025,0.6976744186046512,0.05,2,quantile_conjunction,
pidd,4,2,5,IF glucose >= 108 AND skin_thickness >= 23 THEN high risk,1,0.0628641816614057,241,56.17715617715617,0.5062240663900415,0.05,2,quantile_conjunction,
pidd,4,2,6,IF glucose >= 108 AND insulin >= 130 THEN high risk,1,0.06157144497810527,233,54.312354312354316,0.5107296137339056,0.05,2,quantile_conjunction,
pidd,4,2,7,IF diabetes_pedigree_function >= 0.52 AND glucose >= 108 THEN high risk,1,0.052201485577945884,101,23.543123543123542,0.5841584158415841,0.05,2,quantile_conjunction,
pidd,4,2,8,IF skin_thickness >= 35 THEN high risk,1,0.05181218821068008,91,21.21212121212121,0.4725274725274725,0.05,1,quantile,
pidd,4,2,9,IF glucose >= 129.2 AND skin_thickness >= 29.2 THEN high risk,1,0.049681628348283616,64,14.918414918414918,0.609375,0.05,2,quantile_conjunction,
pidd,4,2,10,IF bmi >= 29.98 AND diabetes_pedigree_function >= 0.52 THEN high risk,1,0.047605094585226486,105,24.475524475524477,0.5523809523809524,0.05,2,quantile_conjunction,
pidd,4,2,11,IF glucose >= 99 AND pregnancies >= 5 THEN high risk,1,0.04740837503051458,133,31.002331002331,0.5338345864661654,0.05,2,quantile_conjunction,
pidd,4,2,12,IF age >= 23 AND glucose >= 99 THEN high risk,1,0.046362762679471925,292,68.06526806526807,0.4623287671232877,0.05,2,quantile_conjunction,
pidd,4,2,13,IF blood_pressure >= 72 AND pregnancies >= 7 THEN high risk,1,0.04261693242853317,65,15.151515151515152,0.5538461538461539,0.05,2,quantile_conjunction,
pidd,4,2,14,IF diabetes_pedigree_function >= 0.689 AND glucose >= 148 THEN high risk,1,0.04194623053523219,23,5.361305361305361,0.782608695652174,0.05,2,quantile_conjunction,
pidd,4,2,15,IF glucose >= 99 AND pregnancies >= 3 THEN high risk,1,0.041378253625784185,204,47.55244755244755,0.4803921568627451,0.05,2,quantile_conjunction,
pidd,4,2,16,IF insulin >= 155.4 AND pregnancies >= 7 THEN high risk,1,0.039252505298304534,16,3.7296037296037294,0.75,0.05,2,quantile_conjunction,
pidd,4,2,17,IF age >= 26 AND pregnancies >= 5 THEN high risk,1,0.03778359008293712,147,34.26573426573427,0.48299319727891155,0.05,2,quantile_conjunction,
pidd,4,2,18,IF age >= 26 AND blood_pressure >= 76 THEN high risk,1,0.03575256180010909,140,32.634032634032636,0.4857142857142857,0.05,2,quantile_conjunction,
pidd,4,2,19,IF pregnancies >= 5 AND skin_thickness >= 35 THEN high risk,1,0.03339400514700397,35,8.158508158508159,0.4857142857142857,0.05,2,quantile_conjunction,
pidd,4,2,20,IF bmi >= 29.98 AND skin_thickness >= 35 THEN high risk,1,0.030036674223079946,85,19.813519813519815,0.4823529411764706,0.05,2,quantile_conjunction,
pidd,4,3,1,IF insulin >= 120 THEN high risk,1,0.07171581958517334,325,75.75757575757575,0.4246153846153846,0.05,1,quantile,
pidd,4,3,2,IF age >= 23 THEN high risk,1,0.06952199621693625,352,82.05128205128204,0.4034090909090909,0.05,1,quantile,
pidd,4,3,3,IF skin_thickness >= 23 THEN high risk,1,0.0694165815982988,345,80.41958041958041,0.4057971014492754,0.05,1,quantile,
pidd,4,3,4,IF pregnancies >= 2 THEN high risk,1,0.06812794466410994,288,67.13286713286713,0.3923611111111111,0.05,1,quantile,
pidd,4,3,5,IF skin_thickness >= 33.4 THEN high risk,1,0.06616308124523837,86,20.04662004662005,0.43023255813953487,0.05,1,quantile,
pidd,4,3,6,IF blood_pressure >= 68 AND glucose >= 146 THEN high risk,1,0.05382412696309009,71,16.55011655011655,0.7464788732394366,0.05,2,quantile_conjunction,
pidd,4,3,7,IF bmi >= 26.5 AND insulin >= 120 THEN high risk,1,0.04759218547029138,272,63.4032634032634,0.49264705882352944,0.05,2,quantile_conjunction,
pidd,4,3,8,IF diabetes_pedigree_function >= 0.525 AND glucose >= 119 THEN high risk,1,0.046557303588175405,88,20.51282051282051,0.6363636363636364,0.05,2,quantile_conjunction,
pidd,4,3,9,IF age >= 41 AND glucose >= 96.6 THEN high risk,1,0.04585987725812841,88,20.51282051282051,0.6136363636363636,0.05,2,quantile_conjunction,
pidd,4,3,10,IF blood_pressure >= 68 AND glucose >= 96.6 THEN high risk,1,0.04472044360837196,248,57.80885780885781,0.47580645161290325,0.05,2,quantile_conjunction,
pidd,4,3,11,IF bmi >= 29.8 AND insulin >= 120 THEN high risk,1,0.043198600595304795,219,51.048951048951054,0.5388127853881278,0.05,2,quantile_conjunction,
pidd,4,3,12,IF diabetes_pedigree_function >= 0.687 AND pregnancies >= 4 THEN high risk,1,0.0431156281847122,37,8.624708624708624,0.5675675675675675,0.05,2,quantile_conjunction,
pidd,4,3,13,IF age >= 25 AND pregnancies >= 3 THEN high risk,1,0.042516872749442956,192,44.75524475524475,0.4739583333333333,0.05,2,quantile_conjunction,
pidd,4,3,14,IF age >= 35 AND insulin >= 97.4 THEN high risk,1,0.0424913819444552,137,31.934731934731936,0.5620437956204379,0.05,2,quantile_conjunction,
pidd,4,3,15,IF bmi >= 29.8 AND insulin >= 97.4 THEN high risk,1,0.042246201570103545,231,53.84615384615385,0.5324675324675324,0.05,2,quantile_conjunction,
pidd,4,3,16,IF age >= 41 AND skin_thickness >= 23 THEN high risk,1,0.042005127483402224,88,20.51282051282051,0.5909090909090909,0.05,2,quantile_conjunction,
pidd,4,3,17,IF bmi >= 34.5 AND glucose >= 96.6 THEN high risk,1,0.04183381154846098,131,30.536130536130536,0.5572519083969466,0.05,2,quantile_conjunction,
pidd,4,3,18,IF age >= 23 AND blood_pressure >= 68 THEN high risk,1,0.040437143274994244,259,60.37296037296037,0.444015444015444,0.05,2,quantile_conjunction,
pidd,4,3,19,IF bmi >= 38 AND glucose >= 119 THEN high risk,1,0.04028985781733914,58,13.51981351981352,0.7241379310344828,0.05,2,quantile_conjunction,
pidd,4,3,20,IF blood_pressure >= 75 AND bmi >= 34.5 THEN high risk,1,0.03836601463397072,80,18.64801864801865,0.5125,0.05,2,quantile_conjunction,
pidd,4,4,1,IF pregnancies >= 7 THEN high risk,1,0.07454644075035376,90,20.97902097902098,0.5555555555555556,0.05,1,quantile,
pidd,4,4,2,IF insulin >= 150.8 THEN high risk,1,0.07290675564594562,86,20.04662004662005,0.5116279069767442,0.05,1,quantile,
pidd,4,4,3,IF glucose >= 106.8 THEN high risk,1,0.07232692743190679,279,65.03496503496503,0.4659498207885305,0.05,1,quantile,
pidd,4,4,4,IF blood_pressure >= 63.2 THEN high risk,1,0.06474829951694619,343,79.95337995337995,0.3935860058309038,0.05,1,quantile,
pidd,4,4,5,IF age >= 29 AND glucose >= 106.8 THEN high risk,1,0.05181305217117007,166,38.6946386946387,0.5843373493975904,0.05,2,quantile_conjunction,
pidd,4,4,6,IF age >= 26 AND glucose >= 106.8 THEN high risk,1,0.05089247083001858,205,47.785547785547784,0.526829268292683,0.05,2,quantile_conjunction,
pidd,4,4,7,IF age >= 23 AND glucose >= 106.8 THEN high risk,1,0.04718440062341021,244,56.87645687645687,0.4959016393442623,0.05,2,quantile_conjunction,
pidd,4,4,8,IF glucose >= 117 AND pregnancies >= 3 THEN high risk,1,0.04634376122348005,133,31.002331002331,0.5639097744360902,0.05,2,quantile_conjunction,
pidd,4,4,9,IF age >= 29 AND blood_pressure >= 63.2 THEN high risk,1,0.04624126743711171,205,47.785547785547784,0.5219512195121951,0.05,2,quantile_conjunction,
pidd,4,4,10,IF glucose >= 96 AND skin_thickness >= 29 THEN high risk,1,0.04512205516311162,237,55.24475524475524,0.46835443037974683,0.05,2,quantile_conjunction,
pidd,4,4,11,IF age >= 26 AND diabetes_pedigree_function >= 0.668 THEN high risk,1,0.044503756704405484,65,15.151515151515152,0.5384615384615384,0.05,2,quantile_conjunction,
pidd,4,4,12,IF bmi >= 26.5 AND diabetes_pedigree_function >= 0.512 THEN high risk,1,0.044391823795854886,125,29.13752913752914,0.504,0.05,2,quantile_conjunction,
pidd,4,4,13,IF blood_pressure >= 63.2 AND diabetes_pedigree_function >= 0.668 THEN high risk,1,0.044231428277883546,66,15.384615384615385,0.5151515151515151,0.05,2,quantile_conjunction,
pidd,4,4,14,IF insulin >= 150.8 AND pregnancies >= 7 THEN high risk,1,0.043273552251660526,17,3.9627039627039626,0.8235294117647058,0.05,2,quantile_conjunction,
pidd,4,4,15,IF age >= 29 AND pregnancies >= 5 THEN high risk,1,0.04304542381718556,136,31.7016317016317,0.49264705882352944,0.05,2,quantile_conjunction,
pidd,4,4,16,IF blood_pressure >= 76 AND bmi >= 32.05 THEN high risk,1,0.04295839917087792,103,24.00932400932401,0.46601941747572817,0.05,2,quantile_conjunction,
pidd,4,4,17,IF blood_pressure >= 69.6 AND bmi >= 34.2 THEN high risk,1,0.04236068406089547,122,28.438228438228435,0.4672131147540984,0.05,2,quantile_conjunction,
pidd,4,4,18,IF blood_pressure >= 63.2 AND bmi >= 29.58 THEN high risk,1,0.04231907619984408,242,56.41025641025641,0.4628099173553719,0.05,2,quantile_conjunction,
pidd,4,4,19,IF blood_pressure >= 72 AND bmi >= 37.6 THEN high risk,1,0.040748412612223735,65,15.151515151515152,0.5384615384615384,0.05,2,quantile_conjunction,
pidd,4,4,20,IF blood_pressure >= 72 AND skin_thickness >= 33 THEN high risk,1,0.04004201231571431,54,12.587412587412588,0.5,0.05,2,quantile_conjunction,
pidd,4,5,1,IF age >= 26 AND glucose >= 147 THEN high risk,1,0.07245687774961307,76,17.715617715617714,0.7105263157894737,0.05,2,quantile_conjunction,
pidd,4,5,2,IF diabetes_pedigree_function >= 0.292 THEN high risk,1,0.06538966255531985,280,65.26806526806527,0.40714285714285714,0.05,1,quantile,
pidd,4,5,3,IF blood_pressure >= 68 AND glucose >= 129 THEN high risk,1,0.06450820023288642,125,29.13752913752914,0.624,0.05,2,quantile_conjunction,
pidd,4,5,4,IF age >= 44 THEN high risk,1,0.0644843692893352,87,20.27972027972028,0.45977011494252873,0.05,1,quantile,
pidd,4,5,5,IF bmi >= 34.9 AND pregnancies >= 7 THEN high risk,1,0.06248537075198106,37,8.624708624708624,0.6756756756756757,0.05,2,quantile_conjunction,
pidd,4,5,6,IF bmi >= 32.4 AND pregnancies >= 7 THEN high risk,1,0.061113722644994456,51,11.888111888111888,0.6862745098039216,0.05,2,quantile_conjunction,
pidd,4,5,7,IF glucose >= 95 AND insulin >= 126 THEN high risk,1,0.0576253430366259,273,63.63636363636363,0.46886446886446886,0.05,2,quantile_conjunction,
pidd,4,5,8,IF diabetes_pedigree_function >= 0.544 AND glucose >= 95 THEN high risk,1,0.051785061575086964,125,29.13752913752914,0.496,0.05,2,quantile_conjunction,
pidd,4,5,9,IF bmi >= 29.78 AND diabetes_pedigree_function >= 0.7 THEN high risk,1,0.051623950840868266,67,15.61771561771562,0.5970149253731343,0.05,2,quantile_conjunction,
pidd,4,5,10,IF bmi >= 26 AND glucose >= 95 THEN high risk,1,0.04905765937674364,283,65.96736596736596,0.48056537102473496,0.05,2,quantile_conjunction,
pidd,4,5,11,IF diabetes_pedigree_function >= 0.7 AND skin_thickness >= 29 THEN high risk,1,0.04798645972598878,57,13.286713286713287,0.5614035087719298,0.05,2,quantile_conjunction,
pidd,4,5,12,IF bmi >= 37.84 AND skin_thickness >= 23 THEN high risk,1,0.04668643472762763,86,20.04662004662005,0.5116279069767442,0.05,2,quantile_conjunction,
pidd,4,5,13,IF diabetes_pedigree_function >= 0.544 AND insulin >= 155 THEN high risk,1,0.045850061685789,43,10.023310023310025,0.627906976744186,0.05,2,quantile_conjunction,
pidd,4,5,14,IF diabetes_pedigree_function >= 0.292 AND insulin >= 105 THEN high risk,1,0.044982869010592744,219,51.048951048951054,0.4703196347031963,0.05,2,quantile_conjunction,
pidd,4,5,15,IF age >= 44 AND bmi >= 34.9 THEN high risk,1,0.04262323802459527,31,7.226107226107226,0.5806451612903226,0.05,2,quantile_conjunction,
pidd,4,5,16,IF diabetes_pedigree_function >= 0.398 AND insulin >= 126 THEN high risk,1,0.04145215661104296,156,36.36363636363637,0.5128205128205128,0.05,2,quantile_conjunction,
pidd,4,5,17,IF blood_pressure >= 68 AND diabetes_pedigree_function >= 0.292 THEN high risk,1,0.03700724127882237,187,43.58974358974359,0.47593582887700536,0.05,2,quantile_conjunction,
pidd,4,5,18,IF diabetes_pedigree_function >= 0.238 AND glucose >= 116 THEN high risk,1,0.034768611703055355,184,42.89044289044289,0.5815217391304348,0.05,2,quantile_conjunction,
pidd,4,5,19,IF bmi >= 32.4 AND skin_thickness >= 35 THEN high risk,1,0.033044279690619356,85,19.813519813519815,0.5294117647058824,0.05,2,quantile_conjunction,
pidd,4,5,20,IF insulin >= 126 AND skin_thickness >= 35 THEN high risk,1,0.02506842948841178,65,15.151515151515152,0.6307692307692307,0.05,2,quantile_conjunction,
pidd,5,1,1,IF age >= 29 THEN high risk,1,0.07871192346814679,223,51.981351981351985,0.48878923766816146,0.05,1,quantile,
pidd,5,1,2,IF glucose >= 127 AND pregnancies >= 5 THEN high risk,1,0.07861843228547538,61,14.219114219114218,0.6885245901639344,0.05,2,quantile_conjunction,
pidd,5,1,3,IF age >= 42 AND glucose >= 127 THEN high risk,1,0.07351081302541015,44,10.256410256410255,0.6136363636363636,0.05,2,quantile_conjunction,
pidd,5,1,4,IF bmi >= 29.3 AND insulin >= 120 THEN high risk,1,0.0683834217522757,222,51.74825174825175,0.5135135135135135,0.05,2,quantile_conjunction,
pidd,5,1,5,IF skin_thickness >= 29 THEN high risk,1,0.06764657982999366,154,35.8974358974359,0.43506493506493504,0.05,1,quantile,
pidd,5,1,6,IF age >= 42 AND glucose >= 96 THEN high risk,1,0.06323313984677939,80,18.64801864801865,0.5125,0.05,2,quantile_conjunction,
pidd,5,1,7,IF bmi >= 29.3 AND insulin >= 103 THEN high risk,1,0.05957348244814313,235,54.77855477855478,0.4978723404255319,0.05,2,quantile_conjunction,
pidd,5,1,8,IF bmi >= 29.3 AND pregnancies >= 7 THEN high risk,1,0.056744837377274475,67,15.61771561771562,0.6119402985074627,0.05,2,quantile_conjunction,
pidd,5,1,9,IF glucose >= 106 AND pregnancies >= 3 THEN high risk,1,0.05004221750188073,167,38.92773892773892,0.5449101796407185,0.05,2,quantile_conjunction,
pidd,5,1,10,IF bmi >= 29.3 AND pregnancies >= 5 THEN high risk,1,0.04680335386014899,109,25.407925407925408,0.5412844036697247,0.05,2,quantile_conjunction,
pidd,5,1,11,IF age >= 35.2 AND skin_thickness >= 28 THEN high risk,1,0.043349532371629314,121,28.205128205128204,0.512396694214876,0.05,2,quantile_conjunction,
pidd,5,1,12,IF age >= 35.2 AND blood_pressure >= 82 THEN high risk,1,0.043162688074546436,47,10.955710955710956,0.6170212765957447,0.05,2,quantile_conjunction,
pidd,5,1,13,IF age >= 26 AND blood_pressure >= 68 THEN high risk,1,0.03997793409765925,220,51.28205128205128,0.44545454545454544,0.05,2,quantile_conjunction,
pidd,5,1,14,IF age >= 23 AND skin_thickness >= 33 THEN high risk,1,0.03683813671800696,84,19.58041958041958,0.4523809523809524,0.05,2,quantile_conjunction,
pidd,5,1,15,IF blood_pressure >= 68 AND bmi >= 34.6 THEN high risk,1,0.03469529302545321,120,27.972027972027973,0.5,0.05,2,quantile_conjunction,
pidd,5,1,16,IF bmi >= 37.64 AND skin_thickness >= 22 THEN high risk,1,0.03436386561626969,86,20.04662004662005,0.5581395348837209,0.05,2,quantile_conjunction,
pidd,5,1,17,IF age >= 26 AND bmi >= 37.64 THEN high risk,1,0.03378489494405531,64,14.918414918414918,0.578125,0.05,2,quantile_conjunction,
pidd,5,1,18,IF blood_pressure >= 68 AND bmi >= 32.3 THEN high risk,1,0.032620711296464204,162,37.76223776223776,0.47530864197530864,0.05,2,quantile_conjunction,
pidd,5,1,19,IF blood_pressure >= 82 AND insulin >= 103 THEN high risk,1,0.030233339092219955,77,17.94871794871795,0.5194805194805194,0.05,2,quantile_conjunction,
pidd,5,1,20,IF blood_pressure >= 82 AND glucose >= 145 THEN high risk,1,0.02770540336816736,27,6.293706293706294,0.8148148148148148,0.05,2,quantile_conjunction,
pidd,5,2,1,IF glucose >= 130 THEN high risk,1,0.18629261881415418,151,35.1981351981352,0.6225165562913907,0.05,1,quantile,
pidd,5,2,2,IF bmi >= 32 THEN high risk,1,0.06552535236010076,223,51.981351981351985,0.45739910313901344,0.05,1,quantile,
pidd,5,2,3,IF glucose >= 119 AND insulin >= 125 THEN high risk,1,0.05498904364524331,190,44.28904428904429,0.5684210526315789,0.05,2,quantile_conjunction,
pidd,5,2,4,IF glucose >= 107 AND insulin >= 105 THEN high risk,1,0.05383877500445088,252,58.74125874125874,0.5119047619047619,0.05,2,quantile_conjunction,
pidd,5,2,5,IF blood_pressure >= 64 THEN high risk,1,0.05166462031728302,347,80.88578088578089,0.39481268011527376,0.05,1,quantile,
pidd,5,2,6,IF glucose >= 96 AND pregnancies >= 5 THEN high risk,1,0.05025089467733051,133,31.002331002331,0.5789473684210527,0.05,2,quantile_conjunction,
pidd,5,2,7,IF insulin >= 150 AND pregnancies >= 5 THEN high risk,1,0.049672979239051944,29,6.75990675990676,0.7241379310344828,0.05,2,quantile_conjunction,
pidd,5,2,8,IF bmi >= 29.46 AND insulin >= 105 THEN high risk,1,0.04836354509232483,239,55.71095571095571,0.5062761506276151,0.05,2,quantile_conjunction,
pidd,5,2,9,IF glucose >= 96 AND skin_thickness >= 35 THEN high risk,1,0.04681990763816449,84,19.58041958041958,0.5357142857142857,0.05,2,quantile_conjunction,
pidd,5,2,10,IF blood_pressure >= 69.6 AND bmi >= 29.46 THEN high risk,1,0.04299086880423058,206,48.01864801864802,0.49029126213592233,0.05,2,quantile_conjunction,
pidd,5,2,11,IF blood_pressure >= 76 AND bmi >= 29.46 THEN high risk,1,0.04290649293140475,133,31.002331002331,0.5112781954887218,0.05,2,quantile_conjunction,
pidd,5,2,12,IF blood_pressure >= 72 AND bmi >= 34.6 THEN high risk,1,0.04159734780142888,103,24.00932400932401,0.46601941747572817,0.05,2,quantile_conjunction,
pidd,5,2,13,IF age >= 29 AND bmi >= 26.16 THEN high risk,1,0.03829479794256642,193,44.988344988344984,0.5595854922279793,0.05,2,quantile_conjunction,
pidd,5,2,14,IF blood_pressure >= 76 AND skin_thickness >= 22 THEN high risk,1,0.037792753703469434,146,34.032634032634036,0.5068493150684932,0.05,2,quantile_conjunction,
pidd,5,2,15,IF age >= 43 AND glucose >= 96 THEN high risk,1,0.03720840076985793,78,18.181818181818183,0.5897435897435898,0.05,2,quantile_conjunction,
pidd,5,2,16,IF age >= 23 AND blood_pressure >= 69.6 THEN high risk,1,0.03612935597544185,249,58.04195804195804,0.4497991967871486,0.05,2,quantile_conjunction,
pidd,5,2,17,IF diabetes_pedigree_function >= 0.686 AND insulin >= 150 THEN high risk,1,0.032872822098351205,30,6.993006993006993,0.6,0.05,2,quantile_conjunction,
pidd,5,2,18,IF age >= 43 AND blood_pressure >= 82 THEN high risk,1,0.03168058083247222,33,7.6923076923076925,0.6363636363636364,0.05,2,quantile_conjunction,
pidd,5,2,19,IF blood_pressure >= 76 AND pregnancies >= 3 THEN high risk,1,0.028019657734311178,104,24.242424242424242,0.5384615384615384,0.05,2,quantile_conjunction,
pidd,5,2,20,IF age >= 26 AND diabetes_pedigree_function >= 0.5 THEN high risk,1,0.02308918461836166,101,23.543123543123542,0.5643564356435643,0.05,2,quantile_conjunction,
pidd,5,3,1,IF bmi >= 26.16 THEN high risk,1,0.0717620972550851,343,79.95337995337995,0.41690962099125367,0.05,1,quantile,
pidd,5,3,2,IF pregnancies >= 7 THEN high risk,1,0.07138753000277306,95,22.144522144522146,0.5052631578947369,0.05,1,quantile,
pidd,5,3,3,IF pregnancies >= 3 THEN high risk,1,0.06735887501714603,234,54.54545454545454,0.4188034188034188,0.05,1,quantile,
pidd,5,3,4,IF diabetes_pedigree_function >= 0.37 AND glucose >= 129 THEN high risk,1,0.06268618674462685,82,19.114219114219114,0.6585365853658537,0.05,2,quantile_conjunction,
pidd,5,3,5,IF age >= 36 AND diabetes_pedigree_function >= 0.37 THEN high risk,1,0.054611600369686424,79,18.414918414918414,0.5569620253164557,0.05,2,quantile_conjunction,
pidd,5,3,6,IF age >= 29 AND bmi >= 26.16 THEN high risk,1,0.05379636101954564,195,45.45454545454545,0.558974358974359,0.05,2,quantile_conjunction,
pidd,5,3,7,IF age >= 26 AND diabetes_pedigree_function >= 0.37 THEN high risk,1,0.051278426301409386,143,33.33333333333333,0.4965034965034965,0.05,2,quantile_conjunction,
pidd,5,3,8,IF diabetes_pedigree_function >= 0.37 AND insulin >= 105 THEN high risk,1,0.04940790351329972,166,38.6946386946387,0.4759036144578313,0.05,2,quantile_conjunction,
pidd,5,3,9,IF age >= 26 AND diabetes_pedigree_function >= 0.517 THEN high risk,1,0.04911836040113098,101,23.543123543123542,0.5247524752475248,0.05,2,quantile_conjunction,
pidd,5,3,10,IF diabetes_pedigree_function >= 0.517 AND skin_thickness >= 30 THEN high risk,1,0.047668911621345844,93,21.678321678321677,0.5161290322580645,0.05,2,quantile_conjunction,
pidd,5,3,11,IF bmi >= 26.16 AND diabetes_pedigree_function >= 0.224 THEN high risk,1,0.0463867918959802,282,65.73426573426573,0.44680851063829785,0.05,2,quantile_conjunction,
pidd,5,3,12,IF bmi >= 38.1 AND glucose >= 95 THEN high risk,1,0.04545417337501302,75,17.482517482517483,0.56,0.05,2,quantile_conjunction,
pidd,5,3,13,IF glucose >= 146 AND skin_thickness >= 23.6 THEN high risk,1,0.04397896406664981,81,18.88111888111888,0.7777777777777778,0.05,2,quantile_conjunction,
pidd,5,3,14,IF glucose >= 146 AND pregnancies >= 7 THEN high risk,1,0.0432947205819828,31,7.226107226107226,0.8387096774193549,0.05,2,quantile_conjunction,
pidd,5,3,15,IF glucose >= 146 AND insulin >= 145 THEN high risk,1,0.04135711196446263,37,8.624708624708624,0.8108108108108109,0.05,2,quantile_conjunction,
pidd,5,3,16,IF blood_pressure >= 82 AND glucose >= 129 THEN high risk,1,0.040716767515515416,47,10.955710955710956,0.6382978723404256,0.05,2,quantile_conjunction,
pidd,5,3,17,IF age >= 43 AND glucose >= 146 THEN high risk,1,0.04071391158228475,31,7.226107226107226,0.8064516129032258,0.05,2,quantile_conjunction,
pidd,5,3,18,IF age >= 23 AND insulin >= 145 THEN high risk,1,0.04022412932015527,75,17.482517482517483,0.64,0.05,2,quantile_conjunction,
pidd,5,3,19,IF age >= 26 AND insulin >= 145 THEN high risk,1,0.03995668923725073,59,13.752913752913754,0.7457627118644068,0.05,2,quantile_conjunction,
pidd,5,3,20,IF bmi >= 34.74 AND skin_thickness >= 30 THEN high risk,1,0.03884048821465641,127,29.603729603729604,0.4881889763779528,0.05,2,quantile_conjunction,
pidd,5,4,1,IF age >= 34 THEN high risk,1,0.07913053614513563,156,36.36363636363637,0.4935897435897436,0.05,1,quantile,
pidd,5,4,2,IF blood_pressure >= 72 AND glucose >= 128 THEN high risk,1,0.05523663905636491,105,24.475524475524477,0.6285714285714286,0.05,2,quantile_conjunction,
pidd,5,4,3,IF bmi >= 32 AND insulin >= 105.6 THEN high risk,1,0.05186646315490833,187,43.58974358974359,0.5080213903743316,0.05,2,quantile_conjunction,
pidd,5,4,4,IF age >= 28 AND bmi >= 32 THEN high risk,1,0.05109118190085101,131,30.536130536130536,0.5572519083969466,0.05,2,quantile_conjunction,
pidd,5,4,5,IF blood_pressure >= 72 AND bmi >= 29.6 THEN high risk,1,0.05057917867517675,176,41.02564102564102,0.4943181818181818,0.05,2,quantile_conjunction,
pidd,5,4,6,IF insulin >= 126 AND skin_thickness >= 23 THEN high risk,1,0.049431238240561205,274,63.86946386946387,0.4416058394160584,0.05,2,quantile_conjunction,
pidd,5,4,7,IF age >= 42 AND glucose >= 118 THEN high risk,1,0.04908032938962617,55,12.82051282051282,0.6,0.05,2,quantile_conjunction,
pidd,5,4,8,IF age >= 28 AND blood_pressure >= 76 THEN high risk,1,0.0489045265599199,115,26.806526806526808,0.5043478260869565,0.05,2,quantile_conjunction,
pidd,5,4,9,IF glucose >= 118 AND pregnancies >= 5 THEN high risk,1,0.048841164911354464,89,20.745920745920746,0.6292134831460674,0.05,2,quantile_conjunction,
pidd,5,4,10,IF age >= 28 AND pregnancies >= 3 THEN high risk,1,0.048823481102406724,181,42.19114219114219,0.4696132596685083,0.05,2,quantile_conjunction,
pidd,5,4,11,IF diabetes_pedigree_function >= 0.48 AND insulin >= 105.6 THEN high risk,1,0.048613217643934545,118,27.505827505827508,0.4745762711864407,0.05,2,quantile_conjunction,
pidd,5,4,12,IF age >= 34 AND blood_pressure >= 72 THEN high risk,1,0.04832226447536263,121,28.205128205128204,0.4793388429752066,0.05,2,quantile_conjunction,
pidd,5,4,13,IF blood_pressure >= 82 AND pregnancies >= 7 THEN high risk,1,0.047444016042786044,33,7.6923076923076925,0.6666666666666666,0.05,2,quantile_conjunction,
pidd,5,4,14,IF diabetes_pedigree_function >= 0.48 AND glucose >= 95 THEN high risk,1,0.04722386725791774,125,29.13752913752914,0.472,0.05,2,quantile_conjunction,
pidd,5,4,15,IF blood_pressure >= 62 AND diabetes_pedigree_function >= 0.673 THEN high risk,1,0.04717520211224832,74,17.24941724941725,0.5675675675675675,0.05,2,quantile_conjunction,
pidd,5,4,16,IF bmi >= 37.94 AND pregnancies >= 3 THEN high risk,1,0.046759737716835,40,9.324009324009324,0.525,0.05,2,quantile_conjunction,
pidd,5,4,17,IF bmi >= 32 AND glucose >= 146 THEN high risk,1,0.046618466740975494,55,12.82051282051282,0.8181818181818182,0.05,2,quantile_conjunction,
pidd,5,4,18,IF age >= 42 AND skin_thickness >= 29 THEN high risk,1,0.045869794040202486,65,15.151515151515152,0.47692307692307695,0.05,2,quantile_conjunction,
pidd,5,4,19,IF blood_pressure >= 72 AND insulin >= 150.8 THEN high risk,1,0.04539381836481585,44,10.256410256410255,0.5,0.05,2,quantile_conjunction,
pidd,5,4,20,IF blood_pressure >= 82 AND bmi >= 26.16 THEN high risk,1,0.04359487646861689,85,19.813519813519815,0.5294117647058824,0.05,2,quantile_conjunction,
pidd,5,5,1,IF bmi >= 30 AND glucose >= 127 THEN high risk,1,0.15580435558915356,119,27.73892773892774,0.6890756302521008,0.05,2,quantile_conjunction,
pidd,5,5,2,IF insulin >= 125.5 AND pregnancies >= 7 THEN high risk,1,0.0711173647596173,72,16.783216783216783,0.5972222222222222,0.05,2,quantile_conjunction,
pidd,5,5,3,IF age >= 41 AND insulin >= 125.5 THEN high risk,1,0.06713295599380832,80,18.64801864801865,0.575,0.05,2,quantile_conjunction,
pidd,5,5,4,IF bmi >= 32.5 THEN high risk,1,0.059711315057641344,222,51.74825174825175,0.45495495495495497,0.05,1,quantile,
pidd,5,5,5,IF age >= 33 AND skin_thickness >= 23 THEN high risk,1,0.05619266106966338,144,33.56643356643357,0.5208333333333334,0.05,2,quantile_conjunction,
pidd,5,5,6,IF bmi >= 34.6 AND glucose >= 105.8 THEN high risk,1,0.04794733353102036,106,24.708624708624708,0.5849056603773585,0.05,2,quantile_conjunction,
pidd,5,5,7,IF insulin >= 144.4 AND skin_thickness >= 30 THEN high risk,1,0.047376462184495746,52,12.121212121212121,0.5961538461538461,0.05,2,quantile_conjunction,
pidd,5,5,8,IF blood_pressure >= 76 AND pregnancies >= 5 THEN high risk,1,0.04703009295276191,74,17.24941724941725,0.4864864864864865,0.05,2,quantile_conjunction,
pidd,5,5,9,IF bmi >= 38.1 AND pregnancies >= 7 THEN high risk,1,0.04659934460507122,22,5.128205128205128,0.7272727272727273,0.05,2,quantile_conjunction,
pidd,5,5,10,IF diabetes_pedigree_function >= 0.537 AND insulin >= 144.4 THEN high risk,1,0.04638135360234122,44,10.256410256410255,0.5909090909090909,0.05,2,quantile_conjunction,
pidd,5,5,11,IF glucose >= 127 AND skin_thickness >= 36 THEN high risk,1,0.044137270277762305,41,9.557109557109557,0.6585365853658537,0.05,2,quantile_conjunction,
pidd,5,5,12,IF age >= 23 AND bmi >= 26.96 THEN high risk,1,0.04178439226394578,291,67.83216783216784,0.4639175257731959,0.05,2,quantile_conjunction,
pidd,5,5,13,IF diabetes_pedigree_function >= 0.718 THEN high risk,1,0.04063511196733462,86,20.04662004662005,0.5697674418604651,0.05,1,quantile,
pidd,5,5,14,IF age >= 41 AND diabetes_pedigree_function >= 0.537 THEN high risk,1,0.04018000926558709,35,8.158508158508159,0.5714285714285714,0.05,2,quantile_conjunction,
pidd,5,5,15,IF bmi >= 34.6 AND skin_thickness >= 30 THEN high risk,1,0.035447333592754864,126,29.37062937062937,0.5,0.05,2,quantile_conjunction,
pidd,5,5,16,IF bmi >= 38.1 AND skin_thickness >= 36 THEN high risk,1,0.034037213956793835,49,11.421911421911423,0.46938775510204084,0.05,2,quantile_conjunction,
pidd,5,5,17,IF age >= 25 AND bmi >= 38.1 THEN high risk,1,0.03365170110003301,64,14.918414918414918,0.546875,0.05,2,quantile_conjunction,
pidd,5,5,18,IF age >= 25 AND diabetes_pedigree_function >= 0.29 THEN high risk,1,0.030795334200092297,194,45.22144522144522,0.4845360824742268,0.05,2,quantile_conjunction,
pidd,5,5,19,IF bmi >= 32.5 AND diabetes_pedigree_function >= 0.718 THEN high risk,1,0.027162321792007577,49,11.421911421911423,0.673469387755102,0.05,2,quantile_conjunction,
pidd,5,5,20,IF bmi >= 34.6 AND diabetes_pedigree_function >= 0.718 THEN high risk,1,0.026876072238114168,33,7.6923076923076925,0.6666666666666666,0.05,2,quantile_conjunction,
pidd,6,1,1,IF bmi >= 32.4 AND glucose >= 127.2 THEN high risk,1,0.06941242142807813,87,20.27972027972028,0.735632183908046,0.05,2,quantile_conjunction,
pidd,6,1,2,IF diabetes_pedigree_function >= 0.496 THEN high risk,1,0.06264450765580033,150,34.96503496503497,0.5066666666666667,0.05,1,quantile,
pidd,6,1,3,IF bmi >= 32.4 AND diabetes_pedigree_function >= 0.496 THEN high risk,1,0.06229774705913624,86,20.04662004662005,0.6046511627906976,0.05,2,quantile_conjunction,
pidd,6,1,4,IF bmi >= 37.7 AND glucose >= 127.2 THEN high risk,1,0.06227826026035999,41,9.557109557109557,0.7073170731707317,0.05,2,quantile_conjunction,
pidd,6,1,5,IF glucose >= 117 AND insulin >= 105 THEN high risk,1,0.05923880961537267,203,47.31934731934732,0.5467980295566502,0.05,2,quantile_conjunction,
pidd,6,1,6,IF insulin >= 125 THEN high risk,1,0.05753826752258567,317,73.89277389277389,0.41324921135646686,0.05,1,quantile,
pidd,6,1,7,IF blood_pressure >= 72 THEN high risk,1,0.05692949180429117,234,54.54545454545454,0.4358974358974359,0.05,1,quantile,
pidd,6,1,8,IF glucose >= 106 AND insulin >= 105 THEN high risk,1,0.05436724602212107,256,59.67365967365967,0.484375,0.05,2,quantile_conjunction,
pidd,6,1,9,IF diabetes_pedigree_function >= 0.27 THEN high risk,1,0.053172815217194,281,65.5011655011655,0.398576512455516,0.05,1,quantile,
pidd,6,1,10,IF diabetes_pedigree_function >= 0.22 THEN high risk,1,0.053101218379013576,343,79.95337995337995,0.3848396501457726,0.05,1,quantile,
pidd,6,1,11,IF age >= 25 AND bmi >= 32.4 THEN high risk,1,0.051153831836562094,170,39.62703962703963,0.5058823529411764,0.05,2,quantile_conjunction,
pidd,6,1,12,IF bmi >= 32.4 AND skin_thickness >= 30 THEN high risk,1,0.04990920630697247,177,41.25874125874126,0.4576271186440678,0.05,2,quantile_conjunction,
pidd,6,1,13,IF age >= 23 AND glucose >= 96 THEN high risk,1,0.04729876216486369,285,66.43356643356644,0.47017543859649125,0.05,2,quantile_conjunction,
pidd,6,1,14,IF diabetes_pedigree_function >= 0.687 AND pregnancies >= 7 THEN high risk,1,0.04470936057543476,23,5.361305361305361,0.782608695652174,0.05,2,quantile_conjunction,
pidd,6,1,15,IF glucose >= 106 AND pregnancies >= 7 THEN high risk,1,0.04306980438930265,67,15.61771561771562,0.6567164179104478,0.05,2,quantile_conjunction,
pidd,6,1,16,IF age >= 25 AND glucose >= 96 THEN high risk,1,0.040804678880543455,247,57.57575757575758,0.5141700404858299,0.05,2,quantile_conjunction,
pidd,6,1,17,IF bmi >= 34.4 AND skin_thickness >= 30 THEN high risk,1,0.0396401067525725,127,29.603729603729604,0.4645669291338583,0.05,2,quantile_conjunction,
pidd,6,1,18,IF age >= 25 AND bmi >= 34.4 THEN high risk,1,0.0371886029726186,121,28.205128205128204,0.49586776859504134,0.05,2,quantile_conjunction,
pidd,6,1,19,IF blood_pressure >= 76 AND pregnancies >= 3 THEN high risk,1,0.030015563112776113,101,23.543123543123542,0.5445544554455446,0.05,2,quantile_conjunction,
pidd,6,1,20,IF age >= 25 AND pregnancies >= 3 THEN high risk,1,0.02522929804440085,204,47.55244755244755,0.4950980392156863,0.05,2,quantile_conjunction,
pidd,6,2,1,IF age >= 28 AND glucose >= 106 THEN high risk,1,0.10133627404653567,169,39.39393939393939,0.5621301775147929,0.05,2,quantile_conjunction,
pidd,6,2,2,IF insulin >= 105 THEN high risk,1,0.06962378512691361,346,80.65268065268066,0.3959537572254335,0.05,1,quantile,
pidd,6,2,3,IF blood_pressure >= 82 THEN high risk,1,0.06768205998869929,88,20.51282051282051,0.42045454545454547,0.05,1,quantile,
pidd,6,2,4,IF bmi >= 32.9 AND glucose >= 129 THEN high risk,1,0.06534118790537646,91,21.21212121212121,0.7252747252747253,0.05,2,quantile_conjunction,
pidd,6,2,5,IF blood_pressure >= 74 THEN high risk,1,0.060512540391016,228,53.14685314685315,0.4166666666666667,0.05,1,quantile,
pidd,6,2,6,IF diabetes_pedigree_function >= 0.514 THEN high risk,1,0.056490757538485786,151,35.1981351981352,0.45695364238410596,0.05,1,quantile,
pidd,6,2,7,IF glucose >= 95.6 AND skin_thickness >= 23 THEN high risk,1,0.05253581445958788,289,67.36596736596736,0.4671280276816609,0.05,2,quantile_conjunction,
pidd,6,2,8,IF blood_pressure >= 68 AND glucose >= 147 THEN high risk,1,0.04957917653819901,72,16.783216783216783,0.7361111111111112,0.05,2,quantile_conjunction,
pidd,6,2,9,IF age >= 25 AND bmi >= 30.1 THEN high risk,1,0.04840188040841463,205,47.785547785547784,0.526829268292683,0.05,2,quantile_conjunction,
pidd,6,2,10,IF age >= 43 AND blood_pressure >= 76 THEN high risk,1,0.04793660218815063,54,12.587412587412588,0.5740740740740741,0.05,2,quantile_conjunction,
pidd,6,2,11,IF bmi >= 27.16 AND diabetes_pedigree_function >= 0.686 THEN high risk,1,0.0460389074582532,77,17.94871794871795,0.5844155844155844,0.05,2,quantile_conjunction,
pidd,6,2,12,IF blood_pressure >= 68 AND skin_thickness >= 29 THEN high risk,1,0.042510891435277066,209,48.717948717948715,0.44019138755980863,0.05,2,quantile_conjunction,
pidd,6,2,13,IF age >= 23 AND bmi >= 35.02 THEN high risk,1,0.04198218145144883,130,30.303030303030305,0.5153846153846153,0.05,2,quantile_conjunction,
pidd,6,2,14,IF blood_pressure >= 68 AND bmi >= 30.1 THEN high risk,1,0.041149804570991017,207,48.25174825174825,0.463768115942029,0.05,2,quantile_conjunction,
pidd,6,2,15,IF age >= 43 AND insulin >= 145 THEN high risk,1,0.04076443632275059,25,5.827505827505827,0.88,0.05,2,quantile_conjunction,
pidd,6,2,16,IF diabetes_pedigree_function >= 0.686 AND pregnancies >= 3 THEN high risk,1,0.040016251571382465,41,9.557109557109557,0.6341463414634146,0.05,2,quantile_conjunction,
pidd,6,2,17,IF blood_pressure >= 74 AND skin_thickness >= 23 THEN high risk,1,0.03832112208213838,202,47.086247086247084,0.44554455445544555,0.05,2,quantile_conjunction,
pidd,6,2,18,IF bmi >= 27.16 AND pregnancies >= 5 THEN high risk,1,0.0354563413228246,126,29.37062937062937,0.5793650793650794,0.05,2,quantile_conjunction,
pidd,6,2,19,IF age >= 25 AND pregnancies >= 5 THEN high risk,1,0.030491750370316477,149,34.731934731934736,0.5234899328859061,0.05,2,quantile_conjunction,
pidd,6,2,20,IF age >= 34 AND pregnancies >= 6 THEN high risk,1,0.0238282348232384,95,22.144522144522146,0.6,0.05,2,quantile_conjunction,
pidd,6,3,1,IF glucose >= 119 AND pregnancies >= 3 THEN high risk,1,0.10551616753416826,128,29.836829836829835,0.59375,0.05,2,quantile_conjunction,
pidd,6,3,2,IF glucose >= 130.2 AND pregnancies >= 3 THEN high risk,1,0.08584734748186665,91,21.21212121212121,0.6703296703296703,0.05,2,quantile_conjunction,
pidd,6,3,3,IF glucose >= 148 AND skin_thickness >= 23.6 THEN high risk,1,0.08113377452983914,77,17.94871794871795,0.7402597402597403,0.05,2,quantile_conjunction,
pidd,6,3,4,IF glucose >= 130.2 AND pregnancies >= 7 THEN high risk,1,0.07215748222646837,42,9.79020979020979,0.7380952380952381,0.05,2,quantile_conjunction,
pidd,6,3,5,IF age >= 30 AND bmi >= 32.3 THEN high risk,1,0.06265750752059486,120,27.972027972027973,0.6166666666666667,0.05,2,quantile_conjunction,
pidd,6,3,6,IF pregnancies >= 1 THEN high risk,1,0.05740038001594163,373,86.94638694638695,0.353887399463807,0.05,1,quantile,
pidd,6,3,7,IF age >= 30 AND bmi >= 34.9 THEN high risk,1,0.05640700553860549,79,18.414918414918414,0.6455696202531646,0.05,2,quantile_conjunction,
pidd,6,3,8,IF glucose >= 130.2 AND insulin >= 150.8 THEN high risk,1,0.05432505647197338,47,10.955710955710956,0.574468085106383,0.05,2,quantile_conjunction,
pidd,6,3,9,IF bmi >= 26.2 AND glucose >= 105 THEN high risk,1,0.052076171618025024,243,56.64335664335665,0.5349794238683128,0.05,2,quantile_conjunction,
pidd,6,3,10,IF insulin >= 99.6 AND pregnancies >= 5 THEN high risk,1,0.04187210479064784,138,32.16783216783217,0.5144927536231884,0.05,2,quantile_conjunction,
pidd,6,3,11,IF bmi >= 37.9 AND skin_thickness >= 23.6 THEN high risk,1,0.04030075776425001,86,20.04662004662005,0.5348837209302325,0.05,2,quantile_conjunction,
pidd,6,3,12,IF blood_pressure >= 68 AND pregnancies >= 3 THEN high risk,1,0.03854823662372357,178,41.49184149184149,0.47191011235955055,0.05,2,quantile_conjunction,
pidd,6,3,13,IF blood_pressure >= 80 AND diabetes_pedigree_function >= 0.697 THEN high risk,1,0.037802888597392545,30,6.993006993006993,0.5666666666666667,0.05,2,quantile_conjunction,
pidd,6,3,14,IF bmi >= 29.5 AND glucose >= 93 THEN high risk,1,0.03759091373807858,233,54.312354312354316,0.5364806866952789,0.05,2,quantile_conjunction,
pidd,6,3,15,IF bmi >= 34.9 AND skin_thickness >= 30 THEN high risk,1,0.0355162226545415,131,30.536130536130536,0.5190839694656488,0.05,2,quantile_conjunction,
pidd,6,3,16,IF blood_pressure >= 80 AND diabetes_pedigree_function >= 0.527 THEN high risk,1,0.03067902411400653,45,10.48951048951049,0.5777777777777777,0.05,2,quantile_conjunction,
pidd,6,3,17,IF blood_pressure >= 76 AND pregnancies >= 3 THEN high risk,1,0.03013005565007708,92,21.445221445221446,0.5108695652173914,0.05,2,quantile_conjunction,
pidd,6,3,18,IF blood_pressure >= 72 AND skin_thickness >= 30 THEN high risk,1,0.02919503596799468,172,40.0932400932401,0.47093023255813954,0.05,2,quantile_conjunction,
pidd,6,3,19,IF blood_pressure >= 76 AND diabetes_pedigree_function >= 0.527 THEN high risk,1,0.025456489235087927,60,13.986013986013987,0.6166666666666667,0.05,2,quantile_conjunction,
pidd,6,3,20,IF blood_pressure >= 68 AND bmi >= 29.5 THEN high risk,1,0.025387377926717015,213,49.65034965034965,0.5023474178403756,0.05,2,quantile_conjunction,
pidd,6,4,1,IF pregnancies >= 7 THEN high risk,1,0.08376550480038139,99,23.076923076923077,0.5454545454545454,0.05,1,quantile,
pidd,6,4,2,IF age >= 24 AND glucose >= 150.4 THEN high risk,1,0.08347210525984107,78,18.181818181818183,0.717948717948718,0.05,2,quantile_conjunction,
pidd,6,4,3,IF glucose >= 150.4 AND pregnancies >= 3 THEN high risk,1,0.08213592483377571,61,14.219114219114218,0.7213114754098361,0.05,2,quantile_conjunction,
pidd,6,4,4,IF bmi >= 26.36 AND glucose >= 132 THEN high risk,1,0.06678191657570572,136,31.7016317016317,0.6470588235294118,0.05,2,quantile_conjunction,
pidd,6,4,5,IF glucose >= 150.4 AND pregnancies >= 5 THEN high risk,1,0.06516366477749437,44,10.256410256410255,0.75,0.05,2,quantile_conjunction,
pidd,6,4,6,IF age >= 30 AND glucose >= 108 THEN high risk,1,0.061011475161129806,163,37.995337995338,0.5828220858895705,0.05,2,quantile_conjunction,
pidd,6,4,7,IF age >= 26.8 AND bmi >= 26.36 THEN high risk,1,0.05442001483623358,241,56.17715617715617,0.4896265560165975,0.05,2,quantile_conjunction,
pidd,6,4,8,IF skin_thickness >= 35 THEN high risk,1,0.050487159808299126,90,20.97902097902098,0.43333333333333335,0.05,1,quantile,
pidd,6,4,9,IF diabetes_pedigree_function >= 0.52 AND insulin >= 135 THEN high risk,1,0.047749233971309264,117,27.27272727272727,0.5042735042735043,0.05,2,quantile_conjunction,
pidd,6,4,10,IF insulin >= 135 AND pregnancies >= 3 THEN high risk,1,0.04538946275433351,194,45.22144522144522,0.4742268041237113,0.05,2,quantile_conjunction,
pidd,6,4,11,IF age >= 30 AND bmi >= 34.6 THEN high risk,1,0.043300361338811454,80,18.64801864801865,0.525,0.05,2,quantile_conjunction,
pidd,6,4,12,IF age >= 24 AND skin_thickness >= 22.6 THEN high risk,1,0.03992940702499174,292,68.06526806526807,0.4178082191780822,0.05,2,quantile_conjunction,
pidd,6,4,13,IF age >= 36 AND skin_thickness >= 29 THEN high risk,1,0.039100371675088806,116,27.03962703962704,0.47413793103448276,0.05,2,quantile_conjunction,
pidd,6,4,14,IF pregnancies >= 3 AND skin_thickness >= 29 THEN high risk,1,0.038374723646036085,174,40.55944055944056,0.4482758620689655,0.05,2,quantile_conjunction,
pidd,6,4,15,IF blood_pressure >= 84 AND pregnancies >= 3 THEN high risk,1,0.03738582957766674,63,14.685314685314685,0.47619047619047616,0.05,2,quantile_conjunction,
pidd,6,4,16,IF blood_pressure >= 84 AND skin_thickness >= 29 THEN high risk,1,0.033372923146781315,69,16.083916083916083,0.4782608695652174,0.05,2,quantile_conjunction,
pidd,6,4,17,IF bmi >= 34.6 AND diabetes_pedigree_function >= 0.52 THEN high risk,1,0.03325143825769452,55,12.82051282051282,0.509090909090909,0.05,2,quantile_conjunction,
pidd,6,4,18,IF blood_pressure >= 78 AND bmi >= 34.6 THEN high risk,1,0.032593507531411985,72,16.783216783216783,0.4722222222222222,0.05,2,quantile_conjunction,
pidd,6,4,19,IF bmi >= 26.36 AND diabetes_pedigree_function >= 0.21 THEN high risk,1,0.03127180748540417,280,65.26806526806527,0.45357142857142857,0.05,2,quantile_conjunction,
pidd,6,4,20,IF blood_pressure >= 84 AND diabetes_pedigree_function >= 0.371 THEN high risk,1,0.031043167537609738,40,9.324009324009324,0.55,0.05,2,quantile_conjunction,
pidd,6,5,1,IF bmi >= 26.5 AND glucose >= 145 THEN high risk,1,0.16837713456241302,80,18.64801864801865,0.7125,0.05,2,quantile_conjunction,
pidd,6,5,2,IF glucose >= 129 AND insulin >= 105 THEN high risk,1,0.09483591431896972,147,34.26573426573427,0.6326530612244898,0.05,2,quantile_conjunction,
pidd,6,5,3,IF glucose >= 145 AND pregnancies >= 5 THEN high risk,1,0.0724210104369286,42,9.79020979020979,0.6904761904761905,0.05,2,quantile_conjunction,
pidd,6,5,4,IF diabetes_pedigree_function >= 0.496 AND pregnancies >= 7 THEN high risk,1,0.05960578701699354,34,7.925407925407925,0.7352941176470589,0.05,2,quantile_conjunction,
pidd,6,5,5,IF bmi >= 30.1 AND glucose >= 118 THEN high risk,1,0.05670207868223937,159,37.06293706293706,0.6163522012578616,0.05,2,quantile_conjunction,
pidd,6,5,6,IF age >= 23 THEN high risk,1,0.04952565105751999,359,83.68298368298368,0.3983286908077994,0.05,1,quantile,
pidd,6,5,7,IF glucose >= 118 AND skin_thickness >= 29 THEN high risk,1,0.04908909951671895,161,37.52913752913753,0.5838509316770186,0.05,2,quantile_conjunction,
pidd,6,5,8,IF glucose >= 96 AND pregnancies >= 5 THEN high risk,1,0.045932944755589865,138,32.16783216783217,0.5289855072463768,0.05,2,quantile_conjunction,
pidd,6,5,9,IF age >= 30 AND skin_thickness >= 29.5 THEN high risk,1,0.04523043097465432,162,37.76223776223776,0.48148148148148145,0.05,2,quantile_conjunction,
pidd,6,5,10,IF bmi >= 34.82 AND diabetes_pedigree_function >= 0.496 THEN high risk,1,0.04444762739880859,59,13.752913752913754,0.5932203389830508,0.05,2,quantile_conjunction,
pidd,6,5,11,IF bmi >= 26.5 AND diabetes_pedigree_function >= 0.496 THEN high risk,1,0.0401194539371021,124,28.904428904428904,0.5241935483870968,0.05,2,quantile_conjunction,
pidd,6,5,12,IF bmi >= 26.5 AND skin_thickness >= 29 THEN high risk,1,0.0340844642163248,248,57.80885780885781,0.4596774193548387,0.05,2,quantile_conjunction,
pidd,6,5,13,IF insulin >= 130 AND pregnancies >= 3 THEN high risk,1,0.033715680089013295,201,46.85314685314685,0.47761194029850745,0.05,2,quantile_conjunction,
pidd,6,5,14,IF insulin >= 162 AND pregnancies >= 5 THEN high risk,1,0.03313157903444163,27,6.293706293706294,0.7037037037037037,0.05,2,quantile_conjunction,
pidd,6,5,15,IF insulin >= 105 AND skin_thickness >= 29.5 THEN high risk,1,0.031112034031465875,241,56.17715617715617,0.4605809128630705,0.05,2,quantile_conjunction,
pidd,6,5,16,IF blood_pressure >= 76 AND insulin >= 162 THEN high risk,1,0.03012846231386734,37,8.624708624708624,0.6486486486486487,0.05,2,quantile_conjunction,
pidd,6,5,17,IF blood_pressure >= 82 AND skin_thickness >= 29.5 THEN high risk,1,0.02996910839805201,69,16.083916083916083,0.5072463768115942,0.05,2,quantile_conjunction,
pidd,6,5,18,IF blood_pressure >= 76 AND insulin >= 130 THEN high risk,1,0.02808544562853416,135,31.46853146853147,0.4962962962962963,0.05,2,quantile_conjunction,
pidd,6,5,19,IF age >= 26 AND bmi >= 34.82 THEN high risk,1,0.02746149113342049,109,25.407925407925408,0.5412844036697247,0.05,2,quantile_conjunction,
pidd,6,5,20,IF glucose >= 96 AND insulin >= 162 THEN high risk,1,0.02602460249694239,85,19.813519813519815,0.5647058823529412,0.05,2,quantile_conjunction,
pidd,7,1,1,IF bmi >= 26.4 THEN high risk,1,0.06950624926364561,344,80.1864801864802,0.4186046511627907,0.05,1,quantile,
pidd,7,1,2,IF diabetes_pedigree_function >= 0.675 THEN high risk,1,0.06855423381357076,86,20.04662004662005,0.5,0.05,1,quantile,
pidd,7,1,3,IF blood_pressure >= 72 THEN high risk,1,0.06443873752601638,246,57.34265734265735,0.4065040650406504,0.05,1,quantile,
pidd,7,1,4,IF blood_pressure >= 68 AND glucose >= 129 THEN high risk,1,0.06235452169817543,123,28.671328671328673,0.6260162601626016,0.05,2,quantile_conjunction,
pidd,7,1,5,IF diabetes_pedigree_function >= 0.497 AND glucose >= 145.4 THEN high risk,1,0.05502344939358826,31,7.226107226107226,0.7419354838709677,0.05,2,quantile_conjunction,
pidd,7,1,6,IF blood_pressure >= 72 AND glucose >= 129 THEN high risk,1,0.05342974262769855,107,24.941724941724942,0.616822429906542,0.05,2,quantile_conjunction,
pidd,7,1,7,IF age >= 37 AND bmi >= 29.7 THEN high risk,1,0.05025252863740719,112,26.107226107226104,0.5446428571428571,0.05,2,quantile_conjunction,
pidd,7,1,8,IF blood_pressure >= 68 AND glucose >= 115 THEN high risk,1,0.04891581245828364,176,41.02564102564102,0.5568181818181818,0.05,2,quantile_conjunction,
pidd,7,1,9,IF glucose >= 105 AND insulin >= 110 THEN high risk,1,0.04791340778891709,251,58.5081585081585,0.5059760956175299,0.05,2,quantile_conjunction,
pidd,7,1,10,IF bmi >= 32.4 AND insulin >= 110 THEN high risk,1,0.046787398984358006,175,40.79254079254079,0.5371428571428571,0.05,2,quantile_conjunction,
pidd,7,1,11,IF age >= 30 AND diabetes_pedigree_function >= 0.497 THEN high risk,1,0.046093165342050026,76,17.715617715617714,0.5394736842105263,0.05,2,quantile_conjunction,
pidd,7,1,12,IF diabetes_pedigree_function >= 0.497 AND skin_thickness >= 23 THEN high risk,1,0.04524374164180772,118,27.505827505827508,0.5,0.05,2,quantile_conjunction,
pidd,7,1,13,IF bmi >= 32.4 AND skin_thickness >= 23 THEN high risk,1,0.04478460713921011,210,48.95104895104895,0.47619047619047616,0.05,2,quantile_conjunction,
pidd,7,1,14,IF age >= 37 AND blood_pressure >= 64 THEN high risk,1,0.04447430497041985,141,32.86713286713287,0.48226950354609927,0.05,2,quantile_conjunction,
pidd,7,1,15,IF blood_pressure >= 68 AND bmi >= 26.4 THEN high risk,1,0.0439613061449651,256,59.67365967365967,0.4375,0.05,2,quantile_conjunction,
pidd,7,1,16,IF bmi >= 32.4 AND skin_thickness >= 29 THEN high risk,1,0.04322381834041361,177,41.25874125874126,0.4915254237288136,0.05,2,quantile_conjunction,
pidd,7,1,17,IF insulin >= 94.6 AND skin_thickness >= 29 THEN high risk,1,0.04254373248429994,255,59.44055944055944,0.45098039215686275,0.05,2,quantile_conjunction,
pidd,7,1,18,IF blood_pressure >= 72 AND bmi >= 34.4 THEN high risk,1,0.042398909554222,105,24.475524475524477,0.5238095238095238,0.05,2,quantile_conjunction,
pidd,7,1,19,IF insulin >= 94.6 AND pregnancies >= 7 THEN high risk,1,0.041011814071428836,91,21.21212121212121,0.5604395604395604,0.05,2,quantile_conjunction,
pidd,7,1,20,IF age >= 44 AND bmi >= 34.4 THEN high risk,1,0.03908851811952196,32,7.459207459207459,0.5625,0.05,2,quantile_conjunction,
pidd,7,2,1,IF age >= 29 AND bmi >= 30 THEN high risk,1,0.10998622777128853,155,36.13053613053613,0.567741935483871,0.05,2,quantile_conjunction,
pidd,7,2,2,IF pregnancies >= 7 THEN high risk,1,0.07780025456420803,104,24.242424242424242,0.5480769230769231,0.05,1,quantile,
pidd,7,2,3,IF age >= 26 AND bmi >= 30 THEN high risk,1,0.0769638423726075,194,45.22144522144522,0.5257731958762887,0.05,2,quantile_conjunction,
pidd,7,2,4,IF glucose >= 107.8 AND insulin >= 125 THEN high risk,1,0.0671281843046922,234,54.54545454545454,0.5299145299145299,0.05,2,quantile_conjunction,
pidd,7,2,5,IF age >= 37 AND glucose >= 129.2 THEN high risk,1,0.060573258517924174,78,18.181818181818183,0.6538461538461539,0.05,2,quantile_conjunction,
pidd,7,2,6,IF glucose >= 147.4 AND pregnancies >= 3 THEN high risk,1,0.057156356363188374,62,14.452214452214452,0.8225806451612904,0.05,2,quantile_conjunction,
pidd,7,2,7,IF age >= 29 AND blood_pressure >= 76 THEN high risk,1,0.05539839753202291,113,26.340326340326342,0.504424778761062,0.05,2,quantile_conjunction,
pidd,7,2,8,IF diabetes_pedigree_function >= 0.687 AND insulin >= 105 THEN high risk,1,0.0511670308978469,72,16.783216783216783,0.5138888888888888,0.05,2,quantile_conjunction,
pidd,7,2,9,IF diabetes_pedigree_function >= 0.687 AND skin_thickness >= 24 THEN high risk,1,0.04946264294101627,76,17.715617715617714,0.5263157894736842,0.05,2,quantile_conjunction,
pidd,7,2,10,IF age >= 37 AND pregnancies >= 5 THEN high risk,1,0.04650088362310444,111,25.874125874125873,0.4954954954954955,0.05,2,quantile_conjunction,
pidd,7,2,11,IF bmi >= 30 AND diabetes_pedigree_function >= 0.355 THEN high risk,1,0.03974555678169226,154,35.8974358974359,0.538961038961039,0.05,2,quantile_conjunction,
pidd,7,2,12,IF glucose >= 119 AND pregnancies >= 7 THEN high risk,1,0.038575756936468704,69,16.083916083916083,0.6956521739130435,0.05,2,quantile_conjunction,
pidd,7,2,13,IF insulin >= 140 AND pregnancies >= 7 THEN high risk,1,0.038468002051502824,22,5.128205128205128,0.8181818181818182,0.05,2,quantile_conjunction,
pidd,7,2,14,IF bmi >= 32.6 AND diabetes_pedigree_function >= 0.355 THEN high risk,1,0.03712793122231542,120,27.972027972027973,0.5666666666666667,0.05,2,quantile_conjunction,
pidd,7,2,15,IF diabetes_pedigree_function >= 0.355 AND skin_thickness >= 24 THEN high risk,1,0.03650239743549406,176,41.02564102564102,0.48295454545454547,0.05,2,quantile_conjunction,
pidd,7,2,16,IF bmi >= 35 AND insulin >= 125 THEN high risk,1,0.03359982644975152,118,27.505827505827508,0.5508474576271186,0.05,2,quantile_conjunction,
pidd,7,2,17,IF blood_pressure >= 74 AND skin_thickness >= 35 THEN high risk,1,0.03322055071572044,57,13.286713286713287,0.47368421052631576,0.05,2,quantile_conjunction,
pidd,7,2,18,IF age >= 23 AND skin_thickness >= 35 THEN high risk,1,0.03320033320892803,85,19.813519813519815,0.4823529411764706,0.05,2,quantile_conjunction,
pidd,7,2,19,IF bmi >= 38.5 AND pregnancies >= 7 THEN high risk,1,0.03033798801731438,22,5.128205128205128,0.7727272727272727,0.05,2,quantile_conjunction,
pidd,7,2,20,IF bmi >= 38.5 AND skin_thickness >= 24 THEN high risk,1,0.02708457829291309,88,20.51282051282051,0.5340909090909091,0.05,2,quantile_conjunction,
pidd,7,3,1,IF bmi >= 30 AND glucose >= 128 THEN high risk,1,0.14374476103695005,115,26.806526806526808,0.7217391304347827,0.05,2,quantile_conjunction,
pidd,7,3,2,IF bmi >= 37.64 AND glucose >= 128 THEN high risk,1,0.06709233325974834,44,10.256410256410255,0.7045454545454546,0.05,2,quantile_conjunction,
pidd,7,3,3,IF bmi >= 37.64 AND glucose >= 143.4 THEN high risk,1,0.06436429731805478,29,6.75990675990676,0.7586206896551724,0.05,2,quantile_conjunction,
pidd,7,3,4,IF glucose >= 116 AND skin_thickness >= 22 THEN high risk,1,0.06125559279172243,189,44.05594405594406,0.5608465608465608,0.05,2,quantile_conjunction,
pidd,7,3,5,IF blood_pressure >= 68 THEN high risk,1,0.05652944712220381,292,68.06526806526807,0.4075342465753425,0.05,1,quantile,
pidd,7,3,6,IF bmi >= 32.5 AND glucose >= 116 THEN high risk,1,0.055549492259407626,125,29.13752913752914,0.624,0.05,2,quantile_conjunction,
pidd,7,3,7,IF pregnancies >= 7 AND skin_thickness >= 22 THEN high risk,1,0.04897505199092361,92,21.445221445221446,0.5434782608695652,0.05,2,quantile_conjunction,
pidd,7,3,8,IF bmi >= 37.64 AND insulin >= 103 THEN high risk,1,0.0448768278418419,77,17.94871794871795,0.5324675324675324,0.05,2,quantile_conjunction,
pidd,7,3,9,IF age >= 23 AND bmi >= 32.5 THEN high risk,1,0.044686024488049876,197,45.92074592074592,0.49238578680203043,0.05,2,quantile_conjunction,
pidd,7,3,10,IF bmi >= 37.64 AND skin_thickness >= 22 THEN high risk,1,0.04311896554594892,86,20.04662004662005,0.5,0.05,2,quantile_conjunction,
pidd,7,3,11,IF bmi >= 34.6 AND pregnancies >= 5 THEN high risk,1,0.042463163014604614,60,13.986013986013987,0.55,0.05,2,quantile_conjunction,
pidd,7,3,12,IF pregnancies >= 5 AND skin_thickness >= 29 THEN high risk,1,0.04216009018161782,120,27.972027972027973,0.48333333333333334,0.05,2,quantile_conjunction,
pidd,7,3,13,IF diabetes_pedigree_function >= 0.54 AND skin_thickness >= 22 THEN high risk,1,0.04178455417433792,122,28.438228438228435,0.5163934426229508,0.05,2,quantile_conjunction,
pidd,7,3,14,IF age >= 23 AND bmi >= 34.6 THEN high risk,1,0.040047744539811234,139,32.400932400932405,0.48201438848920863,0.05,2,quantile_conjunction,
pidd,7,3,15,IF age >= 36 AND bmi >= 32.5 THEN high risk,1,0.039833103579733485,93,21.678321678321677,0.6129032258064516,0.05,2,quantile_conjunction,
pidd,7,3,16,IF age >= 23 AND skin_thickness >= 29 THEN high risk,1,0.037471551769595775,253,58.97435897435898,0.42292490118577075,0.05,2,quantile_conjunction,
pidd,7,3,17,IF bmi >= 34.6 AND pregnancies >= 7 THEN high risk,1,0.036863783161159965,39,9.090909090909092,0.5641025641025641,0.05,2,quantile_conjunction,
pidd,7,3,18,IF diabetes_pedigree_function >= 0.71 AND skin_thickness >= 29 THEN high risk,1,0.03497791692731194,60,13.986013986013987,0.6166666666666667,0.05,2,quantile_conjunction,
pidd,7,3,19,IF blood_pressure >= 76 AND bmi >= 32.5 THEN high risk,1,0.03386534254637971,98,22.843822843822846,0.5510204081632653,0.05,2,quantile_conjunction,
pidd,7,3,20,IF blood_pressure >= 82 AND glucose >= 116 THEN high risk,1,0.020339956450596212,62,14.452214452214452,0.6129032258064516,0.05,2,quantile_conjunction,
pidd,7,4,1,IF bmi >= 29.6 AND glucose >= 108 THEN high risk,1,0.11638900383778679,197,45.92074592074592,0.5583756345177665,0.05,2,quantile_conjunction,
pidd,7,4,2,IF bmi >= 32 AND glucose >= 118.5 THEN high risk,1,0.09565875438230563,128,29.836829836829835,0.6484375,0.05,2,quantile_conjunction,
pidd,7,4,3,IF glucose >= 129 AND skin_thickness >= 24 THEN high risk,1,0.08683587127941841,137,31.934731934731936,0.6131386861313869,0.05,2,quantile_conjunction,
pidd,7,4,4,IF skin_thickness >= 24 THEN high risk,1,0.05802690043152405,344,80.1864801864802,0.38953488372093026,0.05,1,quantile,
pidd,7,4,5,IF insulin >= 157.6 AND pregnancies >= 7 THEN high risk,1,0.05781215696753545,12,2.797202797202797,0.9166666666666666,0.05,2,quantile_conjunction,
pidd,7,4,6,IF bmi >= 29.6 AND pregnancies >= 4.2 THEN high risk,1,0.05333128210379452,102,23.776223776223777,0.5294117647058824,0.05,2,quantile_conjunction,
pidd,7,4,7,IF diabetes_pedigree_function >= 0.214 THEN high risk,1,0.05330526386234955,343,79.95337995337995,0.3760932944606414,0.05,1,quantile,
pidd,7,4,8,IF glucose >= 118.5 AND pregnancies >= 4.2 THEN high risk,1,0.05318476856315708,84,19.58041958041958,0.6309523809523809,0.05,2,quantile_conjunction,
pidd,7,4,9,IF bmi >= 29.6 AND diabetes_pedigree_function >= 0.687 THEN high risk,1,0.049032618259242294,63,14.685314685314685,0.5714285714285714,0.05,2,quantile_conjunction,
pidd,7,4,10,IF age >= 42 AND bmi >= 32 THEN high risk,1,0.0418241283619257,47,10.955710955710956,0.5319148936170213,0.05,2,quantile_conjunction,
pidd,7,4,11,IF diabetes_pedigree_function >= 0.687 AND glucose >= 108 THEN high risk,1,0.03915437243452426,68,15.85081585081585,0.5294117647058824,0.05,2,quantile_conjunction,
pidd,7,4,12,IF insulin >= 157.6 AND pregnancies >= 4.2 THEN high risk,1,0.038529192123832025,22,5.128205128205128,0.7272727272727273,0.05,2,quantile_conjunction,
pidd,7,4,13,IF blood_pressure >= 82 AND bmi >= 29.6 THEN high risk,1,0.03721909491295553,78,18.181818181818183,0.5,0.05,2,quantile_conjunction,
pidd,7,4,14,IF diabetes_pedigree_function >= 0.687 AND skin_thickness >= 35 THEN high risk,1,0.036101776293940166,27,6.293706293706294,0.7037037037037037,0.05,2,quantile_conjunction,
pidd,7,4,15,IF age >= 29 AND blood_pressure >= 72 THEN high risk,1,0.03350650869188885,157,36.5967365967366,0.46496815286624205,0.05,2,quantile_conjunction,
pidd,7,4,16,IF age >= 23 AND blood_pressure >= 82 THEN high risk,1,0.03314651234344453,79,18.414918414918414,0.4810126582278481,0.05,2,quantile_conjunction,
pidd,7,4,17,IF blood_pressure >= 82 AND pregnancies >= 4.2 THEN high risk,1,0.032787710124003014,42,9.79020979020979,0.5,0.05,2,quantile_conjunction,
pidd,7,4,18,IF insulin >= 127.5 AND skin_thickness >= 35 THEN high risk,1,0.031992883384428475,64,14.918414918414918,0.609375,0.05,2,quantile_conjunction,
pidd,7,4,19,IF age >= 29 AND blood_pressure >= 76 THEN high risk,1,0.027386061091432896,104,24.242424242424242,0.5288461538461539,0.05,2,quantile_conjunction,
pidd,7,4,20,IF blood_pressure >= 68 AND skin_thickness >= 35 THEN high risk,1,0.024775140550510805,70,16.317016317016318,0.5571428571428572,0.05,2,quantile_conjunction,
pidd,7,5,1,IF age >= 34 AND glucose >= 147 THEN high risk,1,0.09869138864713803,50,11.655011655011654,0.72,0.05,2,quantile_conjunction,
pidd,7,5,2,IF glucose >= 147 AND pregnancies >= 4 THEN high risk,1,0.06753848722860965,51,11.888111888111888,0.6862745098039216,0.05,2,quantile_conjunction,
pidd,7,5,3,IF diabetes_pedigree_function >= 0.211 AND glucose >= 147 THEN high risk,1,0.0627053148695346,76,17.715617715617714,0.7368421052631579,0.05,2,quantile_conjunction,
pidd,7,5,4,IF glucose >= 117 AND pregnancies >= 6 THEN high risk,1,0.059083823828250226,72,16.783216783216783,0.6388888888888888,0.05,2,quantile_conjunction,
pidd,7,5,5,IF blood_pressure >= 80.8 THEN high risk,1,0.056183848765929474,86,20.04662004662005,0.47674418604651164,0.05,1,quantile,
pidd,7,5,6,IF glucose >= 117 AND pregnancies >= 3 THEN high risk,1,0.05588965215929554,135,31.46853146853147,0.5851851851851851,0.05,2,quantile_conjunction,
pidd,7,5,7,IF glucose >= 95 AND insulin >= 122 THEN high risk,1,0.05538903809964963,275,64.1025641025641,0.45454545454545453,0.05,2,quantile_conjunction,
pidd,7,5,8,IF diabetes_pedigree_function >= 0.504 THEN high risk,1,0.054239498451230404,150,34.96503496503497,0.4666666666666667,0.05,1,quantile,
pidd,7,5,9,IF glucose >= 147 AND skin_thickness >= 29 THEN high risk,1,0.053268562597176085,45,10.48951048951049,0.6666666666666666,0.05,2,quantile_conjunction,
pidd,7,5,10,IF glucose >= 105 AND insulin >= 99.6 THEN high risk,1,0.052804828587193424,263,61.3053613053613,0.4752851711026616,0.05,2,quantile_conjunction,
pidd,7,5,11,IF diabetes_pedigree_function >= 0.211 AND glucose >= 117 THEN high risk,1,0.051159410553731015,181,42.19114219114219,0.56353591160221,0.05,2,quantile_conjunction,
pidd,7,5,12,IF diabetes_pedigree_function >= 0.211 THEN high risk,1,0.050621725202654747,343,79.95337995337995,0.3965014577259475,0.05,1,quantile,
pidd,7,5,13,IF glucose >= 95 AND skin_thickness >= 21.6 THEN high risk,1,0.04971927694927457,283,65.96736596736596,0.4628975265017668,0.05,2,quantile_conjunction,
pidd,7,5,14,IF age >= 34 AND blood_pressure >= 80.8 THEN high risk,1,0.03990864079520901,51,11.888111888111888,0.5686274509803921,0.05,2,quantile_conjunction,
pidd,7,5,15,IF age >= 23 AND pregnancies >= 3 THEN high risk,1,0.039046834735031566,218,50.815850815850816,0.45871559633027525,0.05,2,quantile_conjunction,
pidd,7,5,16,IF bmi >= 34.2 AND pregnancies >= 4 THEN high risk,1,0.036487360629769226,61,14.219114219114218,0.5573770491803278,0.05,2,quantile_conjunction,
pidd,7,5,17,IF blood_pressure >= 80.8 AND insulin >= 99.6 THEN high risk,1,0.033098879483355076,76,17.715617715617714,0.4868421052631579,0.05,2,quantile_conjunction,
pidd,7,5,18,IF bmi >= 37.2 AND insulin >= 122 THEN high risk,1,0.028711271209665386,72,16.783216783216783,0.5416666666666666,0.05,2,quantile_conjunction,
pidd,7,5,19,IF bmi >= 31.6 AND skin_thickness >= 33.4 THEN high risk,1,0.028652599525697337,75,17.482517482517483,0.5066666666666667,0.05,2,quantile_conjunction,
pidd,7,5,20,IF bmi >= 34.2 AND diabetes_pedigree_function >= 0.211 THEN high risk,1,0.026799557681605097,128,29.836829836829835,0.5390625,0.05,2,quantile_conjunction,
pidd,8,1,1,IF age >= 29 THEN high risk,1,0.09073286539820577,228,53.14685314685315,0.49122807017543857,0.05,1,quantile,
pidd,8,1,2,IF age >= 35 THEN high risk,1,0.08461552356921423,151,35.1981351981352,0.4966887417218543,0.05,1,quantile,
pidd,8,1,3,IF bmi >= 32.4 AND glucose >= 128 THEN high risk,1,0.08008397593442952,99,23.076923076923077,0.7474747474747475,0.05,2,quantile_conjunction,
pidd,8,1,4,IF age >= 42 THEN high risk,1,0.07954631146231377,90,20.97902097902098,0.4777777777777778,0.05,1,quantile,
pidd,8,1,5,IF bmi >= 26.92 AND pregnancies >= 3 THEN high risk,1,0.05924618504190137,198,46.15384615384615,0.48484848484848486,0.05,2,quantile_conjunction,
pidd,8,1,6,IF glucose >= 95 AND pregnancies >= 5 THEN high risk,1,0.053525265893713515,127,29.603729603729604,0.5511811023622047,0.05,2,quantile_conjunction,
pidd,8,1,7,IF age >= 29 AND skin_thickness >= 23 THEN high risk,1,0.052493301146343783,203,47.31934731934732,0.5024630541871922,0.05,2,quantile_conjunction,
pidd,8,1,8,IF age >= 29 AND pregnancies >= 5 THEN high risk,1,0.05126150806934747,135,31.46853146853147,0.4962962962962963,0.05,2,quantile_conjunction,
pidd,8,1,9,IF age >= 42 AND skin_thickness >= 23 THEN high risk,1,0.04783987855472414,84,19.58041958041958,0.4880952380952381,0.05,2,quantile_conjunction,
pidd,8,1,10,IF diabetes_pedigree_function >= 0.491 AND skin_thickness >= 33 THEN high risk,1,0.04650566194783028,36,8.391608391608392,0.6111111111111112,0.05,2,quantile_conjunction,
pidd,8,1,11,IF glucose >= 95 AND skin_thickness >= 33 THEN high risk,1,0.045175585278131765,86,20.04662004662005,0.5,0.05,2,quantile_conjunction,
pidd,8,1,12,IF age >= 26 AND insulin >= 120 THEN high risk,1,0.0439673737786321,230,53.613053613053616,0.4956521739130435,0.05,2,quantile_conjunction,
pidd,8,1,13,IF diabetes_pedigree_function >= 0.21 AND skin_thickness >= 23 THEN high risk,1,0.03994416389636573,278,64.80186480186481,0.420863309352518,0.05,2,quantile_conjunction,
pidd,8,1,14,IF pregnancies >= 5 AND skin_thickness >= 29 THEN high risk,1,0.03963400337341998,124,28.904428904428904,0.4838709677419355,0.05,2,quantile_conjunction,
pidd,8,1,15,IF bmi >= 32.4 AND diabetes_pedigree_function >= 0.677 THEN high risk,1,0.038236962691244394,52,12.121212121212121,0.6346153846153846,0.05,2,quantile_conjunction,
pidd,8,1,16,IF age >= 42 AND bmi >= 37.8 THEN high risk,1,0.03575595866901583,18,4.195804195804196,0.5555555555555556,0.05,2,quantile_conjunction,
pidd,8,1,17,IF bmi >= 34.6 AND diabetes_pedigree_function >= 0.677 THEN high risk,1,0.03325762652284908,37,8.624708624708624,0.5945945945945946,0.05,2,quantile_conjunction,
pidd,8,1,18,IF blood_pressure >= 82 AND insulin >= 150.8 THEN high risk,1,0.03150671018278268,21,4.895104895104895,0.6190476190476191,0.05,2,quantile_conjunction,
pidd,8,1,19,IF blood_pressure >= 76 AND insulin >= 150.8 THEN high risk,1,0.030500360533589965,37,8.624708624708624,0.6486486486486487,0.05,2,quantile_conjunction,
pidd,8,1,20,IF age >= 26 AND bmi >= 37.8 THEN high risk,1,0.016170778055944617,60,13.986013986013987,0.6166666666666667,0.05,2,quantile_conjunction,
pidd,8,2,1,IF diabetes_pedigree_function >= 0.226 AND glucose >= 145 THEN high risk,1,0.16433277017868578,75,17.482517482517483,0.7466666666666667,0.05,2,quantile_conjunction,
pidd,8,2,2,IF bmi >= 25.9 AND glucose >= 117 THEN high risk,1,0.07202384676224442,190,44.28904428904429,0.5631578947368421,0.05,2,quantile_conjunction,
pidd,8,2,3,IF age >= 35 AND bmi >= 32.4 THEN high risk,1,0.05846521720596239,92,21.445221445221446,0.6195652173913043,0.05,2,quantile_conjunction,
pidd,8,2,4,IF age >= 35 AND glucose >= 95 THEN high risk,1,0.05219819176825284,132,30.76923076923077,0.5909090909090909,0.05,2,quantile_conjunction,
pidd,8,2,5,IF blood_pressure >= 68 AND insulin >= 140.8 THEN high risk,1,0.05189222149201704,57,13.286713286713287,0.6140350877192983,0.05,2,quantile_conjunction,
pidd,8,2,6,IF blood_pressure >= 76 AND bmi >= 25.9 THEN high risk,1,0.045941589024726094,134,31.23543123543124,0.5149253731343284,0.05,2,quantile_conjunction,
pidd,8,2,7,IF bmi >= 32.4 AND pregnancies >= 5 THEN high risk,1,0.0457521881885809,86,20.04662004662005,0.5581395348837209,0.05,2,quantile_conjunction,
pidd,8,2,8,IF blood_pressure >= 62 AND bmi >= 25.9 THEN high risk,1,0.04370289658538269,295,68.76456876456876,0.44745762711864406,0.05,2,quantile_conjunction,
pidd,8,2,9,IF blood_pressure >= 76 AND insulin >= 120 THEN high risk,1,0.041946752063479094,123,28.671328671328673,0.5121951219512195,0.05,2,quantile_conjunction,
pidd,8,2,10,IF age >= 29 AND blood_pressure >= 72 THEN high risk,1,0.04075991181158994,153,35.66433566433567,0.49673202614379086,0.05,2,quantile_conjunction,
pidd,8,2,11,IF blood_pressure >= 72 AND bmi >= 28.98 THEN high risk,1,0.04043139179546242,171,39.86013986013986,0.5087719298245614,0.05,2,quantile_conjunction,
pidd,8,2,12,IF bmi >= 28.98 AND pregnancies >= 7 THEN high risk,1,0.03994629935473704,73,17.016317016317018,0.6575342465753424,0.05,2,quantile_conjunction,
pidd,8,2,13,IF blood_pressure >= 68 AND bmi >= 25.9 THEN high risk,1,0.03989439056511062,243,56.64335664335665,0.4609053497942387,0.05,2,quantile_conjunction,
pidd,8,2,14,IF glucose >= 145 AND pregnancies >= 7 THEN high risk,1,0.039890528947858266,34,7.925407925407925,0.8529411764705882,0.05,2,quantile_conjunction,
pidd,8,2,15,IF age >= 42 AND bmi >= 25.9 THEN high risk,1,0.0394671863117804,79,18.414918414918414,0.5443037974683544,0.05,2,quantile_conjunction,
pidd,8,2,16,IF age >= 42 AND blood_pressure >= 72 THEN high risk,1,0.0374452649625696,73,17.016317016317018,0.5068493150684932,0.05,2,quantile_conjunction,
pidd,8,2,17,IF age >= 42 AND pregnancies >= 3 THEN high risk,1,0.03717691820382487,80,18.64801864801865,0.525,0.05,2,quantile_conjunction,
pidd,8,2,18,IF age >= 42 AND pregnancies >= 7 THEN high risk,1,0.03688086888459444,53,12.354312354312354,0.5660377358490566,0.05,2,quantile_conjunction,
pidd,8,2,19,IF age >= 23 AND diabetes_pedigree_function >= 0.226 THEN high risk,1,0.03679080703408729,283,65.96736596736596,0.43109540636042404,0.05,2,quantile_conjunction,
pidd,8,2,20,IF age >= 42 AND glucose >= 106 THEN high risk,1,0.035060758859053916,71,16.55011655011655,0.5633802816901409,0.05,2,quantile_conjunction,
pidd,8,3,1,IF glucose >= 117 AND insulin >= 130 THEN high risk,1,0.09982955448344298,188,43.82284382284382,0.5585106382978723,0.05,2,quantile_conjunction,
pidd,8,3,2,IF age >= 26 AND bmi >= 34.02 THEN high risk,1,0.0689394244955343,107,24.941724941724942,0.514018691588785,0.05,2,quantile_conjunction,
pidd,8,3,3,IF age >= 29 AND skin_thickness >= 28.5 THEN high risk,1,0.06720314301930443,175,40.79254079254079,0.4742857142857143,0.05,2,quantile_conjunction,
pidd,8,3,4,IF age >= 36 AND insulin >= 108.4 THEN high risk,1,0.057514074038360286,145,33.7995337995338,0.5379310344827586,0.05,2,quantile_conjunction,
pidd,8,3,5,IF diabetes_pedigree_function >= 0.361 THEN high risk,1,0.05687940397373102,215,50.116550116550115,0.4372093023255814,0.05,1,quantile,
pidd,8,3,6,IF blood_pressure >= 72 THEN high risk,1,0.05519740647797526,226,52.680652680652685,0.415929203539823,0.05,1,quantile,
pidd,8,3,7,IF pregnancies >= 3 AND skin_thickness >= 23 THEN high risk,1,0.054832989052268216,207,48.25174825174825,0.45410628019323673,0.05,2,quantile_conjunction,
pidd,8,3,8,IF age >= 36 AND bmi >= 25.56 THEN high risk,1,0.054648036140068364,134,31.23543123543124,0.5522388059701493,0.05,2,quantile_conjunction,
pidd,8,3,9,IF diabetes_pedigree_function >= 0.205 AND pregnancies >= 5 THEN high risk,1,0.05261434950664982,133,31.002331002331,0.5112781954887218,0.05,2,quantile_conjunction,
pidd,8,3,10,IF blood_pressure >= 82 AND pregnancies >= 7 THEN high risk,1,0.0519748473714076,34,7.925407925407925,0.5588235294117647,0.05,2,quantile_conjunction,
pidd,8,3,11,IF diabetes_pedigree_function >= 0.5 AND glucose >= 106 THEN high risk,1,0.04747839978932807,107,24.941724941724942,0.616822429906542,0.05,2,quantile_conjunction,
pidd,8,3,12,IF age >= 23 AND bmi >= 31.6 THEN high risk,1,0.04587563455170609,198,46.15384615384615,0.5050505050505051,0.05,2,quantile_conjunction,
pidd,8,3,13,IF diabetes_pedigree_function >= 0.205 AND skin_thickness >= 28.5 THEN high risk,1,0.03981296771279344,223,51.981351981351985,0.47085201793721976,0.05,2,quantile_conjunction,
pidd,8,3,14,IF pregnancies >= 5 AND skin_thickness >= 33.4 THEN high risk,1,0.039502939823699935,34,7.925407925407925,0.6470588235294118,0.05,2,quantile_conjunction,
pidd,8,3,15,IF diabetes_pedigree_function >= 0.672 AND skin_thickness >= 23 THEN high risk,1,0.039097734042130815,72,16.783216783216783,0.5972222222222222,0.05,2,quantile_conjunction,
pidd,8,3,16,IF blood_pressure >= 82 AND insulin >= 130 THEN high risk,1,0.03874592817676758,78,18.181818181818183,0.48717948717948717,0.05,2,quantile_conjunction,
pidd,8,3,17,IF diabetes_pedigree_function >= 0.672 AND insulin >= 130 THEN high risk,1,0.03865173847905166,67,15.61771561771562,0.5970149253731343,0.05,2,quantile_conjunction,
pidd,8,3,18,IF blood_pressure >= 82 AND diabetes_pedigree_function >= 0.361 THEN high risk,1,0.03399159104720006,39,9.090909090909092,0.5641025641025641,0.05,2,quantile_conjunction,
pidd,8,3,19,IF blood_pressure >= 72 AND diabetes_pedigree_function >= 0.205 THEN high risk,1,0.0291651155496935,184,42.89044289044289,0.46195652173913043,0.05,2,quantile_conjunction,
pidd,8,3,20,IF glucose >= 117 AND skin_thickness >= 33.4 THEN high risk,1,0.028044722268886667,55,12.82051282051282,0.6363636363636364,0.05,2,quantile_conjunction,
pidd,8,4,1,IF glucose >= 127.2 AND skin_thickness >= 22 THEN high risk,1,0.13332015587354398,132,30.76923076923077,0.6363636363636364,0.05,2,quantile_conjunction,
pidd,8,4,2,IF glucose >= 147 AND pregnancies >= 5 THEN high risk,1,0.08525842391787361,47,10.955710955710956,0.723404255319149,0.05,2,quantile_conjunction,
pidd,8,4,3,IF age >= 36 AND glucose >= 127.2 THEN high risk,1,0.06813257686290217,73,17.016317016317018,0.6027397260273972,0.05,2,quantile_conjunction,
pidd,8,4,4,IF blood_pressure >= 62 THEN high risk,1,0.05397253655240823,352,82.05128205128204,0.3778409090909091,0.05,1,quantile,
pidd,8,4,5,IF bmi >= 37.6 AND pregnancies >= 5 THEN high risk,1,0.05134449429086099,31,7.226107226107226,0.6129032258064516,0.05,2,quantile_conjunction,
pidd,8,4,6,IF diabetes_pedigree_function >= 0.207 THEN high risk,1,0.050315074140258244,344,80.1864801864802,0.38953488372093026,0.05,1,quantile,
pidd,8,4,7,IF age >= 30 AND pregnancies >= 5 THEN high risk,1,0.048978874156962456,146,34.032634032634036,0.4794520547945205,0.05,2,quantile_conjunction,
pidd,8,4,8,IF bmi >= 37.6 AND pregnancies >= 3 THEN high risk,1,0.047826575268430066,41,9.557109557109557,0.5121951219512195,0.05,2,quantile_conjunction,
pidd,8,4,9,IF age >= 36 AND pregnancies >= 3 THEN high risk,1,0.04457947246267871,131,30.536130536130536,0.48091603053435117,0.05,2,quantile_conjunction,
pidd,8,4,10,IF bmi >= 34.3 AND pregnancies >= 5 THEN high risk,1,0.04383243418760893,56,13.053613053613052,0.5714285714285714,0.05,2,quantile_conjunction,
pidd,8,4,11,IF age >= 36 AND pregnancies >= 7 THEN high risk,1,0.042890978541766024,81,18.88111888111888,0.5185185185185185,0.05,2,quantile_conjunction,
pidd,8,4,12,IF diabetes_pedigree_function >= 0.364 AND pregnancies >= 7 THEN high risk,1,0.04275685563965041,51,11.888111888111888,0.6470588235294118,0.05,2,quantile_conjunction,
pidd,8,4,13,IF age >= 36 AND skin_thickness >= 34 THEN high risk,1,0.04163548723707224,30,6.993006993006993,0.5,0.05,2,quantile_conjunction,
pidd,8,4,14,IF age >= 26 AND blood_pressure >= 82 THEN high risk,1,0.0392029078235632,73,17.016317016317018,0.5068493150684932,0.05,2,quantile_conjunction,
pidd,8,4,15,IF age >= 26 AND diabetes_pedigree_function >= 0.687 THEN high risk,1,0.038704702586680045,64,14.918414918414918,0.578125,0.05,2,quantile_conjunction,
pidd,8,4,16,IF blood_pressure >= 82 AND insulin >= 125 THEN high risk,1,0.03652813155608265,75,17.482517482517483,0.49333333333333335,0.05,2,quantile_conjunction,
pidd,8,4,17,IF insulin >= 150.8 AND skin_thickness >= 34 THEN high risk,1,0.03646253098940725,35,8.158508158508159,0.6857142857142857,0.05,2,quantile_conjunction,
pidd,8,4,18,IF glucose >= 95 AND skin_thickness >= 34 THEN high risk,1,0.036378224655369135,80,18.64801864801865,0.525,0.05,2,quantile_conjunction,
pidd,8,4,19,IF blood_pressure >= 72 AND glucose >= 95 THEN high risk,1,0.03599752776709801,199,46.386946386946384,0.4723618090452261,0.05,2,quantile_conjunction,
pidd,8,4,20,IF diabetes_pedigree_function >= 0.509 AND insulin >= 150.8 THEN high risk,1,0.0218820354897836,47,10.955710955710956,0.6595744680851063,0.05,2,quantile_conjunction,
pidd,8,5,1,IF glucose >= 146.4 AND insulin >= 120 THEN high risk,1,0.07278092892685893,81,18.88111888111888,0.7160493827160493,0.05,2,quantile_conjunction,
pidd,8,5,2,IF diabetes_pedigree_function >= 0.294 THEN high risk,1,0.06904325263630952,280,65.26806526806527,0.39285714285714285,0.05,1,quantile,
pidd,8,5,3,IF glucose >= 129 AND insulin >= 98 THEN high risk,1,0.06616005090124034,147,34.26573426573427,0.6462585034013606,0.05,2,quantile_conjunction,
pidd,8,5,4,IF bmi >= 26.36 THEN high risk,1,0.06428300202715907,343,79.95337995337995,0.4139941690962099,0.05,1,quantile,
pidd,8,5,5,IF diabetes_pedigree_function >= 0.236 THEN high risk,1,0.0632422587238502,343,79.95337995337995,0.37900874635568516,0.05,1,quantile,
pidd,8,5,6,IF age >= 28 AND glucose >= 146.4 THEN high risk,1,0.05687756061101359,68,15.85081585081585,0.7352941176470589,0.05,2,quantile_conjunction,
pidd,8,5,7,IF bmi >= 29.7 THEN high risk,1,0.053271661492437346,280,65.26806526806527,0.45357142857142857,0.05,1,quantile,
pidd,8,5,8,IF age >= 28 AND bmi >= 32 THEN high risk,1,0.05254012141670385,134,31.23543123543124,0.5522388059701493,0.05,2,quantile_conjunction,
pidd,8,5,9,IF diabetes_pedigree_function >= 0.546 AND glucose >= 146.4 THEN high risk,1,0.05222751838542498,35,8.158508158508159,0.7714285714285715,0.05,2,quantile_conjunction,
pidd,8,5,10,IF age >= 28 AND bmi >= 34.32 THEN high risk,1,0.049186398940368845,91,21.21212121212121,0.5714285714285714,0.05,2,quantile_conjunction,
pidd,8,5,11,IF age >= 25 AND blood_pressure >= 72 THEN high risk,1,0.04533724647482566,185,43.12354312354312,0.4540540540540541,0.05,2,quantile_conjunction,
pidd,8,5,12,IF age >= 23 AND bmi >= 26.36 THEN high risk,1,0.04408649794722456,287,66.8997668997669,0.4634146341463415,0.05,2,quantile_conjunction,
pidd,8,5,13,IF insulin >= 148.8 AND skin_thickness >= 22.6 THEN high risk,1,0.042868971007081716,67,15.61771561771562,0.5522388059701493,0.05,2,quantile_conjunction,
pidd,8,5,14,IF blood_pressure >= 72 AND pregnancies >= 6 THEN high risk,1,0.04215633637256489,72,16.783216783216783,0.5555555555555556,0.05,2,quantile_conjunction,
pidd,8,5,15,IF age >= 23 AND skin_thickness >= 22.6 THEN high risk,1,0.041412901274845815,290,67.5990675990676,0.4413793103448276,0.05,2,quantile_conjunction,
pidd,8,5,16,IF insulin >= 120 AND skin_thickness >= 22.6 THEN high risk,1,0.03869098964790318,270,62.93706293706294,0.45555555555555555,0.05,2,quantile_conjunction,
pidd,8,5,17,IF glucose >= 116 AND pregnancies >= 3 THEN high risk,1,0.038211119742918326,126,29.37062937062937,0.6190476190476191,0.05,2,quantile_conjunction,
pidd,8,5,18,IF age >= 23 AND bmi >= 29.7 THEN high risk,1,0.037529416409560805,244,56.87645687645687,0.48770491803278687,0.05,2,quantile_conjunction,
pidd,8,5,19,IF bmi >= 32 AND diabetes_pedigree_function >= 0.703 THEN high risk,1,0.035573162544372164,47,10.955710955710956,0.6382978723404256,0.05,2,quantile_conjunction,
pidd,8,5,20,IF insulin >= 120 AND pregnancies >= 4 THEN high risk,1,0.03452060451733623,151,35.1981351981352,0.5298013245033113,0.05,2,quantile_conjunction,
pidd,9,1,1,IF age >= 37 THEN high risk,1,0.07544955238296429,156,36.36363636363637,0.5,0.05,1,quantile,
pidd,9,1,2,IF age >= 44 THEN high risk,1,0.07169760697926011,90,20.97902097902098,0.4888888888888889,0.05,1,quantile,
pidd,9,1,3,IF pregnancies >= 5 THEN high risk,1,0.06711110503395333,164,38.22843822843823,0.49390243902439024,0.05,1,quantile,
pidd,9,1,4,IF blood_pressure >= 82 THEN high risk,1,0.06600377363643961,93,21.678321678321677,0.46236559139784944,0.05,1,quantile,
pidd,9,1,5,IF skin_thickness >= 30 THEN high risk,1,0.06498891348155948,283,65.96736596736596,0.40636042402826855,0.05,1,quantile,
pidd,9,1,6,IF glucose >= 129 AND insulin >= 103 THEN high risk,1,0.05847742830910886,140,32.634032634032636,0.6285714285714286,0.05,2,quantile_conjunction,
pidd,9,1,7,IF age >= 30 AND bmi >= 32.35 THEN high risk,1,0.04674936891913513,118,27.505827505827508,0.5932203389830508,0.05,2,quantile_conjunction,
pidd,9,1,8,IF age >= 26 AND diabetes_pedigree_function >= 0.525 THEN high risk,1,0.04583468670474983,108,25.174825174825177,0.5740740740740741,0.05,2,quantile_conjunction,
pidd,9,1,9,IF age >= 44 AND bmi >= 26.56 THEN high risk,1,0.04470567651961656,73,17.016317016317018,0.5342465753424658,0.05,2,quantile_conjunction,
pidd,9,1,10,IF bmi >= 32.35 AND diabetes_pedigree_function >= 0.364 THEN high risk,1,0.04421969085825101,117,27.27272727272727,0.5897435897435898,0.05,2,quantile_conjunction,
pidd,9,1,11,IF diabetes_pedigree_function >= 0.525 AND insulin >= 150 THEN high risk,1,0.0438091267704389,50,11.655011655011654,0.66,0.05,2,quantile_conjunction,
pidd,9,1,12,IF age >= 23 AND diabetes_pedigree_function >= 0.364 THEN high risk,1,0.04321516318010006,176,41.02564102564102,0.4943181818181818,0.05,2,quantile_conjunction,
pidd,9,1,13,IF age >= 26 AND skin_thickness >= 23 THEN high risk,1,0.04268367224107754,246,57.34265734265735,0.4796747967479675,0.05,2,quantile_conjunction,
pidd,9,1,14,IF diabetes_pedigree_function >= 0.703 AND insulin >= 103 THEN high risk,1,0.04259111803051561,71,16.55011655011655,0.6056338028169014,0.05,2,quantile_conjunction,
pidd,9,1,15,IF bmi >= 34.3 AND diabetes_pedigree_function >= 0.267 THEN high risk,1,0.04253215820917074,109,25.407925407925408,0.5596330275229358,0.05,2,quantile_conjunction,
pidd,9,1,16,IF diabetes_pedigree_function >= 0.525 AND skin_thickness >= 30 THEN high risk,1,0.04213873957467503,97,22.61072261072261,0.5360824742268041,0.05,2,quantile_conjunction,
pidd,9,1,17,IF glucose >= 95 AND pregnancies >= 7 THEN high risk,1,0.04148493468730792,93,21.678321678321677,0.6344086021505376,0.05,2,quantile_conjunction,
pidd,9,1,18,IF age >= 23 AND pregnancies >= 5 THEN high risk,1,0.04065153765511235,163,37.995337995338,0.49079754601226994,0.05,2,quantile_conjunction,
pidd,9,1,19,IF diabetes_pedigree_function >= 0.21 AND pregnancies >= 7 THEN high risk,1,0.03895386307192169,85,19.813519813519815,0.6470588235294118,0.05,2,quantile_conjunction,
pidd,9,1,20,IF age >= 30 AND skin_thickness >= 35 THEN high risk,1,0.036701883754642,40,9.324009324009324,0.6,0.05,2,quantile_conjunction,
pidd,9,2,1,IF pregnancies >= 7 THEN high risk,1,0.09335283071526988,88,20.51282051282051,0.5227272727272727,0.05,1,quantile,
pidd,9,2,2,IF glucose >= 117 THEN high risk,1,0.09112505046284422,223,51.981351981351985,0.5246636771300448,0.05,1,quantile,
pidd,9,2,3,IF age >= 29 AND glucose >= 95 THEN high risk,1,0.06566838038307084,195,45.45454545454545,0.5230769230769231,0.05,2,quantile_conjunction,
pidd,9,2,4,IF glucose >= 117 AND insulin >= 94 THEN high risk,1,0.061364021851047064,204,47.55244755244755,0.553921568627451,0.05,2,quantile_conjunction,
pidd,9,2,5,IF skin_thickness >= 22 THEN high risk,1,0.06093268604895816,346,80.65268065268066,0.41040462427745666,0.05,1,quantile,
pidd,9,2,6,IF bmi >= 34.3 AND glucose >= 117 THEN high risk,1,0.05650519525575401,101,23.543123543123542,0.6435643564356436,0.05,2,quantile_conjunction,
pidd,9,2,7,IF bmi >= 34.3 AND glucose >= 95 THEN high risk,1,0.05209468876096513,133,31.002331002331,0.5488721804511278,0.05,2,quantile_conjunction,
pidd,9,2,8,IF glucose >= 95 AND insulin >= 152 THEN high risk,1,0.05094442251792326,86,20.04662004662005,0.4883720930232558,0.05,2,quantile_conjunction,
pidd,9,2,9,IF bmi >= 34.3 AND diabetes_pedigree_function >= 0.692 THEN high risk,1,0.04777115091736685,35,8.158508158508159,0.5142857142857142,0.05,2,quantile_conjunction,
pidd,9,2,10,IF bmi >= 29.46 AND skin_thickness >= 30 THEN high risk,1,0.04312555936721169,134,31.23543123543124,0.47761194029850745,0.05,2,quantile_conjunction,
pidd,9,2,11,IF age >= 26 AND diabetes_pedigree_function >= 0.692 THEN high risk,1,0.04212306073151716,61,14.219114219114218,0.5245901639344263,0.05,2,quantile_conjunction,
pidd,9,2,12,IF blood_pressure >= 76 AND insulin >= 94 THEN high risk,1,0.041573421871009715,135,31.46853146853147,0.4444444444444444,0.05,2,quantile_conjunction,
pidd,9,2,13,IF bmi >= 38.24 AND diabetes_pedigree_function >= 0.692 THEN high risk,1,0.03834093333213646,28,6.526806526806526,0.5,0.05,2,quantile_conjunction,
pidd,9,2,14,IF glucose >= 95 AND skin_thickness >= 35 THEN high risk,1,0.03825941817395423,81,18.88111888111888,0.5185185185185185,0.05,2,quantile_conjunction,
pidd,9,2,15,IF age >= 42 AND bmi >= 32 THEN high risk,1,0.038145015326159236,47,10.955710955710956,0.40425531914893614,0.05,2,quantile_conjunction,
pidd,9,2,16,IF blood_pressure >= 76 AND bmi >= 38.24 THEN high risk,1,0.037614789838322345,56,13.053613053613052,0.48214285714285715,0.05,2,quantile_conjunction,
pidd,9,2,17,IF blood_pressure >= 63.2 AND bmi >= 38.24 THEN high risk,1,0.036454217388946254,80,18.64801864801865,0.5375,0.05,2,quantile_conjunction,
pidd,9,2,18,IF age >= 42 AND skin_thickness >= 29 THEN high risk,1,0.03554845768605806,70,16.317016317016318,0.44285714285714284,0.05,2,quantile_conjunction,
pidd,9,2,19,IF bmi >= 38.24 AND skin_thickness >= 22 THEN high risk,1,0.03470297943072365,86,20.04662004662005,0.5348837209302325,0.05,2,quantile_conjunction,
pidd,9,2,20,IF age >= 42 AND insulin >= 94 THEN high risk,1,0.034353719940761834,86,20.04662004662005,0.47674418604651164,0.05,2,quantile_conjunction,
pidd,9,3,1,IF glucose >= 150 THEN high risk,1,0.11318557957899389,87,20.27972027972028,0.7816091954022989,0.05,1,quantile,
pidd,9,3,2,IF age >= 26 THEN high risk,1,0.06911696764283884,284,66.2004662004662,0.44014084507042256,0.05,1,quantile,
pidd,9,3,3,IF age >= 35 AND insulin >= 107.2 THEN high risk,1,0.06473576951467074,142,33.1002331002331,0.5211267605633803,0.05,2,quantile_conjunction,
pidd,9,3,4,IF age >= 23 AND glucose >= 131 THEN high risk,1,0.055544782419568506,133,31.002331002331,0.6917293233082706,0.05,2,quantile_conjunction,
pidd,9,3,5,IF insulin >= 125 THEN high risk,1,0.05480338037383638,327,76.22377622377621,0.41284403669724773,0.05,1,quantile,
pidd,9,3,6,IF blood_pressure >= 82 THEN high risk,1,0.054731421802970685,93,21.678321678321677,0.45161290322580644,0.05,1,quantile,
pidd,9,3,7,IF blood_pressure >= 62 THEN high risk,1,0.05084329142468679,357,83.21678321678321,0.37254901960784315,0.05,1,quantile,
pidd,9,3,8,IF age >= 29 AND skin_thickness >= 22 THEN high risk,1,0.0482014044814343,197,45.92074592074592,0.5076142131979695,0.05,2,quantile_conjunction,
pidd,9,3,9,IF age >= 26 AND glucose >= 94 THEN high risk,1,0.046331707058231725,238,55.47785547785548,0.5084033613445378,0.05,2,quantile_conjunction,
pidd,9,3,10,IF insulin >= 150.8 AND pregnancies >= 3 THEN high risk,1,0.04581036390061705,42,9.79020979020979,0.6190476190476191,0.05,2,quantile_conjunction,
pidd,9,3,11,IF age >= 29 AND pregnancies >= 3 THEN high risk,1,0.045651630166876636,170,39.62703962703963,0.47058823529411764,0.05,2,quantile_conjunction,
pidd,9,3,12,IF blood_pressure >= 76 AND glucose >= 131 THEN high risk,1,0.044819463116113685,73,17.016317016317018,0.6301369863013698,0.05,2,quantile_conjunction,
pidd,9,3,13,IF bmi >= 29.7 AND diabetes_pedigree_function >= 0.686 THEN high risk,1,0.0445680999498371,64,14.918414918414918,0.578125,0.05,2,quantile_conjunction,
pidd,9,3,14,IF diabetes_pedigree_function >= 0.686 AND pregnancies >= 7 THEN high risk,1,0.043684784053439014,24,5.594405594405594,0.7083333333333334,0.05,2,quantile_conjunction,
pidd,9,3,15,IF blood_pressure >= 72 AND pregnancies >= 7 THEN high risk,1,0.042786457646370755,69,16.083916083916083,0.5217391304347826,0.05,2,quantile_conjunction,
pidd,9,3,16,IF blood_pressure >= 76 AND glucose >= 106 THEN high risk,1,0.04025248342227854,123,28.671328671328673,0.5040650406504065,0.05,2,quantile_conjunction,
pidd,9,3,17,IF blood_pressure >= 72 AND diabetes_pedigree_function >= 0.686 THEN high risk,1,0.03901117202377909,53,12.354312354312354,0.5283018867924528,0.05,2,quantile_conjunction,
pidd,9,3,18,IF blood_pressure >= 72 AND skin_thickness >= 22 THEN high risk,1,0.03366804502485795,204,47.55244755244755,0.4362745098039216,0.05,2,quantile_conjunction,
pidd,9,3,19,IF bmi >= 32.4 AND skin_thickness >= 22 THEN high risk,1,0.032424225436786316,209,48.717948717948715,0.47368421052631576,0.05,2,quantile_conjunction,
pidd,9,3,20,IF blood_pressure >= 76 AND skin_thickness >= 35 THEN high risk,1,0.02982897096181204,50,11.655011655011654,0.48,0.05,2,quantile_conjunction,
pidd,9,4,1,IF age >= 29 AND glucose >= 115 THEN high risk,1,0.13661504420359688,134,31.23543123543124,0.6119402985074627,0.05,2,quantile_conjunction,
pidd,9,4,2,IF glucose >= 115 AND skin_thickness >= 22 THEN high risk,1,0.08191500388510693,194,45.22144522144522,0.5515463917525774,0.05,2,quantile_conjunction,
pidd,9,4,3,IF age >= 23 AND glucose >= 127 THEN high risk,1,0.07414952177438461,134,31.23543123543124,0.6567164179104478,0.05,2,quantile_conjunction,
pidd,9,4,4,IF bmi >= 34.62 THEN high risk,1,0.058862516352052155,150,34.96503496503497,0.47333333333333333,0.05,1,quantile,
pidd,9,4,5,IF pregnancies >= 5 THEN high risk,1,0.05173955032050242,151,35.1981351981352,0.4900662251655629,0.05,1,quantile,
pidd,9,4,6,IF glucose >= 115 AND insulin >= 140.8 THEN high risk,1,0.050916058265288125,69,16.083916083916083,0.5362318840579711,0.05,2,quantile_conjunction,
pidd,9,4,7,IF pregnancies >= 1 THEN high risk,1,0.04911271099624114,365,85.08158508158508,0.3643835616438356,0.05,1,quantile,
pidd,9,4,8,IF diabetes_pedigree_function >= 0.718 THEN high risk,1,0.04826733828729777,86,20.04662004662005,0.5232558139534884,0.05,1,quantile,
pidd,9,4,9,IF age >= 25.8 AND diabetes_pedigree_function >= 0.402 THEN high risk,1,0.04536221640450563,141,32.86713286713287,0.5106382978723404,0.05,2,quantile_conjunction,
pidd,9,4,10,IF blood_pressure >= 68 AND bmi >= 29.5 THEN high risk,1,0.04442229467412083,212,49.417249417249415,0.46226415094339623,0.05,2,quantile_conjunction,
pidd,9,4,11,IF diabetes_pedigree_function >= 0.402 AND skin_thickness >= 34.4 THEN high risk,1,0.041152415263217564,50,11.655011655011654,0.58,0.05,2,quantile_conjunction,
pidd,9,4,12,IF blood_pressure >= 68 AND diabetes_pedigree_function >= 0.402 THEN high risk,1,0.040363764285768135,145,33.7995337995338,0.4689655172413793,0.05,2,quantile_conjunction,
pidd,9,4,13,IF bmi >= 34.62 AND diabetes_pedigree_function >= 0.402 THEN high risk,1,0.039965639564645355,78,18.181818181818183,0.5512820512820513,0.05,2,quantile_conjunction,
pidd,9,4,14,IF pregnancies >= 7 AND skin_thickness >= 34.4 THEN high risk,1,0.0375154465763683,17,3.9627039627039626,0.6470588235294118,0.05,2,quantile_conjunction,
pidd,9,4,15,IF insulin >= 140.8 AND pregnancies >= 7 THEN high risk,1,0.03704647267770558,16,3.7296037296037294,0.9375,0.05,2,quantile_conjunction,
pidd,9,4,16,IF blood_pressure >= 76 AND skin_thickness >= 34.4 THEN high risk,1,0.0351724026715909,46,10.722610722610723,0.45652173913043476,0.05,2,quantile_conjunction,
pidd,9,4,17,IF diabetes_pedigree_function >= 0.718 AND pregnancies >= 5 THEN high risk,1,0.03467683823039106,32,7.459207459207459,0.625,0.05,2,quantile_conjunction,
pidd,9,4,18,IF age >= 23 AND pregnancies >= 3 THEN high risk,1,0.032217784879792793,218,50.815850815850816,0.46788990825688076,0.05,2,quantile_conjunction,
pidd,9,4,19,IF bmi >= 37.84 AND diabetes_pedigree_function >= 0.718 THEN high risk,1,0.031777684490772506,20,4.662004662004662,0.55,0.05,2,quantile_conjunction,
pidd,9,4,20,IF blood_pressure >= 76 AND diabetes_pedigree_function >= 0.718 THEN high risk,1,0.028749296196651328,39,9.090909090909092,0.6410256410256411,0.05,2,quantile_conjunction,
pidd,9,5,1,IF age >= 29 THEN high risk,1,0.0906882513070179,218,50.815850815850816,0.48623853211009177,0.05,1,quantile,
pidd,9,5,2,IF glucose >= 147 THEN high risk,1,0.08946266194701195,87,20.27972027972028,0.7126436781609196,0.05,1,quantile,
pidd,9,5,3,IF glucose >= 129 AND skin_thickness >= 29 THEN high risk,1,0.0734629576241107,110,25.64102564102564,0.6090909090909091,0.05,2,quantile_conjunction,
pidd,9,5,4,IF age >= 29 AND glucose >= 108 THEN high risk,1,0.06532522267896841,169,39.39393939393939,0.5562130177514792,0.05,2,quantile_conjunction,
pidd,9,5,5,IF age >= 23 AND glucose >= 147 THEN high risk,1,0.06189067702168864,82,19.114219114219114,0.7073170731707317,0.05,2,quantile_conjunction,
pidd,9,5,6,IF age >= 25 AND bmi >= 26.2 THEN high risk,1,0.057902200838387055,253,58.97435897435898,0.49407114624505927,0.05,2,quantile_conjunction,
pidd,9,5,7,IF bmi >= 26.2 AND pregnancies >= 5 THEN high risk,1,0.0574029272565139,129,30.069930069930066,0.5813953488372093,0.05,2,quantile_conjunction,
pidd,9,5,8,IF age >= 42 THEN high risk,1,0.05639197317241719,93,21.678321678321677,0.5161290322580645,0.05,1,quantile,
pidd,9,5,9,IF blood_pressure >= 62 THEN high risk,1,0.054001791378854816,353,82.28438228438229,0.37960339943342775,0.05,1,quantile,
pidd,9,5,10,IF blood_pressure >= 78 THEN high risk,1,0.05027934039073637,151,35.1981351981352,0.423841059602649,0.05,1,quantile,
pidd,9,5,11,IF glucose >= 108 AND skin_thickness >= 29 THEN high risk,1,0.049211519933036324,203,47.31934731934732,0.5073891625615764,0.05,2,quantile_conjunction,
pidd,9,5,12,IF bmi >= 29.3 AND glucose >= 147 THEN high risk,1,0.04834115478843275,79,18.414918414918414,0.7468354430379747,0.05,2,quantile_conjunction,
pidd,9,5,13,IF bmi >= 29.3 AND glucose >= 98.6 THEN high risk,1,0.03974070828715389,236,55.011655011655016,0.5296610169491526,0.05,2,quantile_conjunction,
pidd,9,5,14,IF blood_pressure >= 78 AND glucose >= 147 THEN high risk,1,0.03516547399704223,39,9.090909090909092,0.6923076923076923,0.05,2,quantile_conjunction,
pidd,9,5,15,IF blood_pressure >= 78 AND skin_thickness >= 29.2 THEN high risk,1,0.03384642927906442,58,13.51981351981352,0.43103448275862066,0.05,2,quantile_conjunction,
pidd,9,5,16,IF bmi >= 37.2 AND insulin >= 120 THEN high risk,1,0.032800088246765294,67,15.61771561771562,0.5970149253731343,0.05,2,quantile_conjunction,
pidd,9,5,17,IF age >= 23 AND blood_pressure >= 78 THEN high risk,1,0.0321774448127524,135,31.46853146853147,0.43703703703703706,0.05,2,quantile_conjunction,
pidd,9,5,18,IF bmi >= 37.2 AND diabetes_pedigree_function >= 0.218 THEN high risk,1,0.026944514110144705,71,16.55011655011655,0.5774647887323944,0.05,2,quantile_conjunction,
pidd,9,5,19,IF glucose >= 117 AND insulin >= 140.8 THEN high risk,1,0.022830239731230925,70,16.317016317016318,0.6,0.05,2,quantile_conjunction,
pidd,9,5,20,IF diabetes_pedigree_function >= 0.378 AND insulin >= 140.8 THEN high risk,1,0.022134423198670164,58,13.51981351981352,0.5689655172413793,0.05,2,quantile_conjunction,
