dataset,repeat,fold,rank,rule_text,predicted_class,posterior_weight,support_n,support_percent,positive_rate,posterior_inclusion_probability,condition_count,source,llm_confidence
nhanes_dm,0,1,1,IF age >= 49 THEN high risk,1,0.0815599464433653,3889,50.5853277835588,0.261249678580612,0.05,1,quantile,
nhanes_dm,0,1,2,IF age >= 40 THEN high risk,1,0.0758572168218266,5117,66.5582726326743,0.2214188000781708,0.05,1,quantile,
nhanes_dm,0,1,3,IF systolic_bp >= 135.333 THEN high risk,1,0.067149860669778,1584,20.60353798126951,0.2544191919191919,0.05,1,quantile,
nhanes_dm,0,1,4,IF alt >= 17 THEN high risk,1,0.0662788408632093,5186,67.45577523413111,0.1654454300038565,0.05,1,quantile,
nhanes_dm,0,1,5,IF uric_acid >= 5 THEN high risk,1,0.0660059396111745,4998,65.01040582726326,0.1670668267306922,0.05,1,quantile,
nhanes_dm,0,1,6,IF age >= 49 AND total_cholesterol <= 157 THEN high risk,1,0.0494012988328322,732,9.521331945889695,0.5027322404371585,0.05,2,quantile_conjunction,
nhanes_dm,0,1,7,IF bmi >= 30.8 AND total_cholesterol <= 157 THEN high risk,1,0.045385924289759,607,7.895421436004163,0.3558484349258649,0.05,2,quantile_conjunction,
nhanes_dm,0,1,8,IF bmi >= 28.8 AND total_cholesterol <= 174 THEN high risk,1,0.044508475927033,1365,17.75494276795005,0.2996336996336996,0.05,2,quantile_conjunction,
nhanes_dm,0,1,9,IF age >= 40 AND ggt >= 34 THEN high risk,1,0.0431970595571062,1175,15.283558792924037,0.2808510638297872,0.05,2,quantile_conjunction,
nhanes_dm,0,1,10,IF bmi >= 30.8 AND hdl <= 50 THEN high risk,1,0.0431491730092132,1773,23.06191467221644,0.2413987591652566,0.05,2,quantile_conjunction,
nhanes_dm,0,1,11,IF bmi >= 28.8 AND ggt >= 24 THEN high risk,1,0.0428949212282184,1721,22.38553590010406,0.2463683904706566,0.05,2,quantile_conjunction,
nhanes_dm,0,1,12,IF ggt >= 24 AND systolic_bp >= 126 THEN high risk,1,0.042609419597184,1320,17.16961498439126,0.25,0.05,2,quantile_conjunction,
nhanes_dm,0,1,13,IF ggt >= 34 AND triglycerides >= 100 THEN high risk,1,0.0424350567503337,1198,15.582726326742977,0.2462437395659432,0.05,2,quantile_conjunction,
nhanes_dm,0,1,14,IF bmi >= 24.2 AND triglycerides >= 185 THEN high risk,1,0.0422202638361973,1397,18.171175858480748,0.2390837508947745,0.05,2,quantile_conjunction,
nhanes_dm,0,1,15,IF ggt >= 34 AND hdl <= 47 THEN high risk,1,0.0422045103631444,790,10.275754422476586,0.2594936708860759,0.05,2,quantile_conjunction,
nhanes_dm,0,1,16,IF serum_albumin <= 4.1 AND total_cholesterol <= 157 THEN high risk,1,0.042011901976354,816,10.61394380853278,0.2990196078431372,0.05,2,quantile_conjunction,
nhanes_dm,0,1,17,IF bmi >= 28.8 AND serum_albumin <= 3.9 THEN high risk,1,0.0415722550331541,1181,15.361602497398543,0.2760372565622354,0.05,2,quantile_conjunction,
nhanes_dm,0,1,18,IF age >= 31 AND serum_albumin <= 3.9 THEN high risk,1,0.0410687419143506,1580,20.55150884495317,0.2613924050632911,0.05,2,quantile_conjunction,
nhanes_dm,0,1,19,IF systolic_bp >= 135.333 AND total_cholesterol <= 184 THEN high risk,1,0.0406033306688306,744,9.67741935483871,0.3454301075268817,0.05,2,quantile_conjunction,
nhanes_dm,0,1,20,IF bmi >= 26.8 AND serum_albumin <= 4.1 THEN high risk,1,0.0398858626069347,2289,29.773673257023937,0.2389689820882481,0.05,2,quantile_conjunction,
nhanes_dm,0,2,1,IF age >= 41 THEN high risk,1,0.076032144231932,5000,65.02796202367018,0.2248,0.05,1,quantile,
nhanes_dm,0,2,2,IF bmi >= 30.8 THEN high risk,1,0.0705631717431687,2723,35.414228118090776,0.2295262578038927,0.05,1,quantile,
nhanes_dm,0,2,3,IF bmi >= 26.7 THEN high risk,1,0.0678870163310011,5034,65.47015216543114,0.1958680969408025,0.05,1,quantile,
nhanes_dm,0,2,4,IF race_ethnicity <= 2 THEN high risk,1,0.0641808332682962,2016,26.21927428794382,0.183531746031746,0.05,1,quantile,
nhanes_dm,0,2,5,IF alt >= 19 THEN high risk,1,0.0640973958699173,4561,59.318506957991936,0.1661916246437184,0.05,1,quantile,
nhanes_dm,0,2,6,IF uric_acid >= 4.9 THEN high risk,1,0.0639620159232883,5099,66.31551567173885,0.1668954696999411,0.05,1,quantile,
nhanes_dm,0,2,7,IF age >= 57 AND hdl <= 41 THEN high risk,1,0.0463576757411144,539,7.0100143061516444,0.4415584415584415,0.05,2,quantile_conjunction,
nhanes_dm,0,2,8,IF age >= 64 AND systolic_bp >= 121.667 THEN high risk,1,0.0445913943749558,1258,16.361035245155417,0.3203497615262321,0.05,2,quantile_conjunction,
nhanes_dm,0,2,9,IF bmi >= 26.7 AND systolic_bp >= 135.333 THEN high risk,1,0.0440960265382999,1070,13.915983873065418,0.2700934579439252,0.05,2,quantile_conjunction,
nhanes_dm,0,2,10,IF age >= 41 AND systolic_bp >= 135.333 THEN high risk,1,0.0439700093358622,1389,18.06476785017557,0.2620590352771778,0.05,2,quantile_conjunction,
nhanes_dm,0,2,11,IF total_cholesterol <= 175 AND triglycerides >= 181 THEN high risk,1,0.0429110931590337,346,4.499934972037976,0.3959537572254335,0.05,2,quantile_conjunction,
nhanes_dm,0,2,12,IF hdl <= 47 AND systolic_bp >= 125.667 THEN high risk,1,0.0422827208692484,1064,13.837950318637011,0.2640977443609023,0.05,2,quantile_conjunction,
nhanes_dm,0,2,13,IF bmi >= 28.7 AND serum_albumin <= 3.9 THEN high risk,1,0.0420143382376158,1175,15.281571075562493,0.2451063829787234,0.05,2,quantile_conjunction,
nhanes_dm,0,2,14,IF ggt >= 18 AND systolic_bp >= 135.333 THEN high risk,1,0.0418438977981782,1156,15.034464819872545,0.2534602076124567,0.05,2,quantile_conjunction,
nhanes_dm,0,2,15,IF systolic_bp >= 117.667 AND triglycerides >= 181 THEN high risk,1,0.041365644845728,1106,14.384185199635844,0.2576853526220615,0.05,2,quantile_conjunction,
nhanes_dm,0,2,16,IF bmi >= 28.7 AND ggt >= 18 THEN high risk,1,0.0413526011117466,3134,40.75952659643647,0.2201659221442246,0.05,2,quantile_conjunction,
nhanes_dm,0,2,17,IF age >= 32 AND ggt >= 14 THEN high risk,1,0.0412842967266243,5214,67.81115879828327,0.2082853855005753,0.05,2,quantile_conjunction,
nhanes_dm,0,2,18,IF ggt >= 33 AND serum_albumin <= 4.1 THEN high risk,1,0.0408421843773268,771,10.02731174404994,0.2619974059662776,0.05,2,quantile_conjunction,
nhanes_dm,0,2,19,IF ggt >= 33 AND serum_albumin <= 3.9 THEN high risk,1,0.0407769385887476,425,5.527376772011965,0.2705882352941176,0.05,2,quantile_conjunction,
nhanes_dm,0,2,20,IF ggt >= 21 AND systolic_bp >= 121.667 THEN high risk,1,0.0395886009279138,2852,37.09194953830147,0.2026647966339411,0.05,2,quantile_conjunction,
nhanes_dm,0,3,1,IF ggt >= 18 THEN high risk,1,0.0713191824541317,5162,67.1348679932371,0.1826811313444401,0.05,1,quantile,
nhanes_dm,0,3,2,IF triglycerides >= 76 THEN high risk,1,0.0712025337339839,6154,80.03641565873325,0.176145596360091,0.05,1,quantile,
nhanes_dm,0,3,3,IF ast >= 26 THEN high risk,1,0.0704749203280188,1770,23.019898556379243,0.1723163841807909,0.05,1,quantile,
nhanes_dm,0,3,4,IF total_cholesterol <= 175 THEN high risk,1,0.0704220068020343,2751,35.778384705423335,0.2090149036713922,0.05,1,quantile,
nhanes_dm,0,3,5,IF age >= 57 AND triglycerides >= 76 THEN high risk,1,0.0487540711680602,2399,31.200416178956957,0.2972071696540225,0.05,2,quantile_conjunction,
nhanes_dm,0,3,6,IF age >= 49 AND hdl <= 41 THEN high risk,1,0.0487406754838105,792,10.300429184549357,0.4027777777777778,0.05,2,quantile_conjunction,
nhanes_dm,0,3,7,IF age >= 41 AND total_cholesterol <= 175 THEN high risk,1,0.0462054900119477,1576,20.49681362986084,0.3464467005076142,0.05,2,quantile_conjunction,
nhanes_dm,0,3,8,IF bmi >= 30.8 AND systolic_bp >= 126 THEN high risk,1,0.0461121584253018,1153,14.995448042658344,0.2827406764960971,0.05,2,quantile_conjunction,
nhanes_dm,0,3,9,IF bmi >= 34.6 AND triglycerides >= 182 THEN high risk,1,0.0448717773677198,396,5.150214592274678,0.3333333333333333,0.05,2,quantile_conjunction,
nhanes_dm,0,3,10,IF systolic_bp >= 117.667 AND triglycerides >= 182 THEN high risk,1,0.0447366376658081,1119,14.553257900897387,0.2475424486148346,0.05,2,quantile_conjunction,
nhanes_dm,0,3,11,IF hdl <= 47 AND systolic_bp >= 122 THEN high risk,1,0.0442575326542371,1493,19.417349460267918,0.261219022103148,0.05,2,quantile_conjunction,
nhanes_dm,0,3,12,IF bmi >= 28.7 AND serum_albumin <= 4.2 THEN high risk,1,0.0441077482498912,3058,39.77110157367668,0.2187704381948986,0.05,2,quantile_conjunction,
nhanes_dm,0,3,13,IF bmi >= 24.1 AND hdl <= 51 THEN high risk,1,0.0440865721671696,3944,51.29405644427104,0.1995436105476673,0.05,2,quantile_conjunction,
nhanes_dm,0,3,14,IF bmi >= 28.7 AND systolic_bp >= 122 THEN high risk,1,0.0440580541116829,2603,33.8535570295227,0.2266615443718786,0.05,2,quantile_conjunction,
nhanes_dm,0,3,15,IF age >= 32 AND serum_albumin <= 3.9 THEN high risk,1,0.0438049788280017,1554,20.21069059695669,0.2567567567567567,0.05,2,quantile_conjunction,
nhanes_dm,0,3,16,IF serum_albumin <= 4.2 AND total_cholesterol <= 175 THEN high risk,1,0.0437207725362068,1708,22.21355182728573,0.2447306791569086,0.05,2,quantile_conjunction,
nhanes_dm,0,3,17,IF ggt >= 18 AND serum_albumin <= 4.2 THEN high risk,1,0.0436301472051506,3436,44.68721550266614,0.2060535506402794,0.05,2,quantile_conjunction,
nhanes_dm,0,3,18,IF bmi >= 34.6 AND hdl <= 51 THEN high risk,1,0.0434619918733501,1049,13.642866432566002,0.2726406101048618,0.05,2,quantile_conjunction,
nhanes_dm,0,3,19,IF serum_albumin <= 4.2 AND systolic_bp >= 122 THEN high risk,1,0.043179064263331,2924,38.02835219144232,0.2168262653898768,0.05,2,quantile_conjunction,
nhanes_dm,0,3,20,IF serum_albumin <= 4.1 AND total_cholesterol <= 175 THEN high risk,1,0.0428536846701611,1415,18.40291325269866,0.2522968197879858,0.05,2,quantile_conjunction,
nhanes_dm,0,4,1,IF age >= 64 THEN high risk,1,0.0766258655356287,1667,21.68032253869164,0.3155368926214757,0.05,1,quantile,
nhanes_dm,0,4,2,IF ggt >= 14 THEN high risk,1,0.0694498519659415,6352,82.6115229548706,0.174433249370277,0.05,1,quantile,
nhanes_dm,0,4,3,IF serum_albumin <= 4.3 THEN high risk,1,0.0693442668084579,5662,73.63766419560412,0.1714941716707877,0.05,1,quantile,
nhanes_dm,0,4,4,IF uric_acid >= 6.4 THEN high risk,1,0.0691047947938342,1611,20.95200936402653,0.207324643078833,0.05,1,quantile,
nhanes_dm,0,4,5,IF sex <= 1 THEN high risk,1,0.0685155462689035,3745,48.705943555728965,0.1730307076101468,0.05,1,quantile,
nhanes_dm,0,4,6,IF age >= 64 AND total_cholesterol <= 185 THEN high risk,1,0.0463827239039117,971,12.628430224996748,0.4109165808444902,0.05,2,quantile_conjunction,
nhanes_dm,0,4,7,IF age >= 57 AND triglycerides >= 101 THEN high risk,1,0.0455651322062501,1966,25.568994667707116,0.3173957273652085,0.05,2,quantile_conjunction,
nhanes_dm,0,4,8,IF serum_albumin <= 4.1 AND systolic_bp >= 121.667 THEN high risk,1,0.0440247645712653,1778,23.12394329561712,0.2289088863892013,0.05,2,quantile_conjunction,
nhanes_dm,0,4,9,IF age >= 57 AND ggt >= 21 THEN high risk,1,0.0433312298575705,1714,22.29158538171414,0.3156359393232205,0.05,2,quantile_conjunction,
nhanes_dm,0,4,10,IF bmi >= 26.8 AND triglycerides >= 101 THEN high risk,1,0.0431799039851012,3691,48.00364156587332,0.2099701977783798,0.05,2,quantile_conjunction,
nhanes_dm,0,4,11,IF bmi >= 26.8 AND ggt >= 21 THEN high risk,1,0.0430191872621682,3268,42.50227597867083,0.2114443084455324,0.05,2,quantile_conjunction,
nhanes_dm,0,4,12,IF age >= 49 AND hdl <= 41 THEN high risk,1,0.0430068142754274,780,10.144362075692548,0.4307692307692308,0.05,2,quantile_conjunction,
nhanes_dm,0,4,13,IF systolic_bp >= 126 AND triglycerides >= 185 THEN high risk,1,0.0427986013699533,695,9.038886721290154,0.260431654676259,0.05,2,quantile_conjunction,
nhanes_dm,0,4,14,IF bmi >= 30.9 AND hdl <= 55 THEN high risk,1,0.0426622544105581,2040,26.531408505657435,0.2446078431372549,0.05,2,quantile_conjunction,
nhanes_dm,0,4,15,IF ggt >= 21 AND total_cholesterol <= 175 THEN high risk,1,0.0423259033884753,1236,16.07491221225127,0.2831715210355987,0.05,2,quantile_conjunction,
nhanes_dm,0,4,16,IF age >= 31 AND hdl <= 41 THEN high risk,1,0.0422773538763968,1393,18.116790219794517,0.2835606604450825,0.05,2,quantile_conjunction,
nhanes_dm,0,4,17,IF ggt >= 18 AND triglycerides >= 116 THEN high risk,1,0.042257832510784,3447,44.83027701911822,0.2045256744995648,0.05,2,quantile_conjunction,
nhanes_dm,0,4,18,IF hdl <= 51 AND triglycerides >= 137 THEN high risk,1,0.0422177733805983,2023,26.310313434776955,0.2313395946613939,0.05,2,quantile_conjunction,
nhanes_dm,0,4,19,IF bmi >= 28.7 AND hdl <= 47 THEN high risk,1,0.0421132979396726,1815,23.605150214592275,0.2413223140495868,0.05,2,quantile_conjunction,
nhanes_dm,0,4,20,IF bmi >= 24.1 AND hdl <= 55 THEN high risk,1,0.0417969016891004,4453,57.91390297828066,0.1949247698181001,0.05,2,quantile_conjunction,
nhanes_dm,0,5,1,IF serum_albumin <= 3.9 THEN high risk,1,0.0680191248723789,1797,23.371049551307063,0.216471897607123,0.05,1,quantile,
nhanes_dm,0,5,2,IF uric_acid >= 6.4 THEN high risk,1,0.0673680125404072,1631,21.21212121212121,0.2041692213366033,0.05,1,quantile,
nhanes_dm,0,5,3,IF serum_albumin <= 4.3 THEN high risk,1,0.0666297402818123,5681,73.88477045129406,0.1719767646541102,0.05,1,quantile,
nhanes_dm,0,5,4,IF hdl <= 41 THEN high risk,1,0.0663722587615854,1666,21.667316946286903,0.2436974789915966,0.05,1,quantile,
nhanes_dm,0,5,5,IF ggt >= 21 THEN high risk,1,0.0663237186649187,4404,57.276628950448696,0.1852861035422343,0.05,1,quantile,
nhanes_dm,0,5,6,IF systolic_bp >= 110.667 THEN high risk,1,0.066137730058402,6166,80.19248276759006,0.1735322737593253,0.05,1,quantile,
nhanes_dm,0,5,7,IF hdl <= 47 THEN high risk,1,0.0659657669124879,2768,35.99947977630381,0.2210982658959537,0.05,1,quantile,
nhanes_dm,0,5,8,IF systolic_bp >= 126 AND total_cholesterol <= 175 THEN high risk,1,0.0424327156736642,922,11.99115619716478,0.351409978308026,0.05,2,quantile_conjunction,
nhanes_dm,0,5,9,IF age >= 58 AND ggt >= 24 THEN high risk,1,0.0421732151481087,1031,13.408765769280793,0.3297769156159069,0.05,2,quantile_conjunction,
nhanes_dm,0,5,10,IF bmi >= 26.8 AND serum_albumin <= 4.1 THEN high risk,1,0.0421144525967266,2354,30.61516452074392,0.2327952421410365,0.05,2,quantile_conjunction,
nhanes_dm,0,5,11,IF age >= 58 AND systolic_bp >= 117.667 THEN high risk,1,0.0418773093583289,2169,28.20912992586813,0.2950668510834486,0.05,2,quantile_conjunction,
nhanes_dm,0,5,12,IF bmi >= 34.7 AND systolic_bp >= 117.667 THEN high risk,1,0.0414083441647362,1066,13.86396150344648,0.273921200750469,0.05,2,quantile_conjunction,
nhanes_dm,0,5,13,IF ggt >= 24 AND serum_albumin <= 3.9 THEN high risk,1,0.0412096267872678,749,9.741188711145792,0.2777036048064085,0.05,2,quantile_conjunction,
nhanes_dm,0,5,14,IF age >= 32 AND hdl <= 47 THEN high risk,1,0.0411493719758597,2256,29.340616465079982,0.2672872340425531,0.05,2,quantile_conjunction,
nhanes_dm,0,5,15,IF bmi >= 24.2 AND ggt >= 24 THEN high risk,1,0.0407244182810132,2442,31.759656652360512,0.2190827190827191,0.05,2,quantile_conjunction,
nhanes_dm,0,5,16,IF ggt >= 33 AND triglycerides >= 100 THEN high risk,1,0.0406005877076166,1211,15.749772402132916,0.2394715111478117,0.05,2,quantile_conjunction,
nhanes_dm,0,5,17,IF systolic_bp >= 136 AND triglycerides >= 184 THEN high risk,1,0.0399930952613557,380,4.942125113798934,0.2684210526315789,0.05,2,quantile_conjunction,
nhanes_dm,0,5,18,IF bmi >= 26.8 AND hdl <= 47 THEN high risk,1,0.0399479770741853,2143,27.87098452334504,0.2417172188520765,0.05,2,quantile_conjunction,
nhanes_dm,0,5,19,IF bmi >= 24.2 AND triglycerides >= 116 THEN high risk,1,0.0398811118594543,3776,49.10911692027572,0.204978813559322,0.05,2,quantile_conjunction,
nhanes_dm,0,5,20,IF bmi >= 24.2 AND hdl <= 47 THEN high risk,1,0.0396714220196894,2510,32.64403693588243,0.2314741035856573,0.05,2,quantile_conjunction,
nhanes_dm,1,1,1,IF hdl <= 41 THEN high risk,1,0.0653441306259314,1657,21.553069719042664,0.235968617984309,0.05,1,quantile,
nhanes_dm,1,1,2,IF hdl <= 55 THEN high risk,1,0.0647519351207515,5052,65.71279916753382,0.1813143309580364,0.05,1,quantile,
nhanes_dm,1,1,3,IF serum_albumin <= 4.1 THEN high risk,1,0.0646423384955805,3169,41.2200832466181,0.1950142000631114,0.05,1,quantile,
nhanes_dm,1,1,4,IF diastolic_bp <= 65 THEN high risk,1,0.0640503891449887,1566,20.369406867845992,0.1768837803320562,0.05,1,quantile,
nhanes_dm,1,1,5,IF alt >= 14 THEN high risk,1,0.063816856854785,6264,81.47762747138397,0.1633141762452107,0.05,1,quantile,
nhanes_dm,1,1,6,IF total_cholesterol <= 215 THEN high risk,1,0.0637307448164381,6175,80.31997918834547,0.1677732793522267,0.05,1,quantile,
nhanes_dm,1,1,7,IF race_ethnicity >= 4 THEN high risk,1,0.0635009713398569,3250,42.27367325702394,0.1627692307692307,0.05,1,quantile,
nhanes_dm,1,1,8,IF age >= 40 AND bmi >= 26.8 THEN high risk,1,0.0482470671915601,3476,45.21331945889698,0.2603567318757192,0.05,2,quantile_conjunction,
nhanes_dm,1,1,9,IF age >= 32 AND bmi >= 28.7 THEN high risk,1,0.0461390594651077,3456,44.9531737773153,0.2375578703703703,0.05,2,quantile_conjunction,
nhanes_dm,1,1,10,IF age >= 40 AND triglycerides >= 76 THEN high risk,1,0.0446066352926843,4332,56.34755463059313,0.2375346260387811,0.05,2,quantile_conjunction,
nhanes_dm,1,1,11,IF age >= 40 AND systolic_bp >= 122 THEN high risk,1,0.0438033248718202,3363,43.74349635796046,0.2429378531073446,0.05,2,quantile_conjunction,
nhanes_dm,1,1,12,IF bmi >= 28.7 AND systolic_bp >= 122 THEN high risk,1,0.0430999810103926,2643,34.378251821019774,0.2209610291335603,0.05,2,quantile_conjunction,
nhanes_dm,1,1,13,IF age >= 32 AND ggt >= 21 THEN high risk,1,0.0428173975822737,3674,47.78876170655567,0.2182906913445835,0.05,2,quantile_conjunction,
nhanes_dm,1,1,14,IF age >= 32 AND hdl <= 47 THEN high risk,1,0.0414729446316485,2234,29.0582726326743,0.2538048343777976,0.05,2,quantile_conjunction,
nhanes_dm,1,1,15,IF ggt >= 21 AND triglycerides >= 136 THEN high risk,1,0.0406615974260941,1736,22.58064516129032,0.2350230414746544,0.05,2,quantile_conjunction,
nhanes_dm,1,1,16,IF systolic_bp >= 135.333 AND triglycerides >= 100 THEN high risk,1,0.040409601140009,1077,14.008844953173776,0.2711234911792015,0.05,2,quantile_conjunction,
nhanes_dm,1,1,17,IF ggt >= 24 AND total_cholesterol <= 156 THEN high risk,1,0.0403096067030712,524,6.815816857440167,0.3320610687022901,0.05,2,quantile_conjunction,
nhanes_dm,1,1,18,IF serum_albumin <= 4.1 AND systolic_bp >= 135.333 THEN high risk,1,0.040210617122131,742,9.65140478668054,0.2803234501347709,0.05,2,quantile_conjunction,
nhanes_dm,1,1,19,IF serum_albumin <= 4.1 AND triglycerides >= 76 THEN high risk,1,0.0398905092192361,2503,32.55723204994797,0.2165401518178186,0.05,2,quantile_conjunction,
nhanes_dm,1,1,20,IF ggt >= 24 AND triglycerides >= 183 THEN high risk,1,0.0384942919456385,922,11.992715920915712,0.2700650759219088,0.05,2,quantile_conjunction,
nhanes_dm,1,2,1,IF age >= 49 THEN high risk,1,0.0933366019998347,3869,50.31863701391598,0.2605324373223055,0.05,1,quantile,
nhanes_dm,1,2,2,IF age >= 64 AND total_cholesterol <= 158 THEN high risk,1,0.0677905754805855,399,5.18923136948888,0.5238095238095238,0.05,2,quantile_conjunction,
nhanes_dm,1,2,3,IF systolic_bp >= 122 AND total_cholesterol <= 158 THEN high risk,1,0.0551613440412329,750,9.754194303550529,0.3333333333333333,0.05,2,quantile_conjunction,
nhanes_dm,1,2,4,IF age >= 49 AND triglycerides >= 136 THEN high risk,1,0.0550893004069872,1553,20.19768500455196,0.31809401159047,0.05,2,quantile_conjunction,
nhanes_dm,1,2,5,IF total_cholesterol <= 175 AND triglycerides >= 116 THEN high risk,1,0.054171026128364,995,12.940564442710365,0.3185929648241206,0.05,2,quantile_conjunction,
nhanes_dm,1,2,6,IF age >= 40 AND bmi >= 28.8 THEN high risk,1,0.0521820732075417,2886,37.53413968006243,0.2778932778932779,0.05,2,quantile_conjunction,
nhanes_dm,1,2,7,IF age >= 49 AND systolic_bp >= 126 THEN high risk,1,0.0509491013931379,1937,25.19183248796983,0.2772328342798141,0.05,2,quantile_conjunction,
nhanes_dm,1,2,8,IF serum_albumin <= 3.9 AND total_cholesterol <= 158 THEN high risk,1,0.0487150378085672,498,6.47678501755755,0.3032128514056225,0.05,2,quantile_conjunction,
nhanes_dm,1,2,9,IF age >= 31 AND bmi >= 34.7 THEN high risk,1,0.0480313296896158,1324,17.219404343867865,0.283987915407855,0.05,2,quantile_conjunction,
nhanes_dm,1,2,10,IF hdl <= 41 AND triglycerides >= 76 THEN high risk,1,0.0465375520375858,1578,20.522824814670308,0.2439797211660329,0.05,2,quantile_conjunction,
nhanes_dm,1,2,11,IF bmi >= 30.92 AND triglycerides >= 100 THEN high risk,1,0.0438284238134901,1968,25.595005852516586,0.2515243902439024,0.05,2,quantile_conjunction,
nhanes_dm,1,2,12,IF ggt >= 24 AND hdl <= 55 THEN high risk,1,0.0437703034501489,1939,25.217843672779296,0.2279525528623001,0.05,2,quantile_conjunction,
nhanes_dm,1,2,13,IF ggt >= 34 AND triglycerides >= 185 THEN high risk,1,0.0437628568800839,562,7.309142931460529,0.2811387900355871,0.05,2,quantile_conjunction,
nhanes_dm,1,2,14,IF hdl <= 51 AND systolic_bp >= 118 THEN high risk,1,0.0433440497379265,3025,39.34191702432045,0.2102479338842975,0.05,2,quantile_conjunction,
nhanes_dm,1,2,15,IF age >= 31 AND systolic_bp >= 118 THEN high risk,1,0.0432517376269477,4391,57.10755624918716,0.206331131860624,0.05,2,quantile_conjunction,
nhanes_dm,1,2,16,IF hdl <= 47 AND triglycerides >= 136 THEN high risk,1,0.043197105185862,1701,22.122512680452594,0.2345679012345679,0.05,2,quantile_conjunction,
nhanes_dm,1,2,17,IF ggt >= 24 AND triglycerides >= 116 THEN high risk,1,0.0427903701463525,1793,23.319027181688128,0.2359174567763524,0.05,2,quantile_conjunction,
nhanes_dm,1,2,18,IF serum_albumin <= 4.1 AND triglycerides >= 185 THEN high risk,1,0.0418830596299259,657,8.54467420991026,0.3089802130898021,0.05,2,quantile_conjunction,
nhanes_dm,1,2,19,IF systolic_bp >= 118 AND triglycerides >= 116 THEN high risk,1,0.0413814315381706,3096,40.26531408505657,0.2089793281653746,0.05,2,quantile_conjunction,
nhanes_dm,1,2,20,IF ggt >= 21 AND triglycerides >= 76 THEN high risk,1,0.0408267197976386,3908,50.82585511770061,0.1983111566018423,0.05,2,quantile_conjunction,
nhanes_dm,1,3,1,IF age >= 57 THEN high risk,1,0.0782376290828126,2813,36.58473143451684,0.2879488091006043,0.05,1,quantile,
nhanes_dm,1,3,2,IF age >= 64 THEN high risk,1,0.0767465522239752,1686,21.927428794381584,0.3107947805456702,0.05,1,quantile,
nhanes_dm,1,3,3,IF ggt >= 14 THEN high risk,1,0.0694660856351874,6351,82.59851736246586,0.1744607148480554,0.05,1,quantile,
nhanes_dm,1,3,4,IF diastolic_bp <= 70 THEN high risk,1,0.0687490792456513,2707,35.206138639615034,0.1654968599926117,0.05,1,quantile,
nhanes_dm,1,3,5,IF age >= 57 AND bmi >= 30.9 THEN high risk,1,0.0501883352225746,1006,13.08362595916244,0.3747514910536779,0.05,2,quantile_conjunction,
nhanes_dm,1,3,6,IF age >= 31.6 AND total_cholesterol <= 157 THEN high risk,1,0.0466144160202334,1056,13.733905579399142,0.3683712121212121,0.05,2,quantile_conjunction,
nhanes_dm,1,3,7,IF total_cholesterol <= 157 AND triglycerides >= 115 THEN high risk,1,0.0463940405617218,517,6.723891273247497,0.4158607350096712,0.05,2,quantile_conjunction,
nhanes_dm,1,3,8,IF age >= 31.6 AND bmi >= 26.7 THEN high risk,1,0.0458151257171662,4192,54.51944336064509,0.2325858778625954,0.05,2,quantile_conjunction,
nhanes_dm,1,3,9,IF age >= 57 AND serum_albumin <= 3.9 THEN high risk,1,0.0450384517730385,733,9.533099232670049,0.3246930422919509,0.05,2,quantile_conjunction,
nhanes_dm,1,3,10,IF age >= 40 AND ggt >= 18 THEN high risk,1,0.0444376970040924,3633,47.24931720639875,0.2436003303055326,0.05,2,quantile_conjunction,
nhanes_dm,1,3,11,IF age >= 57 AND ggt >= 21 THEN high risk,1,0.0443604826902729,1729,22.486669267785143,0.3100057836899942,0.05,2,quantile_conjunction,
nhanes_dm,1,3,12,IF bmi >= 26.7 AND serum_albumin <= 3.9 THEN high risk,1,0.0435484862013136,1309,17.02432045779685,0.2467532467532467,0.05,2,quantile_conjunction,
nhanes_dm,1,3,13,IF age >= 57 AND ggt >= 34 THEN high risk,1,0.0432831343740048,596,7.751333073221485,0.3221476510067114,0.05,2,quantile_conjunction,
nhanes_dm,1,3,14,IF serum_albumin <= 3.9 AND systolic_bp >= 126 THEN high risk,1,0.0430302205145763,667,8.674730133957603,0.2743628185907046,0.05,2,quantile_conjunction,
nhanes_dm,1,3,15,IF bmi >= 34.9 AND ggt >= 18 THEN high risk,1,0.0430045519223138,1137,14.7873585641826,0.2735268249780123,0.05,2,quantile_conjunction,
nhanes_dm,1,3,16,IF hdl <= 51 AND triglycerides >= 76 THEN high risk,1,0.0424994028498653,4027,52.37352061386397,0.1986590514030295,0.05,2,quantile_conjunction,
nhanes_dm,1,3,17,IF ggt >= 34 AND systolic_bp >= 126 THEN high risk,1,0.042426753147176,732,9.520093640265316,0.2377049180327868,0.05,2,quantile_conjunction,
nhanes_dm,1,3,18,IF bmi >= 28.7 AND systolic_bp >= 117.667 THEN high risk,1,0.0421612075746909,2943,38.275458447132266,0.2201834862385321,0.05,2,quantile_conjunction,
nhanes_dm,1,3,19,IF ggt >= 34 AND systolic_bp >= 122 THEN high risk,1,0.0421117726650581,983,12.784497333853556,0.2278738555442523,0.05,2,quantile_conjunction,
nhanes_dm,1,3,20,IF age >= 40 AND triglycerides >= 185 THEN high risk,1,0.0418865755742741,1164,15.138509559110416,0.2955326460481099,0.05,2,quantile_conjunction,
nhanes_dm,1,4,1,IF total_cholesterol <= 157 THEN high risk,1,0.071640974560778,1549,20.14566263493302,0.2459651387992253,0.05,1,quantile,
nhanes_dm,1,4,2,IF bmi >= 28.7 THEN high risk,1,0.0693241421720727,4147,53.934191702432045,0.2042440318302387,0.05,1,quantile,
nhanes_dm,1,4,3,IF uric_acid >= 6.4 THEN high risk,1,0.0663745283306547,1636,21.27714917414488,0.1919315403422982,0.05,1,quantile,
nhanes_dm,1,4,4,IF ast <= 19 THEN high risk,1,0.0648784206985479,2790,36.28560280920796,0.1691756272401433,0.05,1,quantile,
nhanes_dm,1,4,5,IF alt >= 14 THEN high risk,1,0.0646121329442438,6312,82.09129925868123,0.1649239543726235,0.05,1,quantile,
nhanes_dm,1,4,6,IF age >= 57 AND bmi >= 28.7 THEN high risk,1,0.0517266904707881,1565,20.353752113408767,0.3469648562300319,0.05,2,quantile_conjunction,
nhanes_dm,1,4,7,IF age >= 41 AND hdl <= 51 THEN high risk,1,0.0491755282377224,2826,36.75380413577838,0.2788393489030432,0.05,2,quantile_conjunction,
nhanes_dm,1,4,8,IF age >= 64 AND systolic_bp >= 118 THEN high risk,1,0.0479281574902659,1368,17.79165040967616,0.3099415204678362,0.05,2,quantile_conjunction,
nhanes_dm,1,4,9,IF age >= 49 AND systolic_bp >= 118 THEN high risk,1,0.0476445329560217,3051,39.68006242684354,0.2645034414945919,0.05,2,quantile_conjunction,
nhanes_dm,1,4,10,IF age >= 41 AND serum_albumin <= 4.1 THEN high risk,1,0.0464100377245237,2328,30.27701911822083,0.2581615120274914,0.05,2,quantile_conjunction,
nhanes_dm,1,4,11,IF bmi >= 30.9 AND triglycerides >= 101 THEN high risk,1,0.0463379649472528,1996,25.959162439849138,0.2469939879759519,0.05,2,quantile_conjunction,
nhanes_dm,1,4,12,IF bmi >= 30.9 AND total_cholesterol <= 185 THEN high risk,1,0.0448531308516895,1464,19.04018728053063,0.2739071038251366,0.05,2,quantile_conjunction,
nhanes_dm,1,4,13,IF age >= 31 AND triglycerides >= 117 THEN high risk,1,0.0428756465665952,3732,48.53687085446742,0.2229367631296891,0.05,2,quantile_conjunction,
nhanes_dm,1,4,14,IF total_cholesterol <= 185 AND triglycerides >= 117 THEN high risk,1,0.042299431345472,2247,29.22356613343738,0.240320427236315,0.05,2,quantile_conjunction,
nhanes_dm,1,4,15,IF bmi >= 26.8 AND triglycerides >= 117 THEN high risk,1,0.0421056074724253,3257,42.35921446221875,0.2167638931532085,0.05,2,quantile_conjunction,
nhanes_dm,1,4,16,IF age >= 41 AND serum_albumin <= 3.9 THEN high risk,1,0.0416193521191085,1324,17.219404343867865,0.2764350453172205,0.05,2,quantile_conjunction,
nhanes_dm,1,4,17,IF ggt >= 34 AND triglycerides >= 137 THEN high risk,1,0.0413039572510729,889,11.56197164780856,0.2688413948256468,0.05,2,quantile_conjunction,
nhanes_dm,1,4,18,IF systolic_bp >= 136 AND triglycerides >= 117 THEN high risk,1,0.0399303713402678,924,12.017167381974248,0.2683982683982684,0.05,2,quantile_conjunction,
nhanes_dm,1,4,19,IF ggt >= 21 AND systolic_bp >= 136 THEN high risk,1,0.0398565504970431,1009,13.12264273637664,0.2517343904856293,0.05,2,quantile_conjunction,
nhanes_dm,1,4,20,IF ggt >= 34 AND systolic_bp >= 136 THEN high risk,1,0.039102842023453,439,5.709455065678242,0.2892938496583143,0.05,2,quantile_conjunction,
nhanes_dm,1,5,1,IF total_cholesterol <= 157 THEN high risk,1,0.0703705906613183,1567,20.379763298218236,0.2539885130823229,0.05,1,quantile,
nhanes_dm,1,5,2,IF ggt >= 14 THEN high risk,1,0.0674218279187924,6360,82.71556769410847,0.1716981132075471,0.05,1,quantile,
nhanes_dm,1,5,3,IF systolic_bp >= 117.333 THEN high risk,1,0.0673677996637709,5088,66.17245415528677,0.1827830188679245,0.05,1,quantile,
nhanes_dm,1,5,4,IF uric_acid >= 5.7 THEN high risk,1,0.067132850943898,2751,35.778384705423335,0.1762995274445656,0.05,1,quantile,
nhanes_dm,1,5,5,IF diastolic_bp <= 70 THEN high risk,1,0.0665212439877457,2712,35.271166601638704,0.1640855457227138,0.05,1,quantile,
nhanes_dm,1,5,6,IF age >= 49 AND bmi >= 28.8 THEN high risk,1,0.0511399910457135,2216,28.820392768890624,0.3235559566787003,0.05,2,quantile_conjunction,
nhanes_dm,1,5,7,IF age >= 57 AND total_cholesterol <= 157 THEN high risk,1,0.045858706633168,612,7.95942255169723,0.4967320261437908,0.05,2,quantile_conjunction,
nhanes_dm,1,5,8,IF bmi >= 28.8 AND systolic_bp >= 126 THEN high risk,1,0.0456663305627758,1510,19.638444531148394,0.271523178807947,0.05,2,quantile_conjunction,
nhanes_dm,1,5,9,IF bmi >= 31 AND systolic_bp >= 121.667 THEN high risk,1,0.0453697264879134,1592,20.704903108336584,0.2631909547738693,0.05,2,quantile_conjunction,
nhanes_dm,1,5,10,IF bmi >= 34.8 AND triglycerides >= 116 THEN high risk,1,0.045048334600378,951,12.368318376902067,0.288117770767613,0.05,2,quantile_conjunction,
nhanes_dm,1,5,11,IF age >= 32 AND bmi >= 26.8 THEN high risk,1,0.0450383647106365,4192,54.51944336064509,0.2359255725190839,0.05,2,quantile_conjunction,
nhanes_dm,1,5,12,IF age >= 32 AND triglycerides >= 135 THEN high risk,1,0.0448306975233746,2368,30.7972428144102,0.2364864864864864,0.05,2,quantile_conjunction,
nhanes_dm,1,5,13,IF bmi >= 31 AND systolic_bp >= 135.333 THEN high risk,1,0.0447134768718314,646,8.401612693458187,0.3111455108359133,0.05,2,quantile_conjunction,
nhanes_dm,1,5,14,IF age >= 49 AND hdl <= 47 THEN high risk,1,0.0440473589974866,1359,17.674600078033553,0.351729212656365,0.05,2,quantile_conjunction,
nhanes_dm,1,5,15,IF bmi >= 24.2 AND triglycerides >= 135 THEN high risk,1,0.0430721784228261,2381,30.966315515671734,0.2209155816883662,0.05,2,quantile_conjunction,
nhanes_dm,1,5,16,IF bmi >= 26.8 AND systolic_bp >= 121.667 THEN high risk,1,0.0423066686780196,3096,40.26531408505657,0.2228682170542635,0.05,2,quantile_conjunction,
nhanes_dm,1,5,17,IF ggt >= 24 AND total_cholesterol <= 157 THEN high risk,1,0.0412440306293645,526,6.840941604890102,0.3193916349809886,0.05,2,quantile_conjunction,
nhanes_dm,1,5,18,IF bmi >= 24.2 AND ggt >= 34 THEN high risk,1,0.0410613337966311,1340,17.427493822343607,0.2313432835820895,0.05,2,quantile_conjunction,
nhanes_dm,1,5,19,IF hdl <= 41 AND serum_albumin <= 4.1 THEN high risk,1,0.041020037098531,824,10.716608141500846,0.2961165048543689,0.05,2,quantile_conjunction,
nhanes_dm,1,5,20,IF ggt >= 24 AND hdl <= 41 THEN high risk,1,0.0407684507658236,917,11.92612823514111,0.2551799345692475,0.05,2,quantile_conjunction,
nhanes_dm,2,1,1,IF hdl <= 51 THEN high risk,1,0.0677234931377126,4439,57.73933402705516,0.1928362243748592,0.05,1,quantile,
nhanes_dm,2,1,2,IF ast <= 17 THEN high risk,1,0.0674790135413108,1856,24.14151925078044,0.1858836206896551,0.05,1,quantile,
nhanes_dm,2,1,3,IF bmi >= 34.6 THEN high risk,1,0.0670532526175678,1540,20.031217481789803,0.2597402597402597,0.05,1,quantile,
nhanes_dm,2,1,4,IF alt >= 14 THEN high risk,1,0.0664078312608359,6284,81.73777315296566,0.1631126670910248,0.05,1,quantile,
nhanes_dm,2,1,5,IF ast <= 21 THEN high risk,1,0.0662175486768728,4661,60.62695109261186,0.1594078523921905,0.05,1,quantile,
nhanes_dm,2,1,6,IF age >= 48 AND bmi >= 30.755 THEN high risk,1,0.0531442930181789,1443,18.769510926118627,0.3534303534303534,0.05,2,quantile_conjunction,
nhanes_dm,2,1,7,IF age >= 64 AND bmi >= 26.7 THEN high risk,1,0.0486236892803215,1147,14.919354838709678,0.3870967741935484,0.05,2,quantile_conjunction,
nhanes_dm,2,1,8,IF age >= 48 AND systolic_bp >= 125.667 THEN high risk,1,0.0478057879350183,1963,25.533298647242457,0.2684666327050433,0.05,2,quantile_conjunction,
nhanes_dm,2,1,9,IF bmi >= 30.755 AND systolic_bp >= 121.333 THEN high risk,1,0.0465240202054322,1607,20.90270551508845,0.2576228998133167,0.05,2,quantile_conjunction,
nhanes_dm,2,1,10,IF age >= 40 AND triglycerides >= 115 THEN high risk,1,0.0461905661691928,3083,40.10145681581685,0.2517028867985728,0.05,2,quantile_conjunction,
nhanes_dm,2,1,11,IF age >= 31 AND hdl <= 41 THEN high risk,1,0.0435308007887172,1370,17.81997918834547,0.2832116788321168,0.05,2,quantile_conjunction,
nhanes_dm,2,1,12,IF age >= 31 AND total_cholesterol <= 184 THEN high risk,1,0.0431340181080776,3249,42.26066597294485,0.244998461064943,0.05,2,quantile_conjunction,
nhanes_dm,2,1,13,IF age >= 31 AND hdl <= 47 THEN high risk,1,0.0429227388489805,2288,29.76066597294485,0.2583041958041958,0.05,2,quantile_conjunction,
nhanes_dm,2,1,14,IF bmi >= 28.7 AND total_cholesterol <= 184 THEN high risk,1,0.0426589734519584,2356,30.64516129032258,0.247453310696095,0.05,2,quantile_conjunction,
nhanes_dm,2,1,15,IF hdl <= 51 AND total_cholesterol <= 174 THEN high risk,1,0.0425434896278342,1554,20.213319458896983,0.2631917631917632,0.05,2,quantile_conjunction,
nhanes_dm,2,1,16,IF systolic_bp >= 121.333 AND total_cholesterol <= 184 THEN high risk,1,0.0421007022612401,2399,31.204474505723205,0.2375989995831596,0.05,2,quantile_conjunction,
nhanes_dm,2,1,17,IF bmi >= 26.7 AND ggt >= 18 THEN high risk,1,0.0420267589113864,3677,47.82778355879292,0.2205602393255371,0.05,2,quantile_conjunction,
nhanes_dm,2,1,18,IF bmi >= 34.6 AND systolic_bp >= 135 THEN high risk,1,0.0415518468399453,389,5.059833506763788,0.3213367609254499,0.05,2,quantile_conjunction,
nhanes_dm,2,1,19,IF systolic_bp >= 121.333 AND triglycerides >= 184 THEN high risk,1,0.0414639030627664,993,12.916233090530696,0.255790533736153,0.05,2,quantile_conjunction,
nhanes_dm,2,1,20,IF bmi >= 34.6 AND hdl <= 47 THEN high risk,1,0.0408972722566494,791,10.288761706555672,0.2831858407079646,0.05,2,quantile_conjunction,
nhanes_dm,2,2,1,IF ggt >= 33 THEN high risk,1,0.0782233977621888,1594,20.730914293146053,0.2239648682559598,0.05,1,quantile,
nhanes_dm,2,2,2,IF ast >= 26 THEN high risk,1,0.0763378467003371,1727,22.46065808297568,0.1713954834973943,0.05,1,quantile,
nhanes_dm,2,2,3,IF age >= 49 AND triglycerides >= 182 THEN high risk,1,0.0480940235780772,886,11.522954870594356,0.3521444695259593,0.05,2,quantile_conjunction,
nhanes_dm,2,2,4,IF age >= 65 AND triglycerides >= 134 THEN high risk,1,0.0479022860187973,593,7.712316296007284,0.3827993254637437,0.05,2,quantile_conjunction,
nhanes_dm,2,2,5,IF systolic_bp >= 126.333 AND total_cholesterol <= 157 THEN high risk,1,0.0477085556407208,490,6.372740278319677,0.3897959183673469,0.05,2,quantile_conjunction,
nhanes_dm,2,2,6,IF serum_albumin <= 4.1 AND systolic_bp >= 135.667 THEN high risk,1,0.0475980577384048,749,9.741188711145792,0.2870493991989319,0.05,2,quantile_conjunction,
nhanes_dm,2,2,7,IF bmi >= 26.7 AND systolic_bp >= 118 THEN high risk,1,0.0474041729565322,3562,46.32592014566264,0.2181358787198203,0.05,2,quantile_conjunction,
nhanes_dm,2,2,8,IF bmi >= 26.7 AND triglycerides >= 100 THEN high risk,1,0.0473171567737684,3671,47.74352971777864,0.2214655407245982,0.05,2,quantile_conjunction,
nhanes_dm,2,2,9,IF bmi >= 34.7 AND hdl <= 55 THEN high risk,1,0.0473122597241656,1204,15.658733255299778,0.2749169435215947,0.05,2,quantile_conjunction,
nhanes_dm,2,2,10,IF ggt >= 33 AND systolic_bp >= 135.667 THEN high risk,1,0.0472620852540634,447,5.813499804916114,0.2841163310961969,0.05,2,quantile_conjunction,
nhanes_dm,2,2,11,IF bmi >= 28.7 AND triglycerides >= 134 THEN high risk,1,0.0471099602646938,1659,21.576277799453766,0.2658227848101265,0.05,2,quantile_conjunction,
nhanes_dm,2,2,12,IF bmi >= 24.1 AND triglycerides >= 182 THEN high risk,1,0.0467288652130834,1401,18.220834959032384,0.2462526766595289,0.05,2,quantile_conjunction,
nhanes_dm,2,2,13,IF bmi >= 30.9 AND hdl <= 55 THEN high risk,1,0.0466816296671465,2033,26.44036935882429,0.2528283325135268,0.05,2,quantile_conjunction,
nhanes_dm,2,2,14,IF bmi >= 30.9 AND triglycerides >= 115 THEN high risk,1,0.0465890596044451,1710,22.2395630120952,0.2695906432748538,0.05,2,quantile_conjunction,
nhanes_dm,2,2,15,IF ggt >= 24 AND hdl <= 47 THEN high risk,1,0.0464661188451263,1357,17.648588893224087,0.2579218865143699,0.05,2,quantile_conjunction,
nhanes_dm,2,2,16,IF systolic_bp >= 122 AND total_cholesterol <= 184 THEN high risk,1,0.0464039074415295,2420,31.47353361945637,0.2380165289256198,0.05,2,quantile_conjunction,
nhanes_dm,2,2,17,IF ggt >= 24 AND systolic_bp >= 122 THEN high risk,1,0.0464011655216934,1720,22.36961893614254,0.2226744186046511,0.05,2,quantile_conjunction,
nhanes_dm,2,2,18,IF hdl <= 41 AND serum_albumin <= 3.9 THEN high risk,1,0.0463066455506292,422,5.488359994797763,0.3483412322274881,0.05,2,quantile_conjunction,
nhanes_dm,2,2,19,IF ggt >= 24 AND triglycerides >= 134 THEN high risk,1,0.0462854997504434,1486,19.326310313434774,0.2402422611036339,0.05,2,quantile_conjunction,
nhanes_dm,2,2,20,IF age >= 57 AND serum_albumin <= 4.1 THEN high risk,1,0.0458673059941531,1374,17.869683964104567,0.3078602620087336,0.05,2,quantile_conjunction,
nhanes_dm,2,3,1,IF serum_albumin <= 4.1 THEN high risk,1,0.0694967935903857,3161,41.110677591364286,0.2002530844669408,0.05,1,quantile,
nhanes_dm,2,3,2,IF total_cholesterol <= 185 THEN high risk,1,0.0683129546827012,4355,56.639354922616725,0.1898966704936854,0.05,1,quantile,
nhanes_dm,2,3,3,IF race_ethnicity <= 2 THEN high risk,1,0.067383262130155,2030,26.40135258161009,0.1866995073891625,0.05,1,quantile,
nhanes_dm,2,3,4,IF uric_acid >= 4.9 THEN high risk,1,0.0672550523404098,5104,66.38054363376253,0.1653605015673981,0.05,1,quantile,
nhanes_dm,2,3,5,IF age >= 49 AND bmi >= 24.1 THEN high risk,1,0.0536297845638781,3281,42.67134867993237,0.2828405973788479,0.05,2,quantile_conjunction,
nhanes_dm,2,3,6,IF age >= 57 AND bmi >= 28.7 THEN high risk,1,0.052354417231018,1534,19.95057874886201,0.3644067796610169,0.05,2,quantile_conjunction,
nhanes_dm,2,3,7,IF age >= 41 AND bmi >= 31.02 THEN high risk,1,0.0522962457226309,1818,23.644166991806475,0.3151815181518151,0.05,2,quantile_conjunction,
nhanes_dm,2,3,8,IF bmi >= 28.7 AND total_cholesterol <= 175 THEN high risk,1,0.0468701416967764,1390,18.07777344258031,0.302158273381295,0.05,2,quantile_conjunction,
nhanes_dm,2,3,9,IF age >= 57 AND triglycerides >= 115 THEN high risk,1,0.045946120743968,1708,22.21355182728573,0.3266978922716627,0.05,2,quantile_conjunction,
nhanes_dm,2,3,10,IF age >= 41 AND ggt >= 34 THEN high risk,1,0.0458947992178279,1146,14.904408895825206,0.2748691099476439,0.05,2,quantile_conjunction,
nhanes_dm,2,3,11,IF age >= 41 AND serum_albumin <= 3.9 THEN high risk,1,0.0451040852376443,1278,16.621147093250098,0.2848200312989045,0.05,2,quantile_conjunction,
nhanes_dm,2,3,12,IF bmi >= 28.7 AND triglycerides >= 135 THEN high risk,1,0.0448571333642039,1694,22.03147353361945,0.256198347107438,0.05,2,quantile_conjunction,
nhanes_dm,2,3,13,IF serum_albumin <= 4.1 AND triglycerides >= 100 THEN high risk,1,0.04395068777572,1930,25.10079334113669,0.2414507772020725,0.05,2,quantile_conjunction,
nhanes_dm,2,3,14,IF bmi >= 31.02 AND systolic_bp >= 135 THEN high risk,1,0.043942379977271,647,8.414618285862922,0.2905718701700154,0.05,2,quantile_conjunction,
nhanes_dm,2,3,15,IF bmi >= 31.02 AND ggt >= 34 THEN high risk,1,0.0439154315031699,709,9.22096501495643,0.2849083215796897,0.05,2,quantile_conjunction,
nhanes_dm,2,3,16,IF bmi >= 31.02 AND hdl <= 55 THEN high risk,1,0.0431367796716646,2063,26.830537130966317,0.2447891420261754,0.05,2,quantile_conjunction,
nhanes_dm,2,3,17,IF bmi >= 24.1 AND hdl <= 47 THEN high risk,1,0.0426099084912263,2523,32.813109637143974,0.2191835116924296,0.05,2,quantile_conjunction,
nhanes_dm,2,3,18,IF hdl <= 41 AND systolic_bp >= 135 THEN high risk,1,0.0413127082865976,353,4.590974118871115,0.3059490084985836,0.05,2,quantile_conjunction,
nhanes_dm,2,3,19,IF bmi >= 24.1 AND hdl <= 55 THEN high risk,1,0.0413095051942006,4452,57.90089738587593,0.1967654986522911,0.05,2,quantile_conjunction,
nhanes_dm,2,3,20,IF ggt >= 24 AND triglycerides >= 135 THEN high risk,1,0.0404218085785499,1508,19.612433346338925,0.2473474801061008,0.05,2,quantile_conjunction,
nhanes_dm,2,4,1,IF age >= 57 THEN high risk,1,0.0720192672045764,2821,36.68877617375472,0.2906770648706132,0.05,1,quantile,
nhanes_dm,2,4,2,IF bmi >= 26.8 THEN high risk,1,0.0668397312685878,5034,65.47015216543114,0.1970599920540325,0.05,1,quantile,
nhanes_dm,2,4,3,IF systolic_bp >= 126 THEN high risk,1,0.0649672613438872,2717,35.336194563662374,0.2278248067721752,0.05,1,quantile,
nhanes_dm,2,4,4,IF ggt >= 21 THEN high risk,1,0.0648529869075273,4425,57.54974639094811,0.183728813559322,0.05,1,quantile,
nhanes_dm,2,4,5,IF ggt >= 14 THEN high risk,1,0.0645145320521771,6351,82.59851736246586,0.1714690599905526,0.05,1,quantile,
nhanes_dm,2,4,6,IF diastolic_bp <= 70 THEN high risk,1,0.064299377338911,2730,35.50526726492392,0.1699633699633699,0.05,1,quantile,
nhanes_dm,2,4,7,IF race_ethnicity >= 4 THEN high risk,1,0.0639169183079439,3252,42.29418650019509,0.1623616236162361,0.05,1,quantile,
nhanes_dm,2,4,8,IF age >= 49 AND hdl <= 47 THEN high risk,1,0.0438130352274787,1364,17.739628040057227,0.3511730205278592,0.05,2,quantile_conjunction,
nhanes_dm,2,4,9,IF total_cholesterol <= 175 AND triglycerides >= 100 THEN high risk,1,0.0436477467020053,1277,16.608141500845363,0.3202819107282694,0.05,2,quantile_conjunction,
nhanes_dm,2,4,10,IF age >= 41 AND bmi >= 24.2 THEN high risk,1,0.0433257437072583,4175,54.2983482897646,0.2479041916167664,0.05,2,quantile_conjunction,
nhanes_dm,2,4,11,IF age >= 41 AND serum_albumin <= 4.1 THEN high risk,1,0.0428878062900587,2348,30.53713096631552,0.2568143100511073,0.05,2,quantile_conjunction,
nhanes_dm,2,4,12,IF bmi >= 34.5 AND total_cholesterol <= 157 THEN high risk,1,0.0422016482726857,355,4.616985303680583,0.3915492957746478,0.05,2,quantile_conjunction,
nhanes_dm,2,4,13,IF bmi >= 30.9 AND serum_albumin <= 4.1 THEN high risk,1,0.0416753807815611,1575,20.483808037456104,0.2526984126984127,0.05,2,quantile_conjunction,
nhanes_dm,2,4,14,IF ggt >= 18 AND hdl <= 41 THEN high risk,1,0.041292833759422,1288,16.75120301729744,0.2554347826086957,0.05,2,quantile_conjunction,
nhanes_dm,2,4,15,IF serum_albumin <= 4.1 AND total_cholesterol <= 185 THEN high risk,1,0.0408934242566363,1750,22.75978670828456,0.2365714285714285,0.05,2,quantile_conjunction,
nhanes_dm,2,4,16,IF age >= 32 AND systolic_bp >= 135.333 THEN high risk,1,0.0406711621725571,1500,19.50838860710105,0.2633333333333333,0.05,2,quantile_conjunction,
nhanes_dm,2,4,17,IF ggt >= 18 AND triglycerides >= 137 THEN high risk,1,0.0405242645499275,2053,26.700481206918976,0.2323429128105212,0.05,2,quantile_conjunction,
nhanes_dm,2,4,18,IF systolic_bp >= 117.667 AND triglycerides >= 117 THEN high risk,1,0.0395862660415512,3092,40.213291715437634,0.204398447606727,0.05,2,quantile_conjunction,
nhanes_dm,2,4,19,IF systolic_bp >= 122 AND total_cholesterol <= 185 THEN high risk,1,0.0395231800666734,2386,31.03134347769541,0.2367979882648784,0.05,2,quantile_conjunction,
nhanes_dm,2,4,20,IF ggt >= 21 AND systolic_bp >= 122 THEN high risk,1,0.0385474337485731,2843,36.97489920665886,0.2033063665142455,0.05,2,quantile_conjunction,
nhanes_dm,2,5,1,IF triglycerides >= 100 THEN high risk,1,0.0713654578688489,5018,65.26206268695539,0.1883220406536468,0.05,1,quantile,
nhanes_dm,2,5,2,IF hdl <= 55 THEN high risk,1,0.0705680605069671,5109,66.44557159578619,0.1822274417694265,0.05,1,quantile,
nhanes_dm,2,5,3,IF ggt >= 21 THEN high risk,1,0.0686916453322969,4419,57.47171283651971,0.186693822131704,0.05,1,quantile,
nhanes_dm,2,5,4,IF age >= 57 AND bmi >= 26.8 THEN high risk,1,0.0551449596623726,1869,24.307452204447912,0.3456393793472445,0.05,2,quantile_conjunction,
nhanes_dm,2,5,5,IF age >= 40 AND triglycerides >= 184 THEN high risk,1,0.0541026842660475,1164,15.138509559110416,0.2955326460481099,0.05,2,quantile_conjunction,
nhanes_dm,2,5,6,IF age >= 49 AND triglycerides >= 116 THEN high risk,1,0.0513250504865725,2392,31.109377032123813,0.2918060200668896,0.05,2,quantile_conjunction,
nhanes_dm,2,5,7,IF age >= 57 AND bmi >= 30.9 THEN high risk,1,0.0497295599601838,1005,13.070620366757709,0.3850746268656716,0.05,2,quantile_conjunction,
nhanes_dm,2,5,8,IF age >= 31 AND total_cholesterol <= 174.8 THEN high risk,1,0.0491672495071208,1963,25.529977890492912,0.2852776362710137,0.05,2,quantile_conjunction,
nhanes_dm,2,5,9,IF age >= 57 AND bmi >= 28.7 THEN high risk,1,0.0485045716895308,1533,19.93757315645728,0.3555120678408349,0.05,2,quantile_conjunction,
nhanes_dm,2,5,10,IF systolic_bp >= 118 AND triglycerides >= 184 THEN high risk,1,0.0473593369096663,1093,14.2151124983743,0.2589204025617566,0.05,2,quantile_conjunction,
nhanes_dm,2,5,11,IF age >= 65 AND systolic_bp >= 118 THEN high risk,1,0.0470878059451198,1270,16.517102354012223,0.3165354330708661,0.05,2,quantile_conjunction,
nhanes_dm,2,5,12,IF age >= 31 AND hdl <= 55 THEN high risk,1,0.0457474814964582,4185,54.428404213811945,0.217921146953405,0.05,2,quantile_conjunction,
nhanes_dm,2,5,13,IF systolic_bp >= 122 AND triglycerides >= 116 THEN high risk,1,0.0442260749034562,2735,35.570295226947586,0.2138939670932358,0.05,2,quantile_conjunction,
nhanes_dm,2,5,14,IF ggt >= 18 AND total_cholesterol <= 157 THEN high risk,1,0.0438023447730466,882,11.47093250097542,0.2959183673469387,0.05,2,quantile_conjunction,
nhanes_dm,2,5,15,IF bmi >= 34.7 AND total_cholesterol <= 157 THEN high risk,1,0.0434088969627025,358,4.656002080894785,0.3938547486033519,0.05,2,quantile_conjunction,
nhanes_dm,2,5,16,IF hdl <= 55 AND serum_albumin <= 4.1 THEN high risk,1,0.0426308952441218,2036,26.479386136038496,0.2382121807465619,0.05,2,quantile_conjunction,
nhanes_dm,2,5,17,IF hdl <= 51 AND total_cholesterol <= 157 THEN high risk,1,0.0425119230860985,979,12.732474964234624,0.2921348314606741,0.05,2,quantile_conjunction,
nhanes_dm,2,5,18,IF hdl <= 47 AND total_cholesterol <= 157 THEN high risk,1,0.0424921071854908,776,10.092339706073613,0.3079896907216495,0.05,2,quantile_conjunction,
nhanes_dm,2,5,19,IF ggt >= 34 AND systolic_bp >= 118 THEN high risk,1,0.0412660940608219,1135,14.76134737937313,0.2361233480176211,0.05,2,quantile_conjunction,
nhanes_dm,2,5,20,IF bmi >= 24.1 AND serum_albumin <= 3.9 THEN high risk,1,0.0408678001530756,1549,20.14566263493302,0.2459651387992253,0.05,2,quantile_conjunction,
nhanes_dm,3,1,1,IF hdl <= 47 THEN high risk,1,0.0750366389595935,2752,35.796045785639954,0.2107558139534883,0.05,1,quantile,
nhanes_dm,3,1,2,IF age >= 57 AND total_cholesterol <= 175 THEN high risk,1,0.0731285471298258,987,12.838189386056191,0.4376899696048632,0.05,2,quantile_conjunction,
nhanes_dm,3,1,3,IF age >= 49 AND hdl <= 55 THEN high risk,1,0.0603366560464777,2505,32.58324661810614,0.3069860279441118,0.05,2,quantile_conjunction,
nhanes_dm,3,1,4,IF age >= 31 AND total_cholesterol <= 175 THEN high risk,1,0.0570987177717578,2010,26.144640998959417,0.2870646766169154,0.05,2,quantile_conjunction,
nhanes_dm,3,1,5,IF age >= 64 AND hdl <= 55 THEN high risk,1,0.0517424878655817,1086,14.125910509885536,0.3775322283609576,0.05,2,quantile_conjunction,
nhanes_dm,3,1,6,IF age >= 31 AND hdl <= 41 THEN high risk,1,0.0503340852400929,1372,17.845993756503642,0.2813411078717201,0.05,2,quantile_conjunction,
nhanes_dm,3,1,7,IF total_cholesterol <= 185 AND triglycerides >= 99 THEN high risk,1,0.05009222824132,2603,33.8579604578564,0.2270457164809834,0.05,2,quantile_conjunction,
nhanes_dm,3,1,8,IF serum_albumin <= 3.9 AND total_cholesterol <= 185 THEN high risk,1,0.0487856352571952,993,12.916233090530696,0.2467270896273917,0.05,2,quantile_conjunction,
nhanes_dm,3,1,9,IF bmi >= 26.8 AND serum_albumin <= 3.9 THEN high risk,1,0.0486851823240621,1333,17.338709677419356,0.2400600150037509,0.05,2,quantile_conjunction,
nhanes_dm,3,1,10,IF ggt >= 24 AND total_cholesterol <= 185 THEN high risk,1,0.0467191031798648,1219,15.855879292403744,0.2830188679245283,0.05,2,quantile_conjunction,
nhanes_dm,3,1,11,IF ggt >= 34 AND total_cholesterol <= 157 THEN high risk,1,0.0452302026034848,284,3.6940686784599377,0.3838028169014084,0.05,2,quantile_conjunction,
nhanes_dm,3,1,12,IF age >= 31 AND triglycerides >= 115 THEN high risk,1,0.0451499082845578,3758,48.88137356919875,0.2179350718467269,0.05,2,quantile_conjunction,
nhanes_dm,3,1,13,IF hdl <= 51 AND systolic_bp >= 126 THEN high risk,1,0.0444240243884245,1497,19.471904266389178,0.2618570474281897,0.05,2,quantile_conjunction,
nhanes_dm,3,1,14,IF ggt >= 34 AND total_cholesterol <= 175 THEN high risk,1,0.0444039868682924,484,6.295525494276795,0.3533057851239669,0.05,2,quantile_conjunction,
nhanes_dm,3,1,15,IF bmi >= 34.6 AND ggt >= 24 THEN high risk,1,0.0440234612271958,726,9.443288241415193,0.2809917355371901,0.05,2,quantile_conjunction,
nhanes_dm,3,1,16,IF hdl <= 51 AND triglycerides >= 136 THEN high risk,1,0.0436979775524831,2004,26.06659729448491,0.2345309381237525,0.05,2,quantile_conjunction,
nhanes_dm,3,1,17,IF bmi >= 24.1 AND systolic_bp >= 122 THEN high risk,1,0.0430990622506758,3689,47.983870967741936,0.2111683383030631,0.05,2,quantile_conjunction,
nhanes_dm,3,1,18,IF bmi >= 26.8 AND ggt >= 34 THEN high risk,1,0.0428413763112787,1147,14.919354838709678,0.2598081952920663,0.05,2,quantile_conjunction,
nhanes_dm,3,1,19,IF ggt >= 34 AND triglycerides >= 136 THEN high risk,1,0.0426350902881513,866,11.264308012486993,0.2586605080831409,0.05,2,quantile_conjunction,
nhanes_dm,3,1,20,IF systolic_bp >= 126 AND triglycerides >= 185 THEN high risk,1,0.0425356282096837,694,9.027055150884497,0.2853025936599423,0.05,2,quantile_conjunction,
nhanes_dm,3,2,1,IF uric_acid >= 5.3 THEN high risk,1,0.0676243277667195,4388,57.06853947197295,0.1686417502278942,0.05,1,quantile,
nhanes_dm,3,2,2,IF serum_albumin <= 4.3 THEN high risk,1,0.0670857072146712,5629,73.20847964624788,0.1739207674542547,0.05,1,quantile,
nhanes_dm,3,2,3,IF total_cholesterol <= 185 THEN high risk,1,0.067069468023539,4334,56.36623748211731,0.1855099215505307,0.05,1,quantile,
nhanes_dm,3,2,4,IF triglycerides >= 77 THEN high risk,1,0.0664785767369487,6176,80.3225386916374,0.1768134715025906,0.05,1,quantile,
nhanes_dm,3,2,5,IF age >= 49 AND total_cholesterol <= 174 THEN high risk,1,0.0618627168818186,1233,16.035895435037066,0.4079480940794809,0.05,2,quantile_conjunction,
nhanes_dm,3,2,6,IF age >= 57 AND bmi >= 24.1 THEN high risk,1,0.0515750563948852,2361,30.706203667577057,0.3180855569673867,0.05,2,quantile_conjunction,
nhanes_dm,3,2,7,IF bmi >= 34.6 AND total_cholesterol <= 156 THEN high risk,1,0.0483334018037873,355,4.616985303680583,0.3915492957746478,0.05,2,quantile_conjunction,
nhanes_dm,3,2,8,IF systolic_bp >= 135.333 AND total_cholesterol <= 156 THEN high risk,1,0.0478430192857338,282,3.667577058134998,0.4042553191489361,0.05,2,quantile_conjunction,
nhanes_dm,3,2,9,IF age >= 40 AND bmi >= 28.7 THEN high risk,1,0.0472297676956076,2871,37.33905579399141,0.2751654475792406,0.05,2,quantile_conjunction,
nhanes_dm,3,2,10,IF bmi >= 30.8 AND total_cholesterol <= 156 THEN high risk,1,0.0470122844838577,606,7.881388997268826,0.3564356435643564,0.05,2,quantile_conjunction,
nhanes_dm,3,2,11,IF age >= 49 AND serum_albumin <= 4.1 THEN high risk,1,0.0456546668465595,1854,24.1123683183769,0.2891046386192017,0.05,2,quantile_conjunction,
nhanes_dm,3,2,12,IF age >= 49 AND triglycerides >= 101 THEN high risk,1,0.0451151967510218,2783,36.194563662374826,0.2874595759971254,0.05,2,quantile_conjunction,
nhanes_dm,3,2,13,IF age >= 65 AND triglycerides >= 117 THEN high risk,1,0.0449866487831187,941,12.238262452854729,0.3719447396386822,0.05,2,quantile_conjunction,
nhanes_dm,3,2,14,IF serum_albumin <= 3.9 AND total_cholesterol <= 156 THEN high risk,1,0.0435470301862907,457,5.943555728963455,0.3063457330415755,0.05,2,quantile_conjunction,
nhanes_dm,3,2,15,IF bmi >= 34.6 AND triglycerides >= 77 THEN high risk,1,0.0433122312524459,1344,17.479516191962542,0.2738095238095238,0.05,2,quantile_conjunction,
nhanes_dm,3,2,16,IF age >= 31 AND systolic_bp >= 135.333 THEN high risk,1,0.0430940024028042,1504,19.56041097671999,0.2586436170212766,0.05,2,quantile_conjunction,
nhanes_dm,3,2,17,IF serum_albumin <= 3.9 AND triglycerides >= 117 THEN high risk,1,0.0425067941460021,845,10.98972558200026,0.2863905325443787,0.05,2,quantile_conjunction,
nhanes_dm,3,2,18,IF systolic_bp >= 125.667 AND triglycerides >= 101 THEN high risk,1,0.0403471892076252,1894,24.632592014566264,0.2412882787750792,0.05,2,quantile_conjunction,
nhanes_dm,3,2,19,IF bmi >= 26.7 AND triglycerides >= 117 THEN high risk,1,0.0399583207026818,3206,41.69592924957732,0.2167810355583281,0.05,2,quantile_conjunction,
nhanes_dm,3,2,20,IF bmi >= 26.7 AND hdl <= 55 THEN high risk,1,0.0393635934338807,3756,48.84900507218104,0.2084664536741214,0.05,2,quantile_conjunction,
nhanes_dm,3,3,1,IF age >= 40 THEN high risk,1,0.0691067039777143,5103,66.36753804135779,0.2220262590632961,0.05,1,quantile,
nhanes_dm,3,3,2,IF age >= 32 THEN high risk,1,0.0659784723871832,6167,80.2054883599948,0.1919896221825847,0.05,1,quantile,
nhanes_dm,3,3,3,IF bmi >= 26.8 THEN high risk,1,0.0639396165176655,5007,65.11900117050332,0.19492710205712,0.05,1,quantile,
nhanes_dm,3,3,4,IF diastolic_bp <= 65 THEN high risk,1,0.0630222372298714,1573,20.45779685264664,0.1729179910998093,0.05,1,quantile,
nhanes_dm,3,3,5,IF ggt >= 21 THEN high risk,1,0.0629828906514516,4423,57.52373520613864,0.1905946190368528,0.05,1,quantile,
nhanes_dm,3,3,6,IF triglycerides >= 135 THEN high risk,1,0.0629559528667709,2696,35.06307712316296,0.2106824925816023,0.05,1,quantile,
nhanes_dm,3,3,7,IF ast <= 22 THEN high risk,1,0.0625100987968443,5021,65.3010794641696,0.158334993029277,0.05,1,quantile,
nhanes_dm,3,3,8,IF uric_acid >= 4.3 THEN high risk,1,0.0623623382340447,6240,81.15489660554039,0.1631410256410256,0.05,1,quantile,
nhanes_dm,3,3,9,IF uric_acid >= 4.9 THEN high risk,1,0.0622107424675937,5131,66.73169462869033,0.165659715455077,0.05,1,quantile,
nhanes_dm,3,3,10,IF age >= 64 AND triglycerides >= 76 THEN high risk,1,0.0404201869666672,1450,18.85810898686435,0.3331034482758621,0.05,2,quantile_conjunction,
nhanes_dm,3,3,11,IF age >= 57 AND hdl <= 51 THEN high risk,1,0.0399676528852252,1531,19.91156197164781,0.3638145003265839,0.05,2,quantile_conjunction,
nhanes_dm,3,3,12,IF age >= 57 AND hdl <= 47 THEN high risk,1,0.0387786218566729,946,12.3032904148784,0.3921775898520084,0.05,2,quantile_conjunction,
nhanes_dm,3,3,13,IF serum_albumin <= 3.9 AND systolic_bp >= 126.333 THEN high risk,1,0.0387670015472182,684,8.89582520483808,0.2660818713450292,0.05,2,quantile_conjunction,
nhanes_dm,3,3,14,IF ggt >= 24 AND hdl <= 51 THEN high risk,1,0.0387360235543367,1679,21.836389647548447,0.2370458606313281,0.05,2,quantile_conjunction,
nhanes_dm,3,3,15,IF ggt >= 21 AND systolic_bp >= 122 THEN high risk,1,0.0387097744334594,2852,37.09194953830147,0.2121318373071528,0.05,2,quantile_conjunction,
nhanes_dm,3,3,16,IF ggt >= 24 AND systolic_bp >= 118 THEN high risk,1,0.0385898009258238,1992,25.9071400702302,0.2228915662650602,0.05,2,quantile_conjunction,
nhanes_dm,3,3,17,IF bmi >= 34.7 AND total_cholesterol <= 157 THEN high risk,1,0.0385090891013019,362,4.708024450513721,0.3480662983425414,0.05,2,quantile_conjunction,
nhanes_dm,3,3,18,IF bmi >= 28.7 AND hdl <= 51 THEN high risk,1,0.0376200212014173,2879,37.44310053322929,0.216394581451893,0.05,2,quantile_conjunction,
nhanes_dm,3,3,19,IF hdl <= 51 AND systolic_bp >= 118 THEN high risk,1,0.037509253910025,3033,39.44596176355833,0.2123310253874052,0.05,2,quantile_conjunction,
nhanes_dm,3,3,20,IF hdl <= 51 AND systolic_bp >= 126.333 THEN high risk,1,0.0373235204887121,1507,19.599427753934197,0.2594558725945587,0.05,2,quantile_conjunction,
nhanes_dm,3,4,1,IF ggt >= 21 THEN high risk,1,0.073805137301094,4381,56.97750032513981,0.1880849121205204,0.05,1,quantile,
nhanes_dm,3,4,2,IF ggt >= 14 THEN high risk,1,0.0737534057487467,6323,82.23436077513331,0.1739680531393325,0.05,1,quantile,
nhanes_dm,3,4,3,IF ggt >= 24 THEN high risk,1,0.0737243774155388,2822,36.70178176615945,0.2065910701630049,0.05,1,quantile,
nhanes_dm,3,4,4,IF bmi >= 30.9 AND systolic_bp >= 122 THEN high risk,1,0.0474893720393826,1561,20.301729743789828,0.2556053811659193,0.05,2,quantile_conjunction,
nhanes_dm,3,4,5,IF age >= 40 AND triglycerides >= 186 THEN high risk,1,0.0468491697132202,1162,15.11249837430095,0.2951807228915662,0.05,2,quantile_conjunction,
nhanes_dm,3,4,6,IF bmi >= 34.7 AND serum_albumin <= 3.9 THEN high risk,1,0.0468020433127227,659,8.57068539471973,0.2974203338391502,0.05,2,quantile_conjunction,
nhanes_dm,3,4,7,IF age >= 31 AND triglycerides >= 136 THEN high risk,1,0.0465920198996208,2403,31.25243854857589,0.2401165210153974,0.05,2,quantile_conjunction,
nhanes_dm,3,4,8,IF hdl <= 55 AND serum_albumin <= 4.1 THEN high risk,1,0.0465074126249433,2064,26.84354272337105,0.2388565891472868,0.05,2,quantile_conjunction,
nhanes_dm,3,4,9,IF total_cholesterol <= 174.8 AND triglycerides >= 186 THEN high risk,1,0.0463681803205684,344,4.473923787228508,0.3866279069767442,0.05,2,quantile_conjunction,
nhanes_dm,3,4,10,IF bmi >= 30.9 AND total_cholesterol <= 157 THEN high risk,1,0.046229601108683,574,7.465210040317337,0.3797909407665505,0.05,2,quantile_conjunction,
nhanes_dm,3,4,11,IF bmi >= 30.9 AND hdl <= 41 THEN high risk,1,0.0458233400561817,842,10.950708804786055,0.2933491686460807,0.05,2,quantile_conjunction,
nhanes_dm,3,4,12,IF hdl <= 51 AND total_cholesterol <= 157 THEN high risk,1,0.0458164844612041,950,12.355312784497334,0.311578947368421,0.05,2,quantile_conjunction,
nhanes_dm,3,4,13,IF age >= 64 AND hdl <= 41 THEN high risk,1,0.0457889492182579,328,4.265834308752764,0.5274390243902439,0.05,2,quantile_conjunction,
nhanes_dm,3,4,14,IF age >= 57 AND total_cholesterol <= 157 THEN high risk,1,0.0455948851303005,596,7.751333073221485,0.4966442953020134,0.05,2,quantile_conjunction,
nhanes_dm,3,4,15,IF bmi >= 24.1 AND ggt >= 18 THEN high risk,1,0.0452781621340126,4390,57.09455065678242,0.2009111617312073,0.05,2,quantile_conjunction,
nhanes_dm,3,4,16,IF bmi >= 28.8 AND systolic_bp >= 126 THEN high risk,1,0.0451223237724508,1537,19.98959552607621,0.2661027976577749,0.05,2,quantile_conjunction,
nhanes_dm,3,4,17,IF age >= 57 AND ggt >= 33 THEN high risk,1,0.044881316016875,621,8.076472883339836,0.3397745571658615,0.05,2,quantile_conjunction,
nhanes_dm,3,4,18,IF systolic_bp >= 135.667 AND total_cholesterol <= 174.8 THEN high risk,1,0.0448688192967151,489,6.359734685914943,0.3640081799591002,0.05,2,quantile_conjunction,
nhanes_dm,3,4,19,IF hdl <= 47 AND systolic_bp >= 126 THEN high risk,1,0.0444824854299354,1085,14.111067759136429,0.2857142857142857,0.05,2,quantile_conjunction,
nhanes_dm,3,4,20,IF ggt >= 33 AND systolic_bp >= 122 THEN high risk,1,0.0442225149995456,1028,13.369748992066588,0.235408560311284,0.05,2,quantile_conjunction,
nhanes_dm,3,5,1,IF bmi >= 30.9 THEN high risk,1,0.0724871734612978,2721,35.38821693328131,0.2326350606394708,0.05,1,quantile,
nhanes_dm,3,5,2,IF age >= 49 AND hdl <= 55 THEN high risk,1,0.0703496577410986,2468,32.0978020548836,0.3111831442463533,0.05,2,quantile_conjunction,
nhanes_dm,3,5,3,IF age >= 57 AND hdl <= 47 THEN high risk,1,0.0648093823796553,938,12.199245675640526,0.3742004264392324,0.05,2,quantile_conjunction,
nhanes_dm,3,5,4,IF alt >= 14 THEN high risk,1,0.0626625110091194,6313,82.10430485108596,0.1650562331696499,0.05,1,quantile,
nhanes_dm,3,5,5,IF age >= 57 AND triglycerides >= 136 THEN high risk,1,0.060119928082213,1092,14.202106905969568,0.3388278388278388,0.05,2,quantile_conjunction,
nhanes_dm,3,5,6,IF age >= 40 AND hdl <= 51 THEN high risk,1,0.0565271607264503,2869,37.31304460918195,0.2697804112931335,0.05,2,quantile_conjunction,
nhanes_dm,3,5,7,IF total_cholesterol <= 174 AND triglycerides >= 116 THEN high risk,1,0.055468519466766,995,12.940564442710365,0.3206030150753768,0.05,2,quantile_conjunction,
nhanes_dm,3,5,8,IF age >= 31 AND hdl <= 51 THEN high risk,1,0.0460551965540342,3617,47.04122772792301,0.2267072159247995,0.05,2,quantile_conjunction,
nhanes_dm,3,5,9,IF systolic_bp >= 126 AND total_cholesterol <= 156 THEN high risk,1,0.0460314837552238,505,6.5678241643906885,0.3762376237623762,0.05,2,quantile_conjunction,
nhanes_dm,3,5,10,IF age >= 40 AND systolic_bp >= 126 THEN high risk,1,0.0453352502469232,2317,30.133957601768763,0.2498921018558481,0.05,2,quantile_conjunction,
nhanes_dm,3,5,11,IF hdl <= 41 AND triglycerides >= 100.8 THEN high risk,1,0.0452878208024968,1425,18.532969176746,0.24,0.05,2,quantile_conjunction,
nhanes_dm,3,5,12,IF hdl <= 55 AND systolic_bp >= 135 THEN high risk,1,0.0432960171609404,1024,13.317726622447651,0.2841796875,0.05,2,quantile_conjunction,
nhanes_dm,3,5,13,IF ggt >= 18 AND total_cholesterol <= 184 THEN high risk,1,0.0431213500331277,2869,37.31304460918195,0.2164517253398396,0.05,2,quantile_conjunction,
nhanes_dm,3,5,14,IF ggt >= 33 AND hdl <= 51 THEN high risk,1,0.0429322947518969,962,12.51137989335414,0.262993762993763,0.05,2,quantile_conjunction,
nhanes_dm,3,5,15,IF bmi >= 30.9 AND systolic_bp >= 122 THEN high risk,1,0.0423675431268982,1579,20.535830407075043,0.253324889170361,0.05,2,quantile_conjunction,
nhanes_dm,3,5,16,IF ggt >= 33 AND hdl <= 55 THEN high risk,1,0.0423398248747934,1095,14.241123683183767,0.25662100456621,0.05,2,quantile_conjunction,
nhanes_dm,3,5,17,IF bmi >= 24.1 AND ggt >= 18 THEN high risk,1,0.0417135586252437,4414,57.40668487449603,0.2002718622564567,0.05,2,quantile_conjunction,
nhanes_dm,3,5,18,IF bmi >= 24.1 AND hdl <= 51 THEN high risk,1,0.0410142366347117,3933,51.15099492781896,0.2003559623696923,0.05,2,quantile_conjunction,
nhanes_dm,3,5,19,IF ggt >= 18 AND serum_albumin <= 3.9 THEN high risk,1,0.0403883811056736,1117,14.52724671608792,0.261414503133393,0.05,2,quantile_conjunction,
nhanes_dm,3,5,20,IF serum_albumin <= 4.1 AND systolic_bp >= 135 THEN high risk,1,0.037692709461435,776,10.092339706073613,0.2770618556701031,0.05,2,quantile_conjunction,
nhanes_dm,4,1,1,IF bmi >= 24.1 THEN high risk,1,0.0726271376855072,6174,80.30697190426639,0.1796242306446388,0.05,1,quantile,
nhanes_dm,4,1,2,IF ast >= 26 THEN high risk,1,0.0708274334031697,1757,22.85379812695109,0.1781445645987478,0.05,1,quantile,
nhanes_dm,4,1,3,IF diastolic_bp <= 81.333 THEN high risk,1,0.0706854902519534,6169,80.24193548387096,0.158210406873075,0.05,1,quantile,
nhanes_dm,4,1,4,IF age >= 49 AND bmi >= 30.8 THEN high risk,1,0.0518519889028085,1398,18.184183142559835,0.3526466380543633,0.05,2,quantile_conjunction,
nhanes_dm,4,1,5,IF age >= 64 AND bmi >= 24.1 THEN high risk,1,0.0505330054202113,1379,17.937044745057232,0.3415518491660623,0.05,2,quantile_conjunction,
nhanes_dm,4,1,6,IF age >= 40 AND triglycerides >= 116 THEN high risk,1,0.047793702606914,3092,40.21852237252862,0.2577619663648124,0.05,2,quantile_conjunction,
nhanes_dm,4,1,7,IF systolic_bp >= 126 AND total_cholesterol <= 174 THEN high risk,1,0.04777079759576,895,11.641519250780435,0.3474860335195531,0.05,2,quantile_conjunction,
nhanes_dm,4,1,8,IF systolic_bp >= 122 AND total_cholesterol <= 174 THEN high risk,1,0.0476458248422571,1334,17.35171696149844,0.2983508245877061,0.05,2,quantile_conjunction,
nhanes_dm,4,1,9,IF age >= 57 AND ggt >= 18 THEN high risk,1,0.0470377581561479,2001,26.02757544224766,0.3063468265867066,0.05,2,quantile_conjunction,
nhanes_dm,4,1,10,IF bmi >= 26.7 AND hdl <= 47 THEN high risk,1,0.0456524908128352,2154,28.017689906347552,0.2321262766945218,0.05,2,quantile_conjunction,
nhanes_dm,4,1,11,IF hdl <= 47 AND triglycerides >= 100 THEN high risk,1,0.0455244010218848,2264,29.448491155046824,0.2252650176678445,0.05,2,quantile_conjunction,
nhanes_dm,4,1,12,IF hdl <= 47 AND systolic_bp >= 118 THEN high risk,1,0.0454779158589069,1817,23.63423517169615,0.2432581177765547,0.05,2,quantile_conjunction,
nhanes_dm,4,1,13,IF total_cholesterol <= 174 AND triglycerides >= 137 THEN high risk,1,0.0454559699934513,721,9.378251821019772,0.3398058252427184,0.05,2,quantile_conjunction,
nhanes_dm,4,1,14,IF hdl <= 51 AND triglycerides >= 77 THEN high risk,1,0.0450237902654045,4049,52.66649323621228,0.1993084712274635,0.05,2,quantile_conjunction,
nhanes_dm,4,1,15,IF hdl <= 41 AND triglycerides >= 137 THEN high risk,1,0.0450054223007854,1157,15.04942767950052,0.250648228176318,0.05,2,quantile_conjunction,
nhanes_dm,4,1,16,IF hdl <= 51 AND triglycerides >= 100 THEN high risk,1,0.0447807676044107,3618,47.06035379812696,0.2037037037037037,0.05,2,quantile_conjunction,
nhanes_dm,4,1,17,IF ggt >= 24 AND hdl <= 41 THEN high risk,1,0.0447640987137023,916,11.914672216441206,0.2576419213973799,0.05,2,quantile_conjunction,
nhanes_dm,4,1,18,IF bmi >= 34.7 AND ggt >= 14 THEN high risk,1,0.0440307376816867,1390,18.08012486992716,0.258273381294964,0.05,2,quantile_conjunction,
nhanes_dm,4,1,19,IF ggt >= 14 AND total_cholesterol <= 184 THEN high risk,1,0.043895744316231,3474,45.187304890738815,0.2118595279217041,0.05,2,quantile_conjunction,
nhanes_dm,4,1,20,IF ggt >= 18 AND total_cholesterol <= 184 THEN high risk,1,0.0436155225659711,2837,36.90166493236213,0.2203031371166725,0.05,2,quantile_conjunction,
nhanes_dm,4,2,1,IF triglycerides >= 99 THEN high risk,1,0.0730890123221208,5021,65.3010794641696,0.1870145389364668,0.05,1,quantile,
nhanes_dm,4,2,2,IF serum_albumin <= 4.2 THEN high risk,1,0.0725954399237141,4885,63.53231889712576,0.1811668372569089,0.05,1,quantile,
nhanes_dm,4,2,3,IF diastolic_bp <= 81.667 THEN high risk,1,0.0715486229561846,6185,80.43958902328,0.1623282134195634,0.05,1,quantile,
nhanes_dm,4,2,4,IF age >= 57 AND total_cholesterol <= 157 THEN high risk,1,0.0509936898104763,622,8.08947847574457,0.5080385852090032,0.05,2,quantile_conjunction,
nhanes_dm,4,2,5,IF age >= 64 AND total_cholesterol <= 157 THEN high risk,1,0.0495066021561506,415,5.397320847964624,0.5156626506024097,0.05,2,quantile_conjunction,
nhanes_dm,4,2,6,IF age >= 57 AND ggt >= 18 THEN high risk,1,0.0486991466999735,1967,25.582000260111847,0.3075749872902897,0.05,2,quantile_conjunction,
nhanes_dm,4,2,7,IF age >= 57 AND triglycerides >= 76 THEN high risk,1,0.047948571398231,2414,31.395500065027964,0.3036454018227009,0.05,2,quantile_conjunction,
nhanes_dm,4,2,8,IF age >= 57 AND triglycerides >= 115 THEN high risk,1,0.0479161407140697,1690,21.979451164000523,0.3224852071005917,0.05,2,quantile_conjunction,
nhanes_dm,4,2,9,IF age >= 49 AND serum_albumin <= 4.1 THEN high risk,1,0.0459266346879302,1838,23.90427883990116,0.2889009793253536,0.05,2,quantile_conjunction,
nhanes_dm,4,2,10,IF age >= 31 AND triglycerides >= 76 THEN high risk,1,0.0455853835300935,5246,68.22733775523476,0.2049180327868852,0.05,2,quantile_conjunction,
nhanes_dm,4,2,11,IF serum_albumin <= 4.1 AND triglycerides >= 99 THEN high risk,1,0.0455682489410736,1918,24.94472623227988,0.2507820646506778,0.05,2,quantile_conjunction,
nhanes_dm,4,2,12,IF bmi >= 28.7 AND total_cholesterol <= 185 THEN high risk,1,0.0453452033629133,2372,30.849265184029136,0.2411467116357504,0.05,2,quantile_conjunction,
nhanes_dm,4,2,13,IF age >= 64 AND ggt >= 24 THEN high risk,1,0.0453221092488456,579,7.530238002341007,0.3626943005181347,0.05,2,quantile_conjunction,
nhanes_dm,4,2,14,IF bmi >= 34.9 AND total_cholesterol <= 185 THEN high risk,1,0.045241201452981,863,11.223826245285473,0.3093858632676709,0.05,2,quantile_conjunction,
nhanes_dm,4,2,15,IF bmi >= 28.7 AND hdl <= 47 THEN high risk,1,0.0447713833707217,1771,23.032904148783977,0.2529644268774703,0.05,2,quantile_conjunction,
nhanes_dm,4,2,16,IF bmi >= 34.9 AND serum_albumin <= 3.9 THEN high risk,1,0.0447545163915042,673,8.752763688386006,0.2838038632986627,0.05,2,quantile_conjunction,
nhanes_dm,4,2,17,IF bmi >= 24.1 AND total_cholesterol <= 175 THEN high risk,1,0.0444051354606112,2074,26.973598647418388,0.2574734811957569,0.05,2,quantile_conjunction,
nhanes_dm,4,2,18,IF hdl <= 55 AND triglycerides >= 115 THEN high risk,1,0.0440887042857599,3607,46.91117180387567,0.197393956196285,0.05,2,quantile_conjunction,
nhanes_dm,4,2,19,IF serum_albumin <= 4.1 AND total_cholesterol <= 185 THEN high risk,1,0.0439544998059287,1748,22.733775523475096,0.238558352402746,0.05,2,quantile_conjunction,
nhanes_dm,4,2,20,IF hdl <= 41 AND serum_albumin <= 3.9 THEN high risk,1,0.0427397534807155,453,5.891533359344519,0.3377483443708609,0.05,2,quantile_conjunction,
nhanes_dm,4,3,1,IF bmi >= 34.8 THEN high risk,1,0.0702007241738203,1539,20.01560671088568,0.2540610786224821,0.05,1,quantile,
nhanes_dm,4,3,2,IF triglycerides >= 117 THEN high risk,1,0.0700495351091113,4329,56.30120952009364,0.1914991914991915,0.05,1,quantile,
nhanes_dm,4,3,3,IF diastolic_bp <= 75.333 THEN high risk,1,0.0694573854826713,5000,65.02796202367018,0.164,0.05,1,quantile,
nhanes_dm,4,3,4,IF ast >= 23 THEN high risk,1,0.0692724348582815,2694,35.03706593835349,0.1644394951744617,0.05,1,quantile,
nhanes_dm,4,3,5,IF alt >= 28 THEN high risk,1,0.069022607050364,1643,21.36818832097802,0.1832014607425441,0.05,1,quantile,
nhanes_dm,4,3,6,IF age >= 41 AND bmi >= 28.9 THEN high risk,1,0.0462640058046493,2821,36.68877617375472,0.2793335696561503,0.05,2,quantile_conjunction,
nhanes_dm,4,3,7,IF age >= 49 AND hdl <= 41 THEN high risk,1,0.0460075177841969,797,10.365457146573029,0.4153074027603513,0.05,2,quantile_conjunction,
nhanes_dm,4,3,8,IF age >= 65 AND total_cholesterol <= 157 THEN high risk,1,0.04542609222828,382,4.9681362986084014,0.5209424083769634,0.05,2,quantile_conjunction,
nhanes_dm,4,3,9,IF age >= 65 AND hdl <= 47 THEN high risk,1,0.0441900941310725,506,6.580829756795422,0.4841897233201581,0.05,2,quantile_conjunction,
nhanes_dm,4,3,10,IF systolic_bp >= 135.667 AND total_cholesterol <= 184 THEN high risk,1,0.0440366759635324,733,9.533099232670049,0.339699863574352,0.05,2,quantile_conjunction,
nhanes_dm,4,3,11,IF age >= 32 AND triglycerides >= 137 THEN high risk,1,0.0434136835582839,2358,30.667186890362856,0.2421543681085665,0.05,2,quantile_conjunction,
nhanes_dm,4,3,12,IF bmi >= 28.9 AND serum_albumin <= 3.9 THEN high risk,1,0.0431807893173313,1184,15.398621407205098,0.2618243243243243,0.05,2,quantile_conjunction,
nhanes_dm,4,3,13,IF age >= 41 AND systolic_bp >= 126 THEN high risk,1,0.042945555025334,2314,30.09494082455456,0.263180639585134,0.05,2,quantile_conjunction,
nhanes_dm,4,3,14,IF serum_albumin <= 4.1 AND systolic_bp >= 122 THEN high risk,1,0.042863736336937,1785,23.214982442450253,0.2403361344537815,0.05,2,quantile_conjunction,
nhanes_dm,4,3,15,IF hdl <= 55 AND total_cholesterol <= 157 THEN high risk,1,0.0427343269841213,1133,14.73533619456366,0.2965578111209179,0.05,2,quantile_conjunction,
nhanes_dm,4,3,16,IF serum_albumin <= 4.1 AND triglycerides >= 101 THEN high risk,1,0.0424095213399428,1960,25.490961113278708,0.2489795918367346,0.05,2,quantile_conjunction,
nhanes_dm,4,3,17,IF age >= 32 AND hdl <= 51 THEN high risk,1,0.0423650107337255,3585,46.62504877097152,0.2315202231520223,0.05,2,quantile_conjunction,
nhanes_dm,4,3,18,IF ggt >= 24 AND hdl <= 51 THEN high risk,1,0.0423426851143757,1703,22.148523865262064,0.2431004110393423,0.05,2,quantile_conjunction,
nhanes_dm,4,3,19,IF ggt >= 33 AND systolic_bp >= 122 THEN high risk,1,0.0422020774692788,1011,13.14865392118611,0.2462908011869436,0.05,2,quantile_conjunction,
nhanes_dm,4,3,20,IF systolic_bp >= 122 AND total_cholesterol <= 174 THEN high risk,1,0.0416155415346893,1333,17.336454675510467,0.2955738934733683,0.05,2,quantile_conjunction,
nhanes_dm,4,4,1,IF bmi >= 30.9 THEN high risk,1,0.0720979332407637,2716,35.32318897125764,0.235640648011782,0.05,1,quantile,
nhanes_dm,4,4,2,IF systolic_bp >= 117.333 THEN high risk,1,0.0663080605375332,5081,66.08141500845363,0.1824444007085219,0.05,1,quantile,
nhanes_dm,4,4,3,IF age >= 49 AND triglycerides >= 99 THEN high risk,1,0.0649272268152161,2755,35.83040707504227,0.2802177858439201,0.05,2,quantile_conjunction,
nhanes_dm,4,4,4,IF triglycerides >= 183 THEN high risk,1,0.0642093672195611,1547,20.119651450123552,0.2469295410471881,0.05,1,quantile,
nhanes_dm,4,4,5,IF alt >= 17 THEN high risk,1,0.0631498208741408,5213,67.79815320587853,0.1688087473623633,0.05,1,quantile,
nhanes_dm,4,4,6,IF age >= 40 AND triglycerides >= 99 THEN high risk,1,0.0560229512535666,3555,46.234880998829496,0.2469760900140647,0.05,2,quantile_conjunction,
nhanes_dm,4,4,7,IF age >= 40 AND triglycerides >= 135 THEN high risk,1,0.0502381999276904,1988,25.855117700611263,0.2831991951710261,0.05,2,quantile_conjunction,
nhanes_dm,4,4,8,IF age >= 64 AND triglycerides >= 115 THEN high risk,1,0.0501514836200302,1019,13.25269866042398,0.3621197252208047,0.05,2,quantile_conjunction,
nhanes_dm,4,4,9,IF age >= 40 AND hdl <= 41 THEN high risk,1,0.0493390395774579,1082,14.072050981922226,0.3465804066543438,0.05,2,quantile_conjunction,
nhanes_dm,4,4,10,IF age >= 57 AND ggt >= 33 THEN high risk,1,0.0458551599680629,615,7.998439328911432,0.3463414634146341,0.05,2,quantile_conjunction,
nhanes_dm,4,4,11,IF bmi >= 28.7 AND serum_albumin <= 4.1 THEN high risk,1,0.0440768014493244,1966,25.568994667707116,0.2395727365208545,0.05,2,quantile_conjunction,
nhanes_dm,4,4,12,IF bmi >= 28.7 AND total_cholesterol <= 184 THEN high risk,1,0.043272156638204,2398,31.187410586552215,0.2418682235195996,0.05,2,quantile_conjunction,
nhanes_dm,4,4,13,IF systolic_bp >= 117.333 AND triglycerides >= 135 THEN high risk,1,0.042147568618355,1869,24.307452204447912,0.2413055109684323,0.05,2,quantile_conjunction,
nhanes_dm,4,4,14,IF serum_albumin <= 3.9 AND systolic_bp >= 117.333 THEN high risk,1,0.0419039920556283,1162,15.11249837430095,0.2461273666092943,0.05,2,quantile_conjunction,
nhanes_dm,4,4,15,IF ggt >= 24 AND systolic_bp >= 135 THEN high risk,1,0.0416098529554484,724,9.416048901027445,0.2707182320441988,0.05,2,quantile_conjunction,
nhanes_dm,4,4,16,IF bmi >= 28.7 AND ggt >= 21 THEN high risk,1,0.0413979310220306,2698,35.089088307972425,0.223869532987398,0.05,2,quantile_conjunction,
nhanes_dm,4,4,17,IF ggt >= 33 AND serum_albumin <= 3.9 THEN high risk,1,0.0412966713890438,454,5.904538951749252,0.2885462555066079,0.05,2,quantile_conjunction,
nhanes_dm,4,4,18,IF ggt >= 24 AND systolic_bp >= 126 THEN high risk,1,0.0410238393445434,1262,16.413057614774353,0.2480190174326466,0.05,2,quantile_conjunction,
nhanes_dm,4,4,19,IF bmi >= 30.9 AND hdl <= 41 THEN high risk,1,0.0409660054721459,869,11.301859799713878,0.288837744533947,0.05,2,quantile_conjunction,
nhanes_dm,4,4,20,IF bmi >= 26.8 AND ggt >= 33 THEN high risk,1,0.0400059380212522,1198,15.580699700871376,0.2537562604340567,0.05,2,quantile_conjunction,
nhanes_dm,4,5,1,IF triglycerides >= 100 THEN high risk,1,0.0721578249567841,5037,65.50916894264533,0.1844351796704387,0.05,1,quantile,
nhanes_dm,4,5,2,IF systolic_bp >= 110.667 THEN high risk,1,0.0704557154480194,6164,80.1664715827806,0.1734263465282284,0.05,1,quantile,
nhanes_dm,4,5,3,IF uric_acid >= 4.9 THEN high risk,1,0.0704044644838067,5147,66.93978410716608,0.1684476394015931,0.05,1,quantile,
nhanes_dm,4,5,4,IF systolic_bp >= 135.333 THEN high risk,1,0.0697039901523468,1564,20.340746521004032,0.248081841432225,0.05,1,quantile,
nhanes_dm,4,5,5,IF age >= 40 AND hdl <= 51 THEN high risk,1,0.0477173162644719,2881,37.469111718038754,0.2693509198195071,0.05,2,quantile_conjunction,
nhanes_dm,4,5,6,IF age >= 49 AND bmi >= 34.7 THEN high risk,1,0.0473926249456478,797,10.365457146573029,0.3902132998745294,0.05,2,quantile_conjunction,
nhanes_dm,4,5,7,IF age >= 65 AND bmi >= 28.8 THEN high risk,1,0.047086819087569,860,11.18480946807127,0.3883720930232558,0.05,2,quantile_conjunction,
nhanes_dm,4,5,8,IF age >= 57 AND total_cholesterol <= 158 THEN high risk,1,0.0458330388980463,630,8.193523214982443,0.5142857142857142,0.05,2,quantile_conjunction,
nhanes_dm,4,5,9,IF bmi >= 28.8 AND triglycerides >= 136 THEN high risk,1,0.0456608070870314,1660,21.589283391858498,0.2469879518072289,0.05,2,quantile_conjunction,
nhanes_dm,4,5,10,IF age >= 31 AND triglycerides >= 136 THEN high risk,1,0.0455844334914567,2379,30.940304330862272,0.2433795712484237,0.05,2,quantile_conjunction,
nhanes_dm,4,5,11,IF bmi >= 28.8 AND ggt >= 34 THEN high risk,1,0.0448695251251289,969,12.60241904018728,0.2662538699690402,0.05,2,quantile_conjunction,
nhanes_dm,4,5,12,IF hdl <= 51 AND triglycerides >= 100 THEN high risk,1,0.0444884534137064,3649,47.4574066848745,0.1989586187996711,0.05,2,quantile_conjunction,
nhanes_dm,4,5,13,IF bmi >= 26.8 AND ggt >= 18 THEN high risk,1,0.0442368047498372,3745,48.705943555728965,0.2114819759679573,0.05,2,quantile_conjunction,
nhanes_dm,4,5,14,IF ggt >= 24 AND total_cholesterol <= 175 THEN high risk,1,0.0442198964435576,977,12.706463779425151,0.2988741044012282,0.05,2,quantile_conjunction,
nhanes_dm,4,5,15,IF bmi >= 24.1 AND triglycerides >= 100 THEN high risk,1,0.0440673798505856,4384,57.016517102354015,0.198448905109489,0.05,2,quantile_conjunction,
nhanes_dm,4,5,16,IF bmi >= 34.7 AND triglycerides >= 185 THEN high risk,1,0.0436336922165091,388,5.046169853036806,0.3221649484536082,0.05,2,quantile_conjunction,
nhanes_dm,4,5,17,IF bmi >= 24.1 AND total_cholesterol <= 158 THEN high risk,1,0.0433396948964013,1234,16.0489010274418,0.312803889789303,0.05,2,quantile_conjunction,
nhanes_dm,4,5,18,IF ggt >= 18 AND systolic_bp >= 117.333 THEN high risk,1,0.0431215559252232,3740,48.640915593705294,0.1935828877005347,0.05,2,quantile_conjunction,
nhanes_dm,4,5,19,IF ggt >= 21 AND serum_albumin <= 3.9 THEN high risk,1,0.043099803554931,922,11.99115619716478,0.281995661605206,0.05,2,quantile_conjunction,
nhanes_dm,4,5,20,IF hdl <= 51 AND systolic_bp >= 135.333 THEN high risk,1,0.0429261590089386,856,11.132787098452336,0.2943925233644859,0.05,2,quantile_conjunction,
nhanes_dm,5,1,1,IF serum_albumin <= 4.1 THEN high risk,1,0.0724955658660722,3243,42.18262226847035,0.1988899167437557,0.05,1,quantile,
nhanes_dm,5,1,2,IF ggt >= 18 THEN high risk,1,0.0717247617207374,5244,68.210197710718,0.1794431731502669,0.05,1,quantile,
nhanes_dm,5,1,3,IF diastolic_bp <= 73 THEN high risk,1,0.0698842234029162,4384,57.02393340270552,0.1653740875912408,0.05,1,quantile,
nhanes_dm,5,1,4,IF age >= 64 AND hdl <= 47 THEN high risk,1,0.0542980261841324,531,6.906867845993757,0.4143126177024482,0.05,2,quantile_conjunction,
nhanes_dm,5,1,5,IF age >= 64 AND bmi >= 31 THEN high risk,1,0.0493485965346471,554,7.206035379812695,0.407942238267148,0.05,2,quantile_conjunction,
nhanes_dm,5,1,6,IF age >= 32 AND bmi >= 26.9 THEN high risk,1,0.0482660209571292,4190,54.500520291363166,0.2284009546539379,0.05,2,quantile_conjunction,
nhanes_dm,5,1,7,IF age >= 57 AND ggt >= 24 THEN high risk,1,0.047703226708496,1078,14.02185223725286,0.3079777365491651,0.05,2,quantile_conjunction,
nhanes_dm,5,1,8,IF age >= 49 AND serum_albumin <= 3.9 THEN high risk,1,0.047688172598845,1049,13.644640998959416,0.3136320305052431,0.05,2,quantile_conjunction,
nhanes_dm,5,1,9,IF hdl <= 54 AND total_cholesterol <= 175 THEN high risk,1,0.0472013165225716,1812,23.56919875130073,0.2395143487858719,0.05,2,quantile_conjunction,
nhanes_dm,5,1,10,IF age >= 64 AND ggt >= 24 THEN high risk,1,0.0466219868779626,572,7.440166493236212,0.3479020979020979,0.05,2,quantile_conjunction,
nhanes_dm,5,1,11,IF hdl <= 51 AND serum_albumin <= 3.9 THEN high risk,1,0.0454396110039756,984,12.79916753381894,0.2540650406504065,0.05,2,quantile_conjunction,
nhanes_dm,5,1,12,IF bmi >= 31 AND hdl <= 54 THEN high risk,1,0.0451859087413439,2017,26.235691987513004,0.2384729796727813,0.05,2,quantile_conjunction,
nhanes_dm,5,1,13,IF hdl <= 41 AND triglycerides >= 101 THEN high risk,1,0.0451632604778742,1381,17.963059313215403,0.2490948587979725,0.05,2,quantile_conjunction,
nhanes_dm,5,1,14,IF hdl <= 47 AND systolic_bp >= 117.667 THEN high risk,1,0.0449746245608081,1802,23.439125910509887,0.2336293007769145,0.05,2,quantile_conjunction,
nhanes_dm,5,1,15,IF serum_albumin <= 3.9 AND triglycerides >= 116 THEN high risk,1,0.0449460535812533,876,11.394380853277836,0.2808219178082192,0.05,2,quantile_conjunction,
nhanes_dm,5,1,16,IF bmi >= 28.8 AND hdl <= 47 THEN high risk,1,0.0445182303527302,1796,23.36108220603538,0.2360801781737193,0.05,2,quantile_conjunction,
nhanes_dm,5,1,17,IF hdl <= 51 AND systolic_bp >= 121.667 THEN high risk,1,0.0442816907547016,2690,34.98959417273673,0.2133828996282528,0.05,2,quantile_conjunction,
nhanes_dm,5,1,18,IF age >= 57 AND ggt >= 34 THEN high risk,1,0.0441696413709886,573,7.453173777315296,0.331588132635253,0.05,2,quantile_conjunction,
nhanes_dm,5,1,19,IF ggt >= 34 AND total_cholesterol <= 175 THEN high risk,1,0.0434622308633382,500,6.503642039542143,0.316,0.05,2,quantile_conjunction,
nhanes_dm,5,1,20,IF bmi >= 31 AND systolic_bp >= 126 THEN high risk,1,0.0426268509194759,1139,14.815296566077002,0.2748024582967515,0.05,2,quantile_conjunction,
nhanes_dm,5,2,1,IF age >= 57 THEN high risk,1,0.0876254734801408,2763,35.93445181428014,0.2964169381107492,0.05,1,quantile,
nhanes_dm,5,2,2,IF serum_albumin <= 3.9 THEN high risk,1,0.0716165463454034,1774,23.071920925998175,0.2102593010146561,0.05,1,quantile,
nhanes_dm,5,2,3,IF alt >= 17 THEN high risk,1,0.0693690554159247,5217,67.85017557549746,0.1675292313590186,0.05,1,quantile,
nhanes_dm,5,2,4,IF age >= 57 AND systolic_bp >= 121.667 THEN high risk,1,0.0526166286878383,2028,26.37534139680062,0.3047337278106509,0.05,2,quantile_conjunction,
nhanes_dm,5,2,5,IF age >= 57 AND bmi >= 31 THEN high risk,1,0.0520590548514619,967,12.576407855377813,0.3857290589451913,0.05,2,quantile_conjunction,
nhanes_dm,5,2,6,IF age >= 57 AND triglycerides >= 184 THEN high risk,1,0.0484203205231402,596,7.751333073221485,0.3741610738255033,0.05,2,quantile_conjunction,
nhanes_dm,5,2,7,IF age >= 40 AND bmi >= 28.7 THEN high risk,1,0.0481977472908624,2890,37.58616204968136,0.2761245674740484,0.05,2,quantile_conjunction,
nhanes_dm,5,2,8,IF serum_albumin <= 3.9 AND triglycerides >= 100 THEN high risk,1,0.0462283923364978,1059,13.772922356613345,0.2568460812086874,0.05,2,quantile_conjunction,
nhanes_dm,5,2,9,IF bmi >= 31 AND systolic_bp >= 125.667 THEN high risk,1,0.0460242248532542,1122,14.592274678111588,0.2709447415329768,0.05,2,quantile_conjunction,
nhanes_dm,5,2,10,IF systolic_bp >= 121.667 AND triglycerides >= 100 THEN high risk,1,0.0456440965917863,3119,40.564442710365455,0.2106444373196537,0.05,2,quantile_conjunction,
nhanes_dm,5,2,11,IF bmi >= 26.8 AND systolic_bp >= 117.667 THEN high risk,1,0.0454364267090713,3542,46.06580829756796,0.2103331451157538,0.05,2,quantile_conjunction,
nhanes_dm,5,2,12,IF bmi >= 26.8 AND hdl <= 47 THEN high risk,1,0.0446748448310776,2112,27.467811158798284,0.2263257575757575,0.05,2,quantile_conjunction,
nhanes_dm,5,2,13,IF bmi >= 28.7 AND hdl <= 41 THEN high risk,1,0.0444475927245382,1090,14.1760957211601,0.265137614678899,0.05,2,quantile_conjunction,
nhanes_dm,5,2,14,IF hdl <= 51 AND triglycerides >= 100 THEN high risk,1,0.0437722840562322,3623,47.11926128235141,0.1995583770356058,0.05,2,quantile_conjunction,
nhanes_dm,5,2,15,IF age >= 49 AND ggt >= 24 THEN high risk,1,0.043742521418171,1524,19.82052282481467,0.3044619422572178,0.05,2,quantile_conjunction,
nhanes_dm,5,2,16,IF bmi >= 34.8 AND triglycerides >= 184 THEN high risk,1,0.0434732691891374,402,5.228248146703082,0.2935323383084577,0.05,2,quantile_conjunction,
nhanes_dm,5,2,17,IF hdl <= 41 AND triglycerides >= 136 THEN high risk,1,0.0426814661422172,1132,14.722330602158928,0.2535335689045936,0.05,2,quantile_conjunction,
nhanes_dm,5,2,18,IF hdl <= 51 AND uric_acid >= 6.4 THEN high risk,1,0.0420946343163978,1110,14.43620756925478,0.2252252252252252,0.05,2,quantile_conjunction,
nhanes_dm,5,2,19,IF ggt >= 33 AND total_cholesterol <= 185 THEN high risk,1,0.0414171833388981,654,8.50565743269606,0.3211009174311927,0.05,2,quantile_conjunction,
nhanes_dm,5,2,20,IF hdl <= 41 AND uric_acid >= 6.4 THEN high risk,1,0.0404582368979484,598,7.777344258030953,0.2408026755852843,0.05,2,quantile_conjunction,
nhanes_dm,5,3,1,IF bmi >= 30.9 THEN high risk,1,0.0778611714900917,2714,35.297177786448174,0.2280766396462785,0.05,1,quantile,
nhanes_dm,5,3,2,IF ggt >= 18 THEN high risk,1,0.0760126002752477,5079,66.05540382364417,0.1860602480803307,0.05,1,quantile,
nhanes_dm,5,3,3,IF age >= 49 AND triglycerides >= 100 THEN high risk,1,0.0505656076858673,2831,36.81883209780206,0.2850582832921229,0.05,2,quantile_conjunction,
nhanes_dm,5,3,4,IF systolic_bp >= 126 AND total_cholesterol <= 157 THEN high risk,1,0.0489183191013669,512,6.6588633112238265,0.39453125,0.05,2,quantile_conjunction,
nhanes_dm,5,3,5,IF age >= 49 AND triglycerides >= 136 THEN high risk,1,0.0488440433883238,1562,20.314735336194563,0.3156209987195902,0.05,2,quantile_conjunction,
nhanes_dm,5,3,6,IF age >= 32 AND hdl <= 51 THEN high risk,1,0.0481165879949603,3540,46.039797112758485,0.2324858757062146,0.05,2,quantile_conjunction,
nhanes_dm,5,3,7,IF age >= 32 AND ggt >= 24 THEN high risk,1,0.0473026474705532,2421,31.486539211861096,0.2370921106980586,0.05,2,quantile_conjunction,
nhanes_dm,5,3,8,IF ggt >= 21 AND total_cholesterol <= 184 THEN high risk,1,0.0470678912763933,2467,32.08479646247886,0.2205107417916497,0.05,2,quantile_conjunction,
nhanes_dm,5,3,9,IF bmi >= 24.2 AND systolic_bp >= 122 THEN high risk,1,0.0470503391724987,3680,47.86058004942125,0.2125,0.05,2,quantile_conjunction,
nhanes_dm,5,3,10,IF age >= 49 AND serum_albumin <= 3.9 THEN high risk,1,0.047025908727227,1052,13.681883209780205,0.3032319391634981,0.05,2,quantile_conjunction,
nhanes_dm,5,3,11,IF ggt >= 21 AND total_cholesterol <= 174 THEN high risk,1,0.046755831896596,1195,15.541682923657172,0.2887029288702928,0.05,2,quantile_conjunction,
nhanes_dm,5,3,12,IF total_cholesterol <= 174 AND triglycerides >= 100 THEN high risk,1,0.0467161586235449,1269,16.504096761607492,0.3128447596532703,0.05,2,quantile_conjunction,
nhanes_dm,5,3,13,IF age >= 41 AND serum_albumin <= 3.9 THEN high risk,1,0.046516607716982,1318,17.14137078943946,0.2738998482549317,0.05,2,quantile_conjunction,
nhanes_dm,5,3,14,IF ggt >= 18 AND triglycerides >= 136 THEN high risk,1,0.0463951813855719,2021,26.284302249967485,0.2380009896091044,0.05,2,quantile_conjunction,
nhanes_dm,5,3,15,IF ggt >= 33 AND total_cholesterol <= 184 THEN high risk,1,0.0460586071439579,656,8.531668617505527,0.3079268292682927,0.05,2,quantile_conjunction,
nhanes_dm,5,3,16,IF bmi >= 26.9 AND triglycerides >= 184 THEN high risk,1,0.0459982279039913,1188,15.450643776824036,0.2643097643097643,0.05,2,quantile_conjunction,
nhanes_dm,5,3,17,IF hdl <= 51 AND total_cholesterol <= 184 THEN high risk,1,0.0459761481109815,2866,37.27402783196775,0.2110956036287508,0.05,2,quantile_conjunction,
nhanes_dm,5,3,18,IF ggt >= 18 AND serum_albumin <= 4.1 THEN high risk,1,0.0458301763862059,1981,25.764078553778123,0.2372539121655729,0.05,2,quantile_conjunction,
nhanes_dm,5,3,19,IF ggt >= 24 AND triglycerides >= 136 THEN high risk,1,0.0457945438517784,1495,19.443360645077384,0.2421404682274247,0.05,2,quantile_conjunction,
nhanes_dm,5,3,20,IF hdl <= 47 AND serum_albumin <= 4.1 THEN high risk,1,0.0451934003978593,1357,17.648588893224087,0.2542372881355932,0.05,2,quantile_conjunction,
nhanes_dm,5,4,1,IF systolic_bp >= 118 THEN high risk,1,0.0734898058212085,5048,65.65223045909741,0.180863708399366,0.05,1,quantile,
nhanes_dm,5,4,2,IF uric_acid >= 4.9 THEN high risk,1,0.0710978394003913,5125,66.65366107426193,0.1678048780487805,0.05,1,quantile,
nhanes_dm,5,4,3,IF ast >= 26 THEN high risk,1,0.0710745805133476,1725,22.43464689816621,0.1727536231884057,0.05,1,quantile,
nhanes_dm,5,4,4,IF diastolic_bp <= 76 THEN high risk,1,0.0709379504841575,5089,66.18545974769151,0.1650618982118294,0.05,1,quantile,
nhanes_dm,5,4,5,IF bmi >= 26.8 AND systolic_bp >= 136 THEN high risk,1,0.0480159630639253,1040,13.525816100923397,0.2692307692307692,0.05,2,quantile_conjunction,
nhanes_dm,5,4,6,IF serum_albumin <= 3.9 AND triglycerides >= 183 THEN high risk,1,0.0469989143831461,348,4.525946156847445,0.3706896551724138,0.05,2,quantile_conjunction,
nhanes_dm,5,4,7,IF bmi >= 24.1 AND systolic_bp >= 126.333 THEN high risk,1,0.0468096910034151,2293,29.821823384055147,0.2341910161360663,0.05,2,quantile_conjunction,
nhanes_dm,5,4,8,IF age >= 49 AND bmi >= 30.8 THEN high risk,1,0.0458253484585125,1419,18.4549356223176,0.3530655391120507,0.05,2,quantile_conjunction,
nhanes_dm,5,4,9,IF age >= 41 AND triglycerides >= 183 THEN high risk,1,0.0456349287241197,1132,14.722330602158928,0.3171378091872791,0.05,2,quantile_conjunction,
nhanes_dm,5,4,10,IF ggt >= 18 AND triglycerides >= 134 THEN high risk,1,0.0452822029769251,2072,26.94758746260892,0.2403474903474903,0.05,2,quantile_conjunction,
nhanes_dm,5,4,11,IF bmi >= 28.7 AND triglycerides >= 115 THEN high risk,1,0.0451749257124933,2759,35.882429444661206,0.2279811525915186,0.05,2,quantile_conjunction,
nhanes_dm,5,4,12,IF age >= 57 AND bmi >= 34.5 THEN high risk,1,0.044947876463007,537,6.984003121342178,0.4208566108007449,0.05,2,quantile_conjunction,
nhanes_dm,5,4,13,IF bmi >= 28.7 AND serum_albumin <= 3.9 THEN high risk,1,0.0448712960343591,1177,15.30758226037196,0.2659303313508921,0.05,2,quantile_conjunction,
nhanes_dm,5,4,14,IF hdl <= 47 AND serum_albumin <= 3.9 THEN high risk,1,0.043780342190524,719,9.351020939003773,0.2962447844228094,0.05,2,quantile_conjunction,
nhanes_dm,5,4,15,IF ggt >= 33 AND triglycerides >= 134 THEN high risk,1,0.0435567478308315,912,11.86110027311744,0.2587719298245614,0.05,2,quantile_conjunction,
nhanes_dm,5,4,16,IF ggt >= 21 AND total_cholesterol <= 175 THEN high risk,1,0.0430645675726106,1225,15.931850695799191,0.2938775510204082,0.05,2,quantile_conjunction,
nhanes_dm,5,4,17,IF ggt >= 33 AND hdl <= 41 THEN high risk,1,0.0430138289460292,512,6.6588633112238265,0.291015625,0.05,2,quantile_conjunction,
nhanes_dm,5,4,18,IF total_cholesterol <= 157 AND triglycerides >= 134 THEN high risk,1,0.0424912325146623,369,4.799063597346859,0.4363143631436314,0.05,2,quantile_conjunction,
nhanes_dm,5,4,19,IF bmi >= 30.8 AND hdl <= 47 THEN high risk,1,0.0422056282586448,1328,17.271426713486797,0.2771084337349397,0.05,2,quantile_conjunction,
nhanes_dm,5,4,20,IF bmi >= 34.5 AND total_cholesterol <= 157 THEN high risk,1,0.0417263296476887,364,4.734035635323189,0.3983516483516483,0.05,2,quantile_conjunction,
nhanes_dm,5,5,1,IF age >= 49 THEN high risk,1,0.0877319765122734,3912,50.877877487319545,0.2574130879345603,0.05,1,quantile,
nhanes_dm,5,5,2,IF ggt >= 24 THEN high risk,1,0.0670906082938374,2776,36.103524515541686,0.2053314121037464,0.05,1,quantile,
nhanes_dm,5,5,3,IF total_cholesterol <= 184 THEN high risk,1,0.065913383990072,4319,56.171153596046295,0.1868488075943505,0.05,1,quantile,
nhanes_dm,5,5,4,IF ggt >= 21 THEN high risk,1,0.0651805917221055,4359,56.69137729223566,0.1862812571690754,0.05,1,quantile,
nhanes_dm,5,5,5,IF uric_acid >= 5.3 THEN high risk,1,0.0629721757987996,4361,56.71738847704513,0.1701444622792937,0.05,1,quantile,
nhanes_dm,5,5,6,IF ast >= 23 THEN high risk,1,0.0617011699078994,2697,35.07608271556769,0.160919540229885,0.05,1,quantile,
nhanes_dm,5,5,7,IF age >= 32 AND bmi >= 28.8 THEN high risk,1,0.0468112365827624,3447,44.83027701911822,0.2407890919640267,0.05,2,quantile_conjunction,
nhanes_dm,5,5,8,IF serum_albumin <= 4.1 AND triglycerides >= 136 THEN high risk,1,0.0448076184400084,1235,16.061906619846532,0.2672064777327935,0.05,2,quantile_conjunction,
nhanes_dm,5,5,9,IF hdl <= 51 AND total_cholesterol <= 157 THEN high risk,1,0.0438149036990134,1001,13.01859799713877,0.2967032967032967,0.05,2,quantile_conjunction,
nhanes_dm,5,5,10,IF age >= 32 AND systolic_bp >= 122 THEN high risk,1,0.0430392084028117,3794,49.343217583560936,0.2129678439641539,0.05,2,quantile_conjunction,
nhanes_dm,5,5,11,IF hdl <= 47 AND total_cholesterol <= 174 THEN high risk,1,0.0427372655571374,1260,16.387046429964887,0.273015873015873,0.05,2,quantile_conjunction,
nhanes_dm,5,5,12,IF age >= 64 AND serum_albumin <= 4.1 THEN high risk,1,0.0427297596927806,823,10.70360254909611,0.3329283110571081,0.05,2,quantile_conjunction,
nhanes_dm,5,5,13,IF hdl <= 47 AND systolic_bp >= 122 THEN high risk,1,0.0426991075887678,1519,19.755494862791,0.2514812376563529,0.05,2,quantile_conjunction,
nhanes_dm,5,5,14,IF serum_albumin <= 4.1 AND systolic_bp >= 126 THEN high risk,1,0.0416264225555787,1226,15.944856288203926,0.2504078303425774,0.05,2,quantile_conjunction,
nhanes_dm,5,5,15,IF ggt >= 33 AND total_cholesterol <= 184 THEN high risk,1,0.0415139594799169,664,8.635713356743398,0.2996987951807229,0.05,2,quantile_conjunction,
nhanes_dm,5,5,16,IF ggt >= 18 AND triglycerides >= 185 THEN high risk,1,0.0405076672106172,1231,16.0098842502276,0.2453290008123476,0.05,2,quantile_conjunction,
nhanes_dm,5,5,17,IF total_cholesterol <= 157 AND triglycerides >= 185 THEN high risk,1,0.0404223143078822,170,2.210950708804786,0.4764705882352941,0.05,2,quantile_conjunction,
nhanes_dm,5,5,18,IF hdl <= 55 AND triglycerides >= 185 THEN high risk,1,0.0403770849590982,1395,18.14280140460398,0.2379928315412186,0.05,2,quantile_conjunction,
nhanes_dm,5,5,19,IF bmi >= 34.7 AND serum_albumin <= 4.1 THEN high risk,1,0.0396448107689061,1005,13.070620366757709,0.263681592039801,0.05,2,quantile_conjunction,
nhanes_dm,5,5,20,IF systolic_bp >= 135.333 AND triglycerides >= 185 THEN high risk,1,0.0386787345297309,387,5.033164260632072,0.2919896640826873,0.05,2,quantile_conjunction,
nhanes_dm,6,1,1,IF systolic_bp >= 135.667 THEN high risk,1,0.0709858097809476,1539,20.01821019771072,0.253411306042885,0.05,1,quantile,
nhanes_dm,6,1,2,IF systolic_bp >= 110.667 THEN high risk,1,0.0658525045347994,6161,80.13787721123829,0.173510793702321,0.05,1,quantile,
nhanes_dm,6,1,3,IF total_cholesterol <= 215 THEN high risk,1,0.0653692438715704,6156,80.07284079084287,0.1656920077972709,0.05,1,quantile,
nhanes_dm,6,1,4,IF triglycerides >= 76 THEN high risk,1,0.0653035917516581,6160,80.12486992715921,0.1767857142857143,0.05,1,quantile,
nhanes_dm,6,1,5,IF sex <= 1 THEN high risk,1,0.0650974722384327,3731,48.53017689906348,0.1648351648351648,0.05,1,quantile,
nhanes_dm,6,1,6,IF alt >= 14 THEN high risk,1,0.0647191485086362,6329,82.32310093652445,0.1641649549691894,0.05,1,quantile,
nhanes_dm,6,1,7,IF age >= 57 AND bmi >= 28.8 THEN high risk,1,0.0511761692361727,1520,19.77107180020812,0.3585526315789473,0.05,2,quantile_conjunction,
nhanes_dm,6,1,8,IF age >= 57 AND systolic_bp >= 122 THEN high risk,1,0.0484228449981839,2055,26.72996878251821,0.3041362530413625,0.05,2,quantile_conjunction,
nhanes_dm,6,1,9,IF bmi >= 26.8 AND total_cholesterol <= 175 THEN high risk,1,0.0477623933700145,1703,22.151404786680544,0.2783323546682325,0.05,2,quantile_conjunction,
nhanes_dm,6,1,10,IF hdl <= 47 AND total_cholesterol <= 185 THEN high risk,1,0.0431303352298779,1532,19.92715920915713,0.2597911227154047,0.05,2,quantile_conjunction,
nhanes_dm,6,1,11,IF ggt >= 25 AND total_cholesterol <= 175 THEN high risk,1,0.0430357063224371,902,11.732570239334027,0.3093126385809313,0.05,2,quantile_conjunction,
nhanes_dm,6,1,12,IF hdl <= 55 AND total_cholesterol <= 185 THEN high risk,1,0.0426673964495528,3245,42.20863683662851,0.2077041602465331,0.05,2,quantile_conjunction,
nhanes_dm,6,1,13,IF age >= 31 AND bmi >= 31 THEN high risk,1,0.0425125909457965,2318,30.150884495317374,0.2614322691975841,0.05,2,quantile_conjunction,
nhanes_dm,6,1,14,IF age >= 64 AND bmi >= 35 THEN high risk,1,0.0423762655209308,292,3.798126951092612,0.4383561643835616,0.05,2,quantile_conjunction,
nhanes_dm,6,1,15,IF systolic_bp >= 135.667 AND triglycerides >= 100 THEN high risk,1,0.0414177460871669,1074,13.969823100936525,0.2718808193668529,0.05,2,quantile_conjunction,
nhanes_dm,6,1,16,IF bmi >= 35 AND triglycerides >= 116 THEN high risk,1,0.0413913414835949,966,12.56503642039542,0.2908902691511387,0.05,2,quantile_conjunction,
nhanes_dm,6,1,17,IF hdl <= 47 AND systolic_bp >= 122 THEN high risk,1,0.0402598761464016,1486,19.32882414151925,0.2644683714670255,0.05,2,quantile_conjunction,
nhanes_dm,6,1,18,IF ggt >= 21 AND serum_albumin <= 3.9 THEN high risk,1,0.0401526635887476,928,12.07075962539022,0.2790948275862069,0.05,2,quantile_conjunction,
nhanes_dm,6,1,19,IF bmi >= 31 AND systolic_bp >= 122 THEN high risk,1,0.0398845891530288,1615,21.006763787721123,0.2594427244582043,0.05,2,quantile_conjunction,
nhanes_dm,6,1,20,IF ggt >= 21 AND triglycerides >= 185 THEN high risk,1,0.0384823107820485,1106,14.386056191467222,0.2603978300180832,0.05,2,quantile_conjunction,
nhanes_dm,6,2,1,IF age >= 57 THEN high risk,1,0.0800774216520417,2838,36.9098712446352,0.2878787878787879,0.05,1,quantile,
nhanes_dm,6,2,2,IF alt >= 22 THEN high risk,1,0.0667474610533369,2785,36.22057484718429,0.1784560143626571,0.05,1,quantile,
nhanes_dm,6,2,3,IF serum_albumin <= 4.4 THEN high risk,1,0.0664066284170306,6246,81.23293015996879,0.1706692283061159,0.05,1,quantile,
nhanes_dm,6,2,4,IF uric_acid >= 5.3 THEN high risk,1,0.065433971091968,4409,57.34165691247236,0.1714674529371739,0.05,1,quantile,
nhanes_dm,6,2,5,IF ast <= 21 THEN high risk,1,0.0647272529388741,4595,59.76069709975289,0.1590859630032644,0.05,1,quantile,
nhanes_dm,6,2,6,IF age >= 57 AND ggt >= 18 THEN high risk,1,0.0468426429008319,2041,26.54441409806217,0.3096521313081822,0.05,2,quantile_conjunction,
nhanes_dm,6,2,7,IF age >= 65 AND systolic_bp >= 122 THEN high risk,1,0.0459199124335299,1211,15.749772402132916,0.3228736581337737,0.05,2,quantile_conjunction,
nhanes_dm,6,2,8,IF bmi >= 28.6 AND total_cholesterol <= 174 THEN high risk,1,0.0458718860773815,1348,17.53153856158148,0.3034124629080119,0.05,2,quantile_conjunction,
nhanes_dm,6,2,9,IF age >= 65 AND triglycerides >= 117 THEN high risk,1,0.0455458374318382,966,12.563402262973078,0.3664596273291925,0.05,2,quantile_conjunction,
nhanes_dm,6,2,10,IF age >= 49 AND triglycerides >= 136 THEN high risk,1,0.0442851077945479,1562,20.314735336194563,0.322663252240717,0.05,2,quantile_conjunction,
nhanes_dm,6,2,11,IF bmi >= 24.1 AND total_cholesterol <= 174 THEN high risk,1,0.0440998385455131,2089,27.1686825334894,0.2546673049305888,0.05,2,quantile_conjunction,
nhanes_dm,6,2,12,IF hdl <= 41 AND systolic_bp >= 118 THEN high risk,1,0.0438460690798927,1088,14.15008453635063,0.2693014705882353,0.05,2,quantile_conjunction,
nhanes_dm,6,2,13,IF ggt >= 24 AND total_cholesterol <= 174 THEN high risk,1,0.0434216856772484,955,12.420340746521005,0.3078534031413613,0.05,2,quantile_conjunction,
nhanes_dm,6,2,14,IF bmi >= 26.7 AND systolic_bp >= 135.667 THEN high risk,1,0.0432148604986246,1056,13.733905579399142,0.2831439393939394,0.05,2,quantile_conjunction,
nhanes_dm,6,2,15,IF hdl <= 41 AND triglycerides >= 185 THEN high risk,1,0.0429126216908432,819,10.651580179477175,0.2600732600732601,0.05,2,quantile_conjunction,
nhanes_dm,6,2,16,IF hdl <= 47 AND triglycerides >= 185 THEN high risk,1,0.0428978725372776,1109,14.423201976850043,0.2461677186654643,0.05,2,quantile_conjunction,
nhanes_dm,6,2,17,IF hdl <= 47 AND triglycerides >= 117 THEN high risk,1,0.0427053315311793,1965,25.55598907530238,0.226972010178117,0.05,2,quantile_conjunction,
nhanes_dm,6,2,18,IF bmi >= 26.7 AND ggt >= 24 THEN high risk,1,0.042229779787003,2085,27.116660163870463,0.2321342925659472,0.05,2,quantile_conjunction,
nhanes_dm,6,2,19,IF ggt >= 33 AND systolic_bp >= 118 THEN high risk,1,0.0415154476638542,1160,15.086487189491482,0.2336206896551724,0.05,2,quantile_conjunction,
nhanes_dm,6,2,20,IF ggt >= 21 AND systolic_bp >= 135.667 THEN high risk,1,0.0412983711971821,992,12.901547665496164,0.2651209677419355,0.05,2,quantile_conjunction,
nhanes_dm,6,3,1,IF systolic_bp >= 110.333 THEN high risk,1,0.0724567848202999,6169,80.23149954480427,0.1713405738369265,0.05,1,quantile,
nhanes_dm,6,3,2,IF alt >= 14 THEN high risk,1,0.0723534449966924,6254,81.33697489920667,0.1637352094659418,0.05,1,quantile,
nhanes_dm,6,3,3,IF ast <= 22 THEN high risk,1,0.0722051972752222,5069,65.92534789959683,0.1586111659104359,0.05,1,quantile,
nhanes_dm,6,3,4,IF age >= 49 AND bmi >= 31 THEN high risk,1,0.0507654505079186,1424,18.519963584341266,0.3497191011235955,0.05,2,quantile_conjunction,
nhanes_dm,6,3,5,IF age >= 64 AND bmi >= 26.8 THEN high risk,1,0.0482112309796408,1140,14.8263753413968,0.3701754385964912,0.05,2,quantile_conjunction,
nhanes_dm,6,3,6,IF age >= 31 AND bmi >= 24.1 THEN high risk,1,0.0472682793519411,5240,68.14930420080636,0.208206106870229,0.05,2,quantile_conjunction,
nhanes_dm,6,3,7,IF age >= 40 AND triglycerides >= 137 THEN high risk,1,0.046967827293131,1994,25.933151255039665,0.2728184553660983,0.05,2,quantile_conjunction,
nhanes_dm,6,3,8,IF age >= 31 AND triglycerides >= 77 THEN high risk,1,0.0465800859485516,5223,67.92820912992586,0.2044801838024124,0.05,2,quantile_conjunction,
nhanes_dm,6,3,9,IF bmi >= 31 AND total_cholesterol <= 185 THEN high risk,1,0.0459372875759281,1470,19.118220834959036,0.273469387755102,0.05,2,quantile_conjunction,
nhanes_dm,6,3,10,IF bmi >= 31 AND systolic_bp >= 135.333 THEN high risk,1,0.0458273739126569,656,8.531668617505527,0.3003048780487805,0.05,2,quantile_conjunction,
nhanes_dm,6,3,11,IF bmi >= 24.1 AND ggt >= 24 THEN high risk,1,0.0456855564220399,2453,31.902718168812587,0.2189156135344476,0.05,2,quantile_conjunction,
nhanes_dm,6,3,12,IF bmi >= 24.1 AND triglycerides >= 100 THEN high risk,1,0.0456835615129585,4384,57.016517102354015,0.2005018248175182,0.05,2,quantile_conjunction,
nhanes_dm,6,3,13,IF hdl <= 51 AND total_cholesterol <= 157 THEN high risk,1,0.0452685020655973,978,12.719469371829886,0.2934560327198364,0.05,2,quantile_conjunction,
nhanes_dm,6,3,14,IF ggt >= 21 AND hdl <= 41 THEN high risk,1,0.0452456536890696,1095,14.241123683183767,0.2529680365296803,0.05,2,quantile_conjunction,
nhanes_dm,6,3,15,IF ggt >= 34 AND triglycerides >= 116 THEN high risk,1,0.0452321704431345,1059,13.772922356613345,0.2398489140698772,0.05,2,quantile_conjunction,
nhanes_dm,6,3,16,IF hdl <= 41 AND triglycerides >= 137 THEN high risk,1,0.0452316149875698,1172,15.24255429834829,0.2491467576791808,0.05,2,quantile_conjunction,
nhanes_dm,6,3,17,IF age >= 64 AND total_cholesterol <= 157 THEN high risk,1,0.0452167500010787,426,5.540382364416699,0.5023474178403756,0.05,2,quantile_conjunction,
nhanes_dm,6,3,18,IF hdl <= 41 AND triglycerides >= 77 THEN high risk,1,0.0449004264664785,1585,20.613863961503444,0.2454258675078864,0.05,2,quantile_conjunction,
nhanes_dm,6,3,19,IF systolic_bp >= 122 AND triglycerides >= 186 THEN high risk,1,0.0445889968447795,945,12.290284822473664,0.2518518518518518,0.05,2,quantile_conjunction,
nhanes_dm,6,3,20,IF age >= 57 AND systolic_bp >= 135.333 THEN high risk,1,0.0443738049053102,996,12.9535700351151,0.3022088353413654,0.05,2,quantile_conjunction,
nhanes_dm,6,4,1,IF age >= 49 THEN high risk,1,0.0787885135824024,3946,51.3200676290805,0.2574759249873289,0.05,1,quantile,
nhanes_dm,6,4,2,IF race_ethnicity <= 2 THEN high risk,1,0.0714840360413718,1982,25.77708414618286,0.1796165489404641,0.05,1,quantile,
nhanes_dm,6,4,3,IF serum_albumin <= 4.1 THEN high risk,1,0.0709136156897907,3223,41.9170243204578,0.1954700589512876,0.05,1,quantile,
nhanes_dm,6,4,4,IF ast <= 19 THEN high risk,1,0.0708320231449422,2749,35.75237352061386,0.1716987995634776,0.05,1,quantile,
nhanes_dm,6,4,5,IF age >= 64 AND hdl <= 55 THEN high risk,1,0.0478657399298351,1074,13.968006242684355,0.3957169459962756,0.05,2,quantile_conjunction,
nhanes_dm,6,4,6,IF age >= 64 AND hdl <= 41 THEN high risk,1,0.0459493535362243,336,4.369879047990636,0.5059523809523809,0.05,2,quantile_conjunction,
nhanes_dm,6,4,7,IF age >= 41 AND ggt >= 18 THEN high risk,1,0.0459233743946489,3615,47.01521654311354,0.2439834024896265,0.05,2,quantile_conjunction,
nhanes_dm,6,4,8,IF ggt >= 33 AND total_cholesterol <= 185 THEN high risk,1,0.0454548991469808,669,8.70074131876707,0.3168908819133034,0.05,2,quantile_conjunction,
nhanes_dm,6,4,9,IF bmi >= 26.9 AND systolic_bp >= 122 THEN high risk,1,0.0454061221112317,3046,39.61503446481987,0.216677609980302,0.05,2,quantile_conjunction,
nhanes_dm,6,4,10,IF age >= 64 AND total_cholesterol <= 175 THEN high risk,1,0.0451154675304902,656,8.531668617505527,0.4740853658536585,0.05,2,quantile_conjunction,
nhanes_dm,6,4,11,IF age >= 64 AND ggt >= 24 THEN high risk,1,0.0444353770986031,605,7.868383404864092,0.3636363636363636,0.05,2,quantile_conjunction,
nhanes_dm,6,4,12,IF age >= 41 AND systolic_bp >= 125.667 THEN high risk,1,0.0440574776991774,2311,30.055924047340355,0.2483773258329727,0.05,2,quantile_conjunction,
nhanes_dm,6,4,13,IF systolic_bp >= 122 AND triglycerides >= 101 THEN high risk,1,0.0439212725204941,3100,40.31733645467551,0.2032258064516129,0.05,2,quantile_conjunction,
nhanes_dm,6,4,14,IF age >= 64 AND systolic_bp >= 125.667 THEN high risk,1,0.0439152627461635,943,12.264273637664196,0.3372216330858961,0.05,2,quantile_conjunction,
nhanes_dm,6,4,15,IF ggt >= 21 AND systolic_bp >= 122 THEN high risk,1,0.0436047886140321,2847,37.0269215762778,0.198805760449596,0.05,2,quantile_conjunction,
nhanes_dm,6,4,16,IF serum_albumin <= 3.9 AND total_cholesterol <= 175 THEN high risk,1,0.0431004932342558,817,10.625568994667708,0.2753977968176254,0.05,2,quantile_conjunction,
nhanes_dm,6,4,17,IF ggt >= 33 AND triglycerides >= 116 THEN high risk,1,0.0427393654379977,1062,13.811939133827549,0.2372881355932203,0.05,2,quantile_conjunction,
nhanes_dm,6,4,18,IF systolic_bp >= 125.667 AND triglycerides >= 185 THEN high risk,1,0.0426575677678349,709,9.22096501495643,0.2496473906911142,0.05,2,quantile_conjunction,
nhanes_dm,6,4,19,IF hdl <= 55 AND triglycerides >= 135 THEN high risk,1,0.0422991698915133,2255,29.32761087267525,0.2208425720620842,0.05,2,quantile_conjunction,
nhanes_dm,6,4,20,IF hdl <= 51 AND triglycerides >= 185 THEN high risk,1,0.0415360798820092,1285,16.712186240083234,0.2443579766536965,0.05,2,quantile_conjunction,
nhanes_dm,6,5,1,IF age >= 57 THEN high risk,1,0.0844368027494376,2807,36.50669788008844,0.288564303526897,0.05,1,quantile,
nhanes_dm,6,5,2,IF systolic_bp >= 126 THEN high risk,1,0.0737990198644172,2697,35.07608271556769,0.2150537634408602,0.05,1,quantile,
nhanes_dm,6,5,3,IF hdl <= 51 THEN high risk,1,0.0699389492538163,4431,57.62777994537651,0.1911532385466035,0.05,1,quantile,
nhanes_dm,6,5,4,IF serum_albumin <= 4.4 THEN high risk,1,0.0683496706030481,6254,81.33697489920667,0.1693316277582347,0.05,1,quantile,
nhanes_dm,6,5,5,IF age >= 57 AND ggt >= 18 THEN high risk,1,0.0520193210838215,1987,25.84211210820653,0.3080020130850528,0.05,2,quantile_conjunction,
nhanes_dm,6,5,6,IF age >= 65 AND bmi >= 28.8 THEN high risk,1,0.0452815516978241,876,11.392898946547016,0.4018264840182648,0.05,2,quantile_conjunction,
nhanes_dm,6,5,7,IF systolic_bp >= 121.667 AND triglycerides >= 101 THEN high risk,1,0.0450029883383921,3122,40.603459487579656,0.2117232543241511,0.05,2,quantile_conjunction,
nhanes_dm,6,5,8,IF age >= 65 AND systolic_bp >= 135 THEN high risk,1,0.0446754119490802,588,7.647288333983612,0.3197278911564626,0.05,2,quantile_conjunction,
nhanes_dm,6,5,9,IF bmi >= 26.9 AND systolic_bp >= 121.667 THEN high risk,1,0.0446206667279352,3064,39.84913512810508,0.2216057441253263,0.05,2,quantile_conjunction,
nhanes_dm,6,5,10,IF ggt >= 24 AND total_cholesterol <= 175 THEN high risk,1,0.0441290467937943,942,12.251268045259462,0.2898089171974522,0.05,2,quantile_conjunction,
nhanes_dm,6,5,11,IF bmi >= 34.7 AND systolic_bp >= 121.667 THEN high risk,1,0.0440823700583389,902,11.731044349070102,0.2738359201773836,0.05,2,quantile_conjunction,
nhanes_dm,6,5,12,IF ggt >= 18 AND triglycerides >= 117 THEN high risk,1,0.0438511432997702,3451,44.88229938873716,0.2019704433497537,0.05,2,quantile_conjunction,
nhanes_dm,6,5,13,IF hdl <= 51 AND triglycerides >= 183 THEN high risk,1,0.0437172766184083,1270,16.517102354012223,0.2551181102362205,0.05,2,quantile_conjunction,
nhanes_dm,6,5,14,IF systolic_bp >= 126 AND triglycerides >= 117 THEN high risk,1,0.0436424065672784,1605,20.87397580959813,0.2404984423676012,0.05,2,quantile_conjunction,
nhanes_dm,6,5,15,IF hdl <= 51 AND total_cholesterol <= 185 THEN high risk,1,0.0430028778340849,2866,37.27402783196775,0.2149337055129099,0.05,2,quantile_conjunction,
nhanes_dm,6,5,16,IF bmi >= 28.8 AND ggt >= 18 THEN high risk,1,0.0428801411798279,3145,40.902588112888544,0.2216216216216216,0.05,2,quantile_conjunction,
nhanes_dm,6,5,17,IF systolic_bp >= 135 AND triglycerides >= 136 THEN high risk,1,0.0420733563021315,667,8.674730133957603,0.2758620689655172,0.05,2,quantile_conjunction,
nhanes_dm,6,5,18,IF bmi >= 26.9 AND serum_albumin <= 4.1 THEN high risk,1,0.0418816009460933,2287,29.74378982962674,0.2326191517271534,0.05,2,quantile_conjunction,
nhanes_dm,6,5,19,IF bmi >= 30.9 AND serum_albumin <= 4.1 THEN high risk,1,0.0417340171990186,1562,20.314735336194563,0.2496798975672215,0.05,2,quantile_conjunction,
nhanes_dm,6,5,20,IF hdl <= 51 AND serum_albumin <= 3.9 THEN high risk,1,0.0408813809334806,953,12.394329561711537,0.2675760755508919,0.05,2,quantile_conjunction,
nhanes_dm,7,1,1,IF hdl <= 51 THEN high risk,1,0.0773647153034395,4448,57.8563995837669,0.1868255395683453,0.05,1,quantile,
nhanes_dm,7,1,2,IF age >= 64 AND bmi >= 26.8 THEN high risk,1,0.0548375531372904,1132,14.724245577523412,0.377208480565371,0.05,2,quantile_conjunction,
nhanes_dm,7,1,3,IF age >= 57 AND bmi >= 30.9 THEN high risk,1,0.0504451083625769,1006,13.085327783558792,0.3827037773359841,0.05,2,quantile_conjunction,
nhanes_dm,7,1,4,IF age >= 57 AND systolic_bp >= 126.333 THEN high risk,1,0.0503286978207299,1481,19.26378772112383,0.300472653612424,0.05,2,quantile_conjunction,
nhanes_dm,7,1,5,IF total_cholesterol <= 174 AND triglycerides >= 136 THEN high risk,1,0.05028057831501,732,9.521331945889695,0.3210382513661202,0.05,2,quantile_conjunction,
nhanes_dm,7,1,6,IF age >= 40 AND triglycerides >= 116 THEN high risk,1,0.0494708305122895,3083,40.10145681581685,0.250081089847551,0.05,2,quantile_conjunction,
nhanes_dm,7,1,7,IF age >= 57 AND hdl <= 47 THEN high risk,1,0.0492878629070262,951,12.369927159209157,0.3943217665615142,0.05,2,quantile_conjunction,
nhanes_dm,7,1,8,IF age >= 32 AND hdl <= 41 THEN high risk,1,0.04903165481662,1349,17.546826222684704,0.2883617494440326,0.05,2,quantile_conjunction,
nhanes_dm,7,1,9,IF hdl <= 41 AND total_cholesterol <= 184 THEN high risk,1,0.048073475183533,906,11.784599375650364,0.2924944812362031,0.05,2,quantile_conjunction,
nhanes_dm,7,1,10,IF bmi >= 28.7 AND hdl <= 55 THEN high risk,1,0.0480072371270457,3177,41.32414151925078,0.2127793515895499,0.05,2,quantile_conjunction,
nhanes_dm,7,1,11,IF bmi >= 34.7 AND systolic_bp >= 118 THEN high risk,1,0.0478103118400584,1081,14.060874089490111,0.2608695652173913,0.05,2,quantile_conjunction,
nhanes_dm,7,1,12,IF bmi >= 26.8 AND hdl <= 55 THEN high risk,1,0.0476355833271074,3781,49.18054110301769,0.2060301507537688,0.05,2,quantile_conjunction,
nhanes_dm,7,1,13,IF hdl <= 55 AND systolic_bp >= 135.333 THEN high risk,1,0.0476295936550736,1027,13.35848074921956,0.2852969814995131,0.05,2,quantile_conjunction,
nhanes_dm,7,1,14,IF bmi >= 24.1 AND systolic_bp >= 118 THEN high risk,1,0.0475550628400481,4275,55.60613943808532,0.2009356725146198,0.05,2,quantile_conjunction,
nhanes_dm,7,1,15,IF age >= 40 AND systolic_bp >= 135.333 THEN high risk,1,0.0475274754703945,1443,18.769510926118627,0.2688842688842688,0.05,2,quantile_conjunction,
nhanes_dm,7,1,16,IF systolic_bp >= 118 AND triglycerides >= 116 THEN high risk,1,0.047272938843523,3162,41.12903225806452,0.204617330803289,0.05,2,quantile_conjunction,
nhanes_dm,7,1,17,IF hdl <= 47 AND total_cholesterol <= 184 THEN high risk,1,0.0471782008223504,1514,19.69302809573361,0.2648612945838837,0.05,2,quantile_conjunction,
nhanes_dm,7,1,18,IF hdl <= 47 AND triglycerides >= 136 THEN high risk,1,0.0471207620238515,1719,22.35952133194589,0.2210587550901687,0.05,2,quantile_conjunction,
nhanes_dm,7,1,19,IF bmi >= 34.7 AND total_cholesterol <= 157 THEN high risk,1,0.0469519810488011,358,4.656607700312175,0.3994413407821229,0.05,2,quantile_conjunction,
nhanes_dm,7,1,20,IF bmi >= 34.7 AND ggt >= 21 THEN high risk,1,0.0461903766432302,995,12.942247658688864,0.2743718592964824,0.05,2,quantile_conjunction,
nhanes_dm,7,2,1,IF serum_albumin <= 4.3 THEN high risk,1,0.0667715020721146,5647,73.4425803095331,0.1767310076146626,0.05,1,quantile,
nhanes_dm,7,2,2,IF alt >= 19 THEN high risk,1,0.0661789678760362,4591,59.70867473013396,0.1714223480723154,0.05,1,quantile,
nhanes_dm,7,2,3,IF race_ethnicity <= 4 THEN high risk,1,0.0657828499503273,6338,82.42944466120431,0.1609340485957715,0.05,1,quantile,
nhanes_dm,7,2,4,IF age >= 64 AND bmi >= 24 THEN high risk,1,0.0528140121326344,1429,18.584991546364936,0.3400979706088173,0.05,2,quantile_conjunction,
nhanes_dm,7,2,5,IF systolic_bp >= 122 AND total_cholesterol <= 157 THEN high risk,1,0.0516234639352013,776,10.092339706073613,0.3337628865979381,0.05,2,quantile_conjunction,
nhanes_dm,7,2,6,IF age >= 57 AND triglycerides >= 183 THEN high risk,1,0.0514411881463434,581,7.556249187150475,0.3855421686746988,0.05,2,quantile_conjunction,
nhanes_dm,7,2,7,IF age >= 64 AND bmi >= 28.7 THEN high risk,1,0.0509285278241029,927,12.05618415918845,0.3743257820927724,0.05,2,quantile_conjunction,
nhanes_dm,7,2,8,IF bmi >= 24 AND total_cholesterol <= 157 THEN high risk,1,0.0496332312529213,1175,15.281571075562493,0.3114893617021276,0.05,2,quantile_conjunction,
nhanes_dm,7,2,9,IF age >= 40 AND ggt >= 24 THEN high risk,1,0.0489857046174812,2055,26.72649239172845,0.2700729927007299,0.05,2,quantile_conjunction,
nhanes_dm,7,2,10,IF age >= 64 AND systolic_bp >= 126 THEN high risk,1,0.0489580946806928,940,12.225256860449992,0.3202127659574468,0.05,2,quantile_conjunction,
nhanes_dm,7,2,11,IF total_cholesterol <= 157 AND triglycerides >= 135 THEN high risk,1,0.0483741225499865,358,4.656002080894785,0.4189944134078212,0.05,2,quantile_conjunction,
nhanes_dm,7,2,12,IF bmi >= 30.9 AND triglycerides >= 100 THEN high risk,1,0.0476293434939647,1979,25.738067368968657,0.248610409297625,0.05,2,quantile_conjunction,
nhanes_dm,7,2,13,IF age >= 31 AND triglycerides >= 183 THEN high risk,1,0.046699434913081,1378,17.9217063337235,0.2597968069666183,0.05,2,quantile_conjunction,
nhanes_dm,7,2,14,IF ggt >= 33 AND total_cholesterol <= 174 THEN high risk,1,0.044800539575323,503,6.54181297958122,0.3180914512922465,0.05,2,quantile_conjunction,
nhanes_dm,7,2,15,IF ggt >= 24 AND hdl <= 41 THEN high risk,1,0.0447118722967515,912,11.86110027311744,0.2642543859649123,0.05,2,quantile_conjunction,
nhanes_dm,7,2,16,IF serum_albumin <= 3.9 AND total_cholesterol <= 157 THEN high risk,1,0.043704845497871,477,6.203667577058135,0.3144654088050314,0.05,2,quantile_conjunction,
nhanes_dm,7,2,17,IF bmi >= 34.6 AND systolic_bp >= 118 THEN high risk,1,0.0435409581160849,1050,13.655872024970735,0.2695238095238095,0.05,2,quantile_conjunction,
nhanes_dm,7,2,18,IF age >= 40 AND ggt >= 33 THEN high risk,1,0.0434639921636381,1193,15.515671738847706,0.2833193629505448,0.05,2,quantile_conjunction,
nhanes_dm,7,2,19,IF ggt >= 33 AND systolic_bp >= 118 THEN high risk,1,0.0419938784825162,1136,14.774352971777866,0.238556338028169,0.05,2,quantile_conjunction,
nhanes_dm,7,2,20,IF bmi >= 34.6 AND serum_albumin <= 3.9 THEN high risk,1,0.0419634704229267,674,8.76576928079074,0.2759643916913946,0.05,2,quantile_conjunction,
nhanes_dm,7,3,1,IF ast <= 17 THEN high risk,1,0.0746560287871833,1848,24.034334763948497,0.1872294372294372,0.05,1,quantile,
nhanes_dm,7,3,2,IF diastolic_bp <= 65 THEN high risk,1,0.0740426161206541,1573,20.45779685264664,0.1760966306420852,0.05,1,quantile,
nhanes_dm,7,3,3,IF age >= 40 AND bmi >= 28.8 THEN high risk,1,0.0526799373267937,2852,37.09194953830147,0.2784011220196353,0.05,2,quantile_conjunction,
nhanes_dm,7,3,4,IF age >= 57 AND bmi >= 26.9 THEN high risk,1,0.0489634496447463,1870,24.320457796852647,0.3572192513368984,0.05,2,quantile_conjunction,
nhanes_dm,7,3,5,IF bmi >= 28.8 AND total_cholesterol <= 175 THEN high risk,1,0.0486239598804902,1387,18.038756665366108,0.2869502523431867,0.05,2,quantile_conjunction,
nhanes_dm,7,3,6,IF age >= 40 AND hdl <= 51 THEN high risk,1,0.0485446185936889,2881,37.469111718038754,0.2731690385282888,0.05,2,quantile_conjunction,
nhanes_dm,7,3,7,IF bmi >= 26.9 AND ggt >= 24 THEN high risk,1,0.0484928012229129,2056,26.739497984133177,0.2251945525291828,0.05,2,quantile_conjunction,
nhanes_dm,7,3,8,IF ggt >= 34 AND triglycerides >= 100 THEN high risk,1,0.0474072323063806,1188,15.450643776824036,0.2441077441077441,0.05,2,quantile_conjunction,
nhanes_dm,7,3,9,IF ggt >= 24 AND triglycerides >= 77 THEN high risk,1,0.0471968276961113,2443,31.77266224476525,0.2140810478919361,0.05,2,quantile_conjunction,
nhanes_dm,7,3,10,IF bmi >= 24.3 AND triglycerides >= 77 THEN high risk,1,0.0469867591771338,5225,67.95422031473534,0.1955980861244019,0.05,2,quantile_conjunction,
nhanes_dm,7,3,11,IF ggt >= 34 AND systolic_bp >= 122.333 THEN high risk,1,0.0468588756470982,982,12.771491741448823,0.230142566191446,0.05,2,quantile_conjunction,
nhanes_dm,7,3,12,IF bmi >= 30.9 AND hdl <= 41 THEN high risk,1,0.0467634506852358,838,10.898686435167122,0.2935560859188544,0.05,2,quantile_conjunction,
nhanes_dm,7,3,13,IF bmi >= 28.8 AND triglycerides >= 116 THEN high risk,1,0.0464615889990195,2744,35.687345558590195,0.2310495626822157,0.05,2,quantile_conjunction,
nhanes_dm,7,3,14,IF serum_albumin <= 4.1 AND triglycerides >= 183 THEN high risk,1,0.0464608521805728,664,8.635713356743398,0.322289156626506,0.05,2,quantile_conjunction,
nhanes_dm,7,3,15,IF serum_albumin <= 4.1 AND systolic_bp >= 126.667 THEN high risk,1,0.0463002913402585,1241,16.13994017427494,0.2667203867848509,0.05,2,quantile_conjunction,
nhanes_dm,7,3,16,IF ggt >= 34 AND serum_albumin <= 3.9 THEN high risk,1,0.0462189701807059,426,5.540382364416699,0.3028169014084507,0.05,2,quantile_conjunction,
nhanes_dm,7,3,17,IF age >= 32 AND serum_albumin <= 3.9 THEN high risk,1,0.0461777913807869,1540,20.028612303290416,0.2493506493506493,0.05,2,quantile_conjunction,
nhanes_dm,7,3,18,IF hdl <= 41 AND serum_albumin <= 3.9 THEN high risk,1,0.0458755607045843,411,5.345298478345688,0.3187347931873479,0.05,2,quantile_conjunction,
nhanes_dm,7,3,19,IF systolic_bp >= 118 AND triglycerides >= 135 THEN high risk,1,0.045829905426026,1904,24.762647938613604,0.2436974789915966,0.05,2,quantile_conjunction,
nhanes_dm,7,3,20,IF hdl <= 55 AND triglycerides >= 183 THEN high risk,1,0.0454584826996159,1369,17.804656002080897,0.2549306062819576,0.05,2,quantile_conjunction,
nhanes_dm,7,4,1,IF bmi >= 24.2 THEN high risk,1,0.0710730336968327,6183,80.41357783847054,0.178230632379104,0.05,1,quantile,
nhanes_dm,7,4,2,IF triglycerides >= 116 THEN high risk,1,0.0708749153355643,4345,56.50929899856938,0.1928653624856156,0.05,1,quantile,
nhanes_dm,7,4,3,IF systolic_bp >= 117.333 THEN high risk,1,0.0707350240158842,5069,65.92534789959683,0.1832708621029788,0.05,1,quantile,
nhanes_dm,7,4,4,IF alt >= 29 THEN high risk,1,0.070087362957526,1559,20.27571855898036,0.1712636305323925,0.05,1,quantile,
nhanes_dm,7,4,5,IF age >= 40 AND bmi >= 28.7 THEN high risk,1,0.0479300203499017,2896,37.66419560410977,0.2727900552486187,0.05,2,quantile_conjunction,
nhanes_dm,7,4,6,IF age >= 40 AND bmi >= 24.2 THEN high risk,1,0.0479099736548975,4249,55.26076212771491,0.2421746293245469,0.05,2,quantile_conjunction,
nhanes_dm,7,4,7,IF age >= 64 AND hdl <= 50 THEN high risk,1,0.0469432743145047,874,11.366887761737548,0.3935926773455377,0.05,2,quantile_conjunction,
nhanes_dm,7,4,8,IF age >= 64 AND bmi >= 30.9 THEN high risk,1,0.0463478584383515,561,7.296137339055794,0.392156862745098,0.05,2,quantile_conjunction,
nhanes_dm,7,4,9,IF age >= 40 AND systolic_bp >= 135.333 THEN high risk,1,0.0455049074648254,1406,18.28586292105605,0.2667140825035561,0.05,2,quantile_conjunction,
nhanes_dm,7,4,10,IF hdl <= 41 AND systolic_bp >= 125.667 THEN high risk,1,0.0450123211176489,665,8.648718949148133,0.3112781954887218,0.05,2,quantile_conjunction,
nhanes_dm,7,4,11,IF bmi >= 34.8 AND triglycerides >= 100 THEN high risk,1,0.0444136693399297,1121,14.579269085706851,0.2658340767172167,0.05,2,quantile_conjunction,
nhanes_dm,7,4,12,IF bmi >= 28.7 AND ggt >= 24 THEN high risk,1,0.0443007378847013,1729,22.486669267785143,0.2458068247541932,0.05,2,quantile_conjunction,
nhanes_dm,7,4,13,IF ggt >= 34 AND triglycerides >= 116 THEN high risk,1,0.044069075105446,1063,13.82494472623228,0.2502351834430856,0.05,2,quantile_conjunction,
nhanes_dm,7,4,14,IF age >= 31 AND ggt >= 34 THEN high risk,1,0.0440579660911692,1380,17.94771751853297,0.2456521739130434,0.05,2,quantile_conjunction,
nhanes_dm,7,4,15,IF ggt >= 34 AND hdl <= 50 THEN high risk,1,0.0439458537741844,918,11.939133827545843,0.2516339869281045,0.05,2,quantile_conjunction,
nhanes_dm,7,4,16,IF ggt >= 21 AND serum_albumin <= 4.1 THEN high risk,1,0.0438804879775967,1667,21.68032253869164,0.2453509298140372,0.05,2,quantile_conjunction,
nhanes_dm,7,4,17,IF bmi >= 34.8 AND hdl <= 55 THEN high risk,1,0.0433954434937831,1208,15.710755624918717,0.2591059602649007,0.05,2,quantile_conjunction,
nhanes_dm,7,4,18,IF hdl <= 55 AND systolic_bp >= 117.333 THEN high risk,1,0.0433766829485818,3496,45.46755104695019,0.2028032036613272,0.05,2,quantile_conjunction,
nhanes_dm,7,4,19,IF bmi >= 24.2 AND serum_albumin <= 4.1 THEN high risk,1,0.0431540825802161,2733,35.54428404213812,0.2180753750457373,0.05,2,quantile_conjunction,
nhanes_dm,7,4,20,IF ggt >= 18 AND systolic_bp >= 117.333 THEN high risk,1,0.0429873094584539,3788,49.26518402913253,0.1956177402323125,0.05,2,quantile_conjunction,
nhanes_dm,7,5,1,IF systolic_bp >= 126 THEN high risk,1,0.0733894929807734,2751,35.778384705423335,0.2221010541621228,0.05,1,quantile,
nhanes_dm,7,5,2,IF hdl <= 64 THEN high risk,1,0.071440298276103,6219,80.88177916504097,0.1746261456825856,0.05,1,quantile,
nhanes_dm,7,5,3,IF alt >= 17 THEN high risk,1,0.0704043390740966,5234,68.07127064637794,0.1723347344287352,0.05,1,quantile,
nhanes_dm,7,5,4,IF total_cholesterol <= 175 THEN high risk,1,0.0701354309115667,2735,35.570295226947586,0.2190127970749543,0.05,1,quantile,
nhanes_dm,7,5,5,IF age >= 41 AND hdl <= 41 THEN high risk,1,0.0493625701887604,1059,13.772922356613345,0.3635505193578848,0.05,2,quantile_conjunction,
nhanes_dm,7,5,6,IF age >= 65 AND total_cholesterol <= 185 THEN high risk,1,0.0482924345292526,941,12.238262452854729,0.412327311370882,0.05,2,quantile_conjunction,
nhanes_dm,7,5,7,IF age >= 41 AND bmi >= 26.8 THEN high risk,1,0.0480020195263067,3420,44.4791260241904,0.2707602339181286,0.05,2,quantile_conjunction,
nhanes_dm,7,5,8,IF age >= 57 AND ggt >= 24 THEN high risk,1,0.0464013796473395,1128,14.670308232539991,0.3271276595744681,0.05,2,quantile_conjunction,
nhanes_dm,7,5,9,IF systolic_bp >= 126 AND triglycerides >= 185 THEN high risk,1,0.0452197072888656,713,9.272987384575368,0.270687237026648,0.05,2,quantile_conjunction,
nhanes_dm,7,5,10,IF ggt >= 18 AND hdl <= 51 THEN high risk,1,0.0445377176460811,3384,44.01092469761998,0.2092198581560283,0.05,2,quantile_conjunction,
nhanes_dm,7,5,11,IF total_cholesterol <= 157 AND triglycerides >= 136 THEN high risk,1,0.0440811225866354,362,4.708024450513721,0.4392265193370165,0.05,2,quantile_conjunction,
nhanes_dm,7,5,12,IF bmi >= 24.2 AND triglycerides >= 77 THEN high risk,1,0.0440680648114112,5203,67.66809728183118,0.1943109744378243,0.05,2,quantile_conjunction,
nhanes_dm,7,5,13,IF hdl <= 51 AND triglycerides >= 185 THEN high risk,1,0.0440576833294374,1294,16.829236571725843,0.2480680061823802,0.05,2,quantile_conjunction,
nhanes_dm,7,5,14,IF hdl <= 55 AND triglycerides >= 136 THEN high risk,1,0.0440499837565285,2255,29.32761087267525,0.2261640798226164,0.05,2,quantile_conjunction,
nhanes_dm,7,5,15,IF hdl <= 55 AND systolic_bp >= 118 THEN high risk,1,0.0438113095723728,3465,45.06437768240343,0.206060606060606,0.05,2,quantile_conjunction,
nhanes_dm,7,5,16,IF bmi >= 24.2 AND total_cholesterol <= 185 THEN high risk,1,0.0433684614748146,3440,44.73923787228508,0.2171511627906976,0.05,2,quantile_conjunction,
nhanes_dm,7,5,17,IF total_cholesterol <= 157 AND triglycerides >= 77 THEN high risk,1,0.043325357536227,960,12.485368708544671,0.3395833333333333,0.05,2,quantile_conjunction,
nhanes_dm,7,5,18,IF bmi >= 26.8 AND total_cholesterol <= 175 THEN high risk,1,0.0425553022959772,1685,21.91442320197685,0.284272997032641,0.05,2,quantile_conjunction,
nhanes_dm,7,5,19,IF ggt >= 34 AND total_cholesterol <= 157 THEN high risk,1,0.0422782017725298,263,3.420470802445051,0.403041825095057,0.05,2,quantile_conjunction,
nhanes_dm,7,5,20,IF age >= 41 AND ggt >= 34 THEN high risk,1,0.0412191227949195,1134,14.748341786968396,0.2901234567901234,0.05,2,quantile_conjunction,
nhanes_dm,8,1,1,IF bmi >= 31 THEN high risk,1,0.0789366188368346,2715,35.31477627471384,0.2320441988950276,0.05,1,quantile,
nhanes_dm,8,1,2,IF triglycerides >= 137 THEN high risk,1,0.0745946128086828,2697,35.08064516129033,0.2150537634408602,0.05,1,quantile,
nhanes_dm,8,1,3,IF diastolic_bp <= 75.667 THEN high risk,1,0.0711580117246129,5044,65.60874089490115,0.1629659000793021,0.05,1,quantile,
nhanes_dm,8,1,4,IF age >= 49 AND hdl <= 51 THEN high risk,1,0.052102023769452,2160,28.09573361082206,0.3263888888888889,0.05,2,quantile_conjunction,
nhanes_dm,8,1,5,IF bmi >= 34.8 AND total_cholesterol <= 184 THEN high risk,1,0.0467436400301258,864,11.238293444328823,0.3159722222222222,0.05,2,quantile_conjunction,
nhanes_dm,8,1,6,IF age >= 32 AND triglycerides >= 116 THEN high risk,1,0.0465794781110849,3659,47.59365244536941,0.2241049467067505,0.05,2,quantile_conjunction,
nhanes_dm,8,1,7,IF age >= 32 AND hdl <= 51 THEN high risk,1,0.0464014360943906,3548,46.14984391259105,0.2344983089064261,0.05,2,quantile_conjunction,
nhanes_dm,8,1,8,IF ggt >= 24 AND triglycerides >= 137 THEN high risk,1,0.0458193510571823,1495,19.44588969823101,0.2367892976588628,0.05,2,quantile_conjunction,
nhanes_dm,8,1,9,IF systolic_bp >= 118 AND triglycerides >= 185 THEN high risk,1,0.0456780377459639,1098,14.281997918834548,0.2468123861566484,0.05,2,quantile_conjunction,
nhanes_dm,8,1,10,IF ggt >= 33 AND hdl <= 51 THEN high risk,1,0.0454796061569722,999,12.994276795005202,0.2592592592592592,0.05,2,quantile_conjunction,
nhanes_dm,8,1,11,IF bmi >= 24.2 AND ggt >= 24 THEN high risk,1,0.0453218492983266,2455,31.932882414151926,0.2191446028513238,0.05,2,quantile_conjunction,
nhanes_dm,8,1,12,IF serum_albumin <= 3.9 AND systolic_bp >= 135.333 THEN high risk,1,0.0449705024827001,450,5.853277835587929,0.3177777777777777,0.05,2,quantile_conjunction,
nhanes_dm,8,1,13,IF age >= 32 AND systolic_bp >= 118 THEN high risk,1,0.0448581336833022,4348,56.55567117585848,0.2086016559337626,0.05,2,quantile_conjunction,
nhanes_dm,8,1,14,IF hdl <= 47 AND triglycerides >= 100 THEN high risk,1,0.0447695411760952,2246,29.214360041623312,0.2368655387355298,0.05,2,quantile_conjunction,
nhanes_dm,8,1,15,IF bmi >= 26.8 AND serum_albumin <= 4.1 THEN high risk,1,0.0447166499838084,2360,30.697190426638915,0.2275423728813559,0.05,2,quantile_conjunction,
nhanes_dm,8,1,16,IF ggt >= 24 AND serum_albumin <= 3.9 THEN high risk,1,0.0446413573439835,772,10.04162330905307,0.2733160621761658,0.05,2,quantile_conjunction,
nhanes_dm,8,1,17,IF bmi >= 26.8 AND systolic_bp >= 135.333 THEN high risk,1,0.0445570531020761,1076,13.995837669094694,0.2815985130111524,0.05,2,quantile_conjunction,
nhanes_dm,8,1,18,IF hdl <= 51 AND systolic_bp >= 118 THEN high risk,1,0.0444117135908179,3023,39.3210197710718,0.2160105855110817,0.05,2,quantile_conjunction,
nhanes_dm,8,1,19,IF bmi >= 24.2 AND systolic_bp >= 118 THEN high risk,1,0.0443578125026924,4227,54.981789802289285,0.1999053702389401,0.05,2,quantile_conjunction,
nhanes_dm,8,1,20,IF hdl <= 41 AND triglycerides >= 137 THEN high risk,1,0.0439025705008949,1161,15.101456815816858,0.2506459948320413,0.05,2,quantile_conjunction,
nhanes_dm,8,2,1,IF systolic_bp >= 126 THEN high risk,1,0.0722465974623827,2732,35.531278449733385,0.2240117130307467,0.05,1,quantile,
nhanes_dm,8,2,2,IF serum_albumin <= 3.9 THEN high risk,1,0.0713603811436303,1775,23.084926518402916,0.2185915492957746,0.05,1,quantile,
nhanes_dm,8,2,3,IF total_cholesterol <= 195 THEN high risk,1,0.0712274404055146,5030,65.41812979581219,0.178131212723658,0.05,1,quantile,
nhanes_dm,8,2,4,IF alt >= 17 THEN high risk,1,0.0697990716267042,5275,68.60449993497204,0.1679620853080568,0.05,1,quantile,
nhanes_dm,8,2,5,IF age >= 41 AND bmi >= 26.8 THEN high risk,1,0.0492139228285535,3458,44.97333853557029,0.264893001735107,0.05,2,quantile_conjunction,
nhanes_dm,8,2,6,IF bmi >= 28.7 AND serum_albumin <= 4.1 THEN high risk,1,0.0469432591989403,1979,25.738067368968657,0.2425467407781708,0.05,2,quantile_conjunction,
nhanes_dm,8,2,7,IF bmi >= 30.9 AND systolic_bp >= 117.333 THEN high risk,1,0.0462236387155295,1830,23.800234100663285,0.2486338797814207,0.05,2,quantile_conjunction,
nhanes_dm,8,2,8,IF age >= 49 AND ggt >= 18 THEN high risk,1,0.0461785101510938,2835,36.87085446742099,0.2797178130511464,0.05,2,quantile_conjunction,
nhanes_dm,8,2,9,IF age >= 49 AND triglycerides >= 185 THEN high risk,1,0.0459786994805258,859,11.171803875666535,0.3515715948777648,0.05,2,quantile_conjunction,
nhanes_dm,8,2,10,IF bmi >= 24.2 AND triglycerides >= 116 THEN high risk,1,0.0455673245466167,3800,49.42125113798934,0.2071052631578947,0.05,2,quantile_conjunction,
nhanes_dm,8,2,11,IF bmi >= 30.9 AND hdl <= 47 THEN high risk,1,0.0454263924397736,1355,17.622577708414617,0.2546125461254612,0.05,2,quantile_conjunction,
nhanes_dm,8,2,12,IF bmi >= 26.8 AND triglycerides >= 185 THEN high risk,1,0.0451082003841364,1183,15.385615814800364,0.2586644125105664,0.05,2,quantile_conjunction,
nhanes_dm,8,2,13,IF hdl <= 51 AND triglycerides >= 185 THEN high risk,1,0.0440480161057988,1276,16.595135908440632,0.2460815047021943,0.05,2,quantile_conjunction,
nhanes_dm,8,2,14,IF ggt >= 24 AND triglycerides >= 101 THEN high risk,1,0.0438174384206126,2026,26.349330211991155,0.2324777887462981,0.05,2,quantile_conjunction,
nhanes_dm,8,2,15,IF age >= 64 AND ggt >= 21 THEN high risk,1,0.04333845162077,947,12.316296007283132,0.3495248152059134,0.05,2,quantile_conjunction,
nhanes_dm,8,2,16,IF serum_albumin <= 3.9 AND systolic_bp >= 122 THEN high risk,1,0.0431201379730077,973,12.654441409806216,0.2620760534429599,0.05,2,quantile_conjunction,
nhanes_dm,8,2,17,IF ggt >= 24 AND triglycerides >= 185 THEN high risk,1,0.0431178599970892,922,11.99115619716478,0.2711496746203904,0.05,2,quantile_conjunction,
nhanes_dm,8,2,18,IF systolic_bp >= 122 AND triglycerides >= 185 THEN high risk,1,0.0428869211238499,948,12.329301599687865,0.2658227848101265,0.05,2,quantile_conjunction,
nhanes_dm,8,2,19,IF age >= 49 AND ggt >= 34 THEN high risk,1,0.0424593911232523,886,11.522954870594356,0.3194130925507901,0.05,2,quantile_conjunction,
nhanes_dm,8,2,20,IF bmi >= 34.8 AND ggt >= 34 THEN high risk,1,0.0419383452522172,413,5.371309663155157,0.3026634382566586,0.05,2,quantile_conjunction,
nhanes_dm,8,3,1,IF total_cholesterol <= 185 THEN high risk,1,0.0700320565643372,4362,56.730394069449865,0.192113709307657,0.05,1,quantile,
nhanes_dm,8,3,2,IF hdl <= 63 THEN high risk,1,0.0695258357674592,6164,80.1664715827806,0.1748864373783257,0.05,1,quantile,
nhanes_dm,8,3,3,IF diastolic_bp <= 70 THEN high risk,1,0.0691083854409685,2701,35.128105085186625,0.173639392817475,0.05,1,quantile,
nhanes_dm,8,3,4,IF diastolic_bp <= 73 THEN high risk,1,0.0685547788046501,4384,57.016517102354015,0.166742700729927,0.05,1,quantile,
nhanes_dm,8,3,5,IF alt >= 17 THEN high risk,1,0.0685391407161138,5235,68.08427623878268,0.1667621776504298,0.05,1,quantile,
nhanes_dm,8,3,6,IF age >= 57 AND bmi >= 28.7 THEN high risk,1,0.0470746961323663,1550,20.15866822733776,0.3561290322580645,0.05,2,quantile_conjunction,
nhanes_dm,8,3,7,IF age >= 32 AND bmi >= 24.2 THEN high risk,1,0.045430561203386,5136,66.79672259071401,0.2126168224299065,0.05,2,quantile_conjunction,
nhanes_dm,8,3,8,IF age >= 64 AND ggt >= 24 THEN high risk,1,0.0448993703441937,594,7.725321888412018,0.367003367003367,0.05,2,quantile_conjunction,
nhanes_dm,8,3,9,IF hdl <= 47 AND total_cholesterol <= 195 THEN high risk,1,0.0448229760474334,1839,23.91728443230589,0.2446982055464926,0.05,2,quantile_conjunction,
nhanes_dm,8,3,10,IF ggt >= 34 AND total_cholesterol <= 195 THEN high risk,1,0.0442466135753828,768,9.98829496683574,0.3059895833333333,0.05,2,quantile_conjunction,
nhanes_dm,8,3,11,IF total_cholesterol <= 195 AND triglycerides >= 136 THEN high risk,1,0.04412055960099,1288,16.75120301729744,0.2903726708074534,0.05,2,quantile_conjunction,
nhanes_dm,8,3,12,IF ggt >= 24 AND hdl <= 54 THEN high risk,1,0.0441023717809234,1933,25.13981011835089,0.2291774443869632,0.05,2,quantile_conjunction,
nhanes_dm,8,3,13,IF hdl <= 54 AND total_cholesterol <= 195 THEN high risk,1,0.0437227284639712,3569,46.416959292495775,0.2042588960493135,0.05,2,quantile_conjunction,
nhanes_dm,8,3,14,IF hdl <= 50 AND total_cholesterol <= 185 THEN high risk,1,0.0429645393996124,2832,36.83183769020679,0.2115112994350282,0.05,2,quantile_conjunction,
nhanes_dm,8,3,15,IF hdl <= 47 AND triglycerides >= 136 THEN high risk,1,0.0428967445807636,1721,22.382624528547275,0.2370714700755374,0.05,2,quantile_conjunction,
nhanes_dm,8,3,16,IF ggt >= 18 AND systolic_bp >= 135.667 THEN high risk,1,0.042595489539428,1161,15.099492781896217,0.2342807924203273,0.05,2,quantile_conjunction,
nhanes_dm,8,3,17,IF hdl <= 41 AND systolic_bp >= 135.667 THEN high risk,1,0.0423076572511825,367,4.773052412537391,0.332425068119891,0.05,2,quantile_conjunction,
nhanes_dm,8,3,18,IF ggt >= 34 AND total_cholesterol <= 157 THEN high risk,1,0.0417521129884433,271,3.524515541682924,0.3911439114391143,0.05,2,quantile_conjunction,
nhanes_dm,8,3,19,IF bmi >= 34.7 AND total_cholesterol <= 175 THEN high risk,1,0.0417338555946535,630,8.193523214982443,0.3507936507936507,0.05,2,quantile_conjunction,
nhanes_dm,8,3,20,IF bmi >= 30.9 AND systolic_bp >= 126.333 THEN high risk,1,0.0415695262037402,1106,14.384185199635844,0.2667269439421338,0.05,2,quantile_conjunction,
nhanes_dm,8,4,1,IF serum_albumin <= 4.4 THEN high risk,1,0.0720843774734719,6208,80.7387176485889,0.1713917525773196,0.05,1,quantile,
nhanes_dm,8,4,2,IF uric_acid >= 4.3 THEN high risk,1,0.0713118400794169,6249,81.27194693718299,0.162105936949912,0.05,1,quantile,
nhanes_dm,8,4,3,IF ast <= 21 THEN high risk,1,0.071300883848002,4592,59.721680322538695,0.1607142857142857,0.05,1,quantile,
nhanes_dm,8,4,4,IF alt >= 17 THEN high risk,1,0.0712801696490321,5213,67.79815320587853,0.1630539037022827,0.05,1,quantile,
nhanes_dm,8,4,5,IF bmi >= 28.8 AND serum_albumin <= 4.1 THEN high risk,1,0.0468790542421052,1963,25.529977890492912,0.2460519612837493,0.05,2,quantile_conjunction,
nhanes_dm,8,4,6,IF age >= 57 AND hdl <= 51 THEN high risk,1,0.0467785167720757,1517,19.72948367798153,0.3737640079103493,0.05,2,quantile_conjunction,
nhanes_dm,8,4,7,IF bmi >= 34.8 AND systolic_bp >= 126 THEN high risk,1,0.0460190416547891,677,8.804786058004941,0.3013293943870014,0.05,2,quantile_conjunction,
nhanes_dm,8,4,8,IF bmi >= 24.2 AND triglycerides >= 136 THEN high risk,1,0.0457458913742389,2404,31.26544414098062,0.2200499168053244,0.05,2,quantile_conjunction,
nhanes_dm,8,4,9,IF systolic_bp >= 122 AND total_cholesterol <= 174 THEN high risk,1,0.0455706005115316,1348,17.53153856158148,0.2922848664688427,0.05,2,quantile_conjunction,
nhanes_dm,8,4,10,IF bmi >= 28.8 AND hdl <= 47 THEN high risk,1,0.0453866143920771,1761,22.90284822473664,0.2498580352072686,0.05,2,quantile_conjunction,
nhanes_dm,8,4,11,IF bmi >= 24.2 AND total_cholesterol <= 184 THEN high risk,1,0.0452941325627092,3410,44.34907010014306,0.2164222873900293,0.05,2,quantile_conjunction,
nhanes_dm,8,4,12,IF bmi >= 26.8 AND systolic_bp >= 122 THEN high risk,1,0.0451486846769453,3102,40.343347639484975,0.2176015473887814,0.05,2,quantile_conjunction,
nhanes_dm,8,4,13,IF systolic_bp >= 135.333 AND triglycerides >= 136 THEN high risk,1,0.0448873632964311,672,8.739758095981271,0.2797619047619047,0.05,2,quantile_conjunction,
nhanes_dm,8,4,14,IF hdl <= 55 AND triglycerides >= 100 THEN high risk,1,0.0447637170129312,3990,51.892313694888806,0.1967418546365914,0.05,2,quantile_conjunction,
nhanes_dm,8,4,15,IF ggt >= 34 AND total_cholesterol <= 157 THEN high risk,1,0.0437722629513568,280,3.64156587332553,0.3785714285714285,0.05,2,quantile_conjunction,
nhanes_dm,8,4,16,IF serum_albumin <= 3.9 AND triglycerides >= 182 THEN high risk,1,0.0434456623826291,327,4.25282871634803,0.3394495412844037,0.05,2,quantile_conjunction,
nhanes_dm,8,4,17,IF bmi >= 26.8 AND ggt >= 34 THEN high risk,1,0.0432568848740837,1149,14.943425673039409,0.2515230635335074,0.05,2,quantile_conjunction,
nhanes_dm,8,4,18,IF ggt >= 24 AND systolic_bp >= 117.667 THEN high risk,1,0.042689412798679,2051,26.67447002210951,0.2150170648464164,0.05,2,quantile_conjunction,
nhanes_dm,8,4,19,IF ggt >= 21 AND systolic_bp >= 135.333 THEN high risk,1,0.0425688926102443,1011,13.14865392118611,0.2611275964391691,0.05,2,quantile_conjunction,
nhanes_dm,8,4,20,IF ggt >= 34 AND systolic_bp >= 126 THEN high risk,1,0.041815996837249,735,9.559110417479516,0.2530612244897959,0.05,2,quantile_conjunction,
nhanes_dm,8,5,1,IF age >= 57 THEN high risk,1,0.0786048157573173,2765,35.96046299908961,0.291500904159132,0.05,1,quantile,
nhanes_dm,8,5,2,IF systolic_bp >= 126 THEN high risk,1,0.0738699181623994,2692,35.01105475354402,0.225854383358098,0.05,1,quantile,
nhanes_dm,8,5,3,IF diastolic_bp <= 81.333 THEN high risk,1,0.0683776810179927,6201,80.64767850175576,0.1607805192710853,0.05,1,quantile,
nhanes_dm,8,5,4,IF alt >= 19 THEN high risk,1,0.0683337549250359,4561,59.318506957991936,0.1657531243148432,0.05,1,quantile,
nhanes_dm,8,5,5,IF age >= 64 AND bmi >= 28.8 THEN high risk,1,0.0463281308860315,894,11.626999609832229,0.4038031319910514,0.05,2,quantile_conjunction,
nhanes_dm,8,5,6,IF age >= 32 AND total_cholesterol <= 157 THEN high risk,1,0.0461555818132989,1099,14.293146052802705,0.3612374886260237,0.05,2,quantile_conjunction,
nhanes_dm,8,5,7,IF age >= 57 AND systolic_bp >= 121.667 THEN high risk,1,0.045734141534845,2033,26.44036935882429,0.2975897688145598,0.05,2,quantile_conjunction,
nhanes_dm,8,5,8,IF age >= 32 AND triglycerides >= 137 THEN high risk,1,0.0457275630665667,2360,30.69319807517232,0.2372881355932203,0.05,2,quantile_conjunction,
nhanes_dm,8,5,9,IF hdl <= 55 AND systolic_bp >= 126 THEN high risk,1,0.0455990692000333,1763,22.928859409546103,0.2535450935904708,0.05,2,quantile_conjunction,
nhanes_dm,8,5,10,IF systolic_bp >= 126 AND total_cholesterol <= 157 THEN high risk,1,0.0448864131900542,502,6.528807387176486,0.4023904382470119,0.05,2,quantile_conjunction,
nhanes_dm,8,5,11,IF age >= 49 AND triglycerides >= 185 THEN high risk,1,0.0447754212915129,891,11.587982832618025,0.3333333333333333,0.05,2,quantile_conjunction,
nhanes_dm,8,5,12,IF age >= 32 AND serum_albumin <= 4.1 THEN high risk,1,0.0445879490953304,2735,35.570295226947586,0.2329067641681901,0.05,2,quantile_conjunction,
nhanes_dm,8,5,13,IF bmi >= 24.1 AND total_cholesterol <= 174 THEN high risk,1,0.0442142375867276,2088,27.155676941084668,0.2586206896551724,0.05,2,quantile_conjunction,
nhanes_dm,8,5,14,IF bmi >= 24.1 AND triglycerides >= 137 THEN high risk,1,0.0441960598552505,2396,31.161399401742752,0.2228714524207011,0.05,2,quantile_conjunction,
nhanes_dm,8,5,15,IF bmi >= 31 AND ggt >= 18 THEN high risk,1,0.0440444250051159,1986,25.8291065158018,0.2537764350453172,0.05,2,quantile_conjunction,
nhanes_dm,8,5,16,IF serum_albumin <= 4.1 AND total_cholesterol <= 184 THEN high risk,1,0.0434945969722098,1714,22.29158538171414,0.2456242707117853,0.05,2,quantile_conjunction,
nhanes_dm,8,5,17,IF ggt >= 24 AND total_cholesterol <= 184 THEN high risk,1,0.0434938714006897,1228,15.970867473013396,0.2866449511400651,0.05,2,quantile_conjunction,
nhanes_dm,8,5,18,IF ggt >= 24 AND serum_albumin <= 3.9 THEN high risk,1,0.0429984953504642,762,9.910261412407335,0.2703412073490813,0.05,2,quantile_conjunction,
nhanes_dm,8,5,19,IF hdl <= 41 AND serum_albumin <= 4.1 THEN high risk,1,0.042889930442353,781,10.15736766809728,0.3034571062740077,0.05,2,quantile_conjunction,
nhanes_dm,8,5,20,IF bmi >= 34.7 AND hdl <= 41 THEN high risk,1,0.0416879434467701,516,6.710885680842763,0.3042635658914728,0.05,2,quantile_conjunction,
nhanes_dm,9,1,1,IF hdl <= 64 THEN high risk,1,0.0781879360428894,6219,80.89229968782519,0.1731789676796912,0.05,1,quantile,
nhanes_dm,9,1,2,IF age >= 57 AND triglycerides >= 100 THEN high risk,1,0.0544662526627036,2013,26.183662851196672,0.3184302036761053,0.05,2,quantile_conjunction,
nhanes_dm,9,1,3,IF age >= 49 AND systolic_bp >= 126 THEN high risk,1,0.052821825324935,1979,25.741415192507805,0.270843860535624,0.05,2,quantile_conjunction,
nhanes_dm,9,1,4,IF total_cholesterol <= 157 AND triglycerides >= 116 THEN high risk,1,0.0514769668949422,513,6.67273673257024,0.4015594541910331,0.05,2,quantile_conjunction,
nhanes_dm,9,1,5,IF bmi >= 24.1 AND total_cholesterol <= 174 THEN high risk,1,0.0494104365215655,2070,26.925078043704477,0.2526570048309178,0.05,2,quantile_conjunction,
nhanes_dm,9,1,6,IF systolic_bp >= 135.333 AND triglycerides >= 116 THEN high risk,1,0.0492691018987658,961,12.5,0.2705515088449531,0.05,2,quantile_conjunction,
nhanes_dm,9,1,7,IF bmi >= 28.7 AND total_cholesterol <= 174 THEN high risk,1,0.0491179023769647,1350,17.559833506763788,0.2977777777777777,0.05,2,quantile_conjunction,
nhanes_dm,9,1,8,IF ggt >= 21 AND systolic_bp >= 118 THEN high risk,1,0.0486584400062932,3214,41.8054110301769,0.1985065339141257,0.05,2,quantile_conjunction,
nhanes_dm,9,1,9,IF hdl <= 55 AND triglycerides >= 116 THEN high risk,1,0.0482646721550373,3622,47.11238293444329,0.2004417448923247,0.05,2,quantile_conjunction,
nhanes_dm,9,1,10,IF bmi >= 30.9 AND systolic_bp >= 135.333 THEN high risk,1,0.0482013978421962,650,8.454734651404786,0.3184615384615384,0.05,2,quantile_conjunction,
nhanes_dm,9,1,11,IF serum_albumin <= 4.1 AND triglycerides >= 116 THEN high risk,1,0.0478042737407318,1535,19.96618106139438,0.2566775244299674,0.05,2,quantile_conjunction,
nhanes_dm,9,1,12,IF ggt >= 21 AND triglycerides >= 100 THEN high risk,1,0.0477932740114408,3384,44.01664932362122,0.200354609929078,0.05,2,quantile_conjunction,
nhanes_dm,9,1,13,IF ggt >= 33 AND triglycerides >= 181 THEN high risk,1,0.0473795953002106,598,7.778355879292404,0.2792642140468227,0.05,2,quantile_conjunction,
nhanes_dm,9,1,14,IF bmi >= 24.1 AND triglycerides >= 100 THEN high risk,1,0.0473531531631122,4352,56.60770031217481,0.2035845588235294,0.05,2,quantile_conjunction,
nhanes_dm,9,1,15,IF serum_albumin <= 4.1 AND triglycerides >= 134 THEN high risk,1,0.0472668002027343,1210,15.738813735691986,0.2809917355371901,0.05,2,quantile_conjunction,
nhanes_dm,9,1,16,IF hdl <= 51 AND triglycerides >= 134 THEN high risk,1,0.0471753767882271,2011,26.157648283038505,0.2366981601193436,0.05,2,quantile_conjunction,
nhanes_dm,9,1,17,IF age >= 31 AND bmi >= 34.6 THEN high risk,1,0.0466389141188581,1316,17.117585848074924,0.297112462006079,0.05,2,quantile_conjunction,
nhanes_dm,9,1,18,IF bmi >= 26.8 AND hdl <= 41 THEN high risk,1,0.0464091829868842,1294,16.831425598335066,0.2658423493044822,0.05,2,quantile_conjunction,
nhanes_dm,9,1,19,IF bmi >= 28.7 AND triglycerides >= 181 THEN high risk,1,0.0464011251399829,965,12.552029136316335,0.2797927461139896,0.05,2,quantile_conjunction,
nhanes_dm,9,1,20,IF bmi >= 34.6 AND systolic_bp >= 135.333 THEN high risk,1,0.0459033728215243,386,5.020811654526535,0.3367875647668393,0.05,2,quantile_conjunction,
nhanes_dm,9,2,1,IF total_cholesterol <= 184 THEN high risk,1,0.0699381161362411,4321,56.19716478085577,0.1860680398056005,0.05,1,quantile,
nhanes_dm,9,2,2,IF uric_acid >= 6.4 THEN high risk,1,0.0698820771475531,1627,21.16009884250228,0.1948371235402581,0.05,1,quantile,
nhanes_dm,9,2,3,IF alt >= 17 THEN high risk,1,0.068727108098924,5261,68.42242164130576,0.1665082683900399,0.05,1,quantile,
nhanes_dm,9,2,4,IF ast <= 21 THEN high risk,1,0.0684999727967284,4580,59.56561321368188,0.1593886462882096,0.05,1,quantile,
nhanes_dm,9,2,5,IF age >= 49 AND triglycerides >= 117 THEN high risk,1,0.0511320736189529,2395,31.14839380933801,0.2906054279749478,0.05,2,quantile_conjunction,
nhanes_dm,9,2,6,IF age >= 41 AND total_cholesterol <= 157 THEN high risk,1,0.0503413155826415,905,11.770061126284302,0.4121546961325967,0.05,2,quantile_conjunction,
nhanes_dm,9,2,7,IF age >= 65 AND hdl <= 41 THEN high risk,1,0.0464322038914343,294,3.823644166991806,0.5238095238095238,0.05,2,quantile_conjunction,
nhanes_dm,9,2,8,IF total_cholesterol <= 157 AND triglycerides >= 101 THEN high risk,1,0.0459886998090784,656,8.531668617505527,0.361280487804878,0.05,2,quantile_conjunction,
nhanes_dm,9,2,9,IF serum_albumin <= 3.9 AND triglycerides >= 117 THEN high risk,1,0.0452534332796358,877,11.40590453895175,0.2873432155074116,0.05,2,quantile_conjunction,
nhanes_dm,9,2,10,IF bmi >= 28.7 AND systolic_bp >= 126.333 THEN high risk,1,0.0448891804324854,1517,19.72948367798153,0.2590639419907712,0.05,2,quantile_conjunction,
nhanes_dm,9,2,11,IF bmi >= 24.1 AND triglycerides >= 137 THEN high risk,1,0.0448517931311629,2378,30.927298738457537,0.2266610597140454,0.05,2,quantile_conjunction,
nhanes_dm,9,2,12,IF age >= 58 AND hdl <= 41 THEN high risk,1,0.0448430209470284,538,6.997008713746911,0.4516728624535316,0.05,2,quantile_conjunction,
nhanes_dm,9,2,13,IF age >= 65 AND triglycerides >= 185 THEN high risk,1,0.0445396619778206,312,4.057744830277019,0.4166666666666667,0.05,2,quantile_conjunction,
nhanes_dm,9,2,14,IF bmi >= 28.7 AND triglycerides >= 185 THEN high risk,1,0.0443753815644223,976,12.693458187020418,0.2663934426229508,0.05,2,quantile_conjunction,
nhanes_dm,9,2,15,IF bmi >= 24.1 AND hdl <= 47 THEN high risk,1,0.0440623536744569,2485,32.31889712576408,0.2245472837022132,0.05,2,quantile_conjunction,
nhanes_dm,9,2,16,IF ggt >= 24 AND total_cholesterol <= 157 THEN high risk,1,0.0440461665630246,546,7.101053452984783,0.326007326007326,0.05,2,quantile_conjunction,
nhanes_dm,9,2,17,IF serum_albumin <= 4.1 AND triglycerides >= 185 THEN high risk,1,0.0437243314027701,659,8.57068539471973,0.3019726858877086,0.05,2,quantile_conjunction,
nhanes_dm,9,2,18,IF bmi >= 24.1 AND hdl <= 51 THEN high risk,1,0.0435869282853008,3951,51.38509559110418,0.1981776765375854,0.05,2,quantile_conjunction,
nhanes_dm,9,2,19,IF bmi >= 30.8 AND systolic_bp >= 135.667 THEN high risk,1,0.0425227516581051,667,8.674730133957603,0.2788605697151424,0.05,2,quantile_conjunction,
nhanes_dm,9,2,20,IF serum_albumin <= 3.9 AND systolic_bp >= 135.667 THEN high risk,1,0.0423634300022324,436,5.670438288464039,0.2889908256880734,0.05,2,quantile_conjunction,
nhanes_dm,9,3,1,IF age >= 57 THEN high risk,1,0.0758724314257949,2763,35.93445181428014,0.2880926529134998,0.05,1,quantile,
nhanes_dm,9,3,2,IF hdl <= 47 THEN high risk,1,0.0648453838820294,2723,35.414228118090776,0.2141020932794711,0.05,1,quantile,
nhanes_dm,9,3,3,IF hdl <= 51 THEN high risk,1,0.0634401931792416,4378,56.938483547925614,0.1879853814527181,0.05,1,quantile,
nhanes_dm,9,3,4,IF systolic_bp >= 122 THEN high risk,1,0.063432563523611,4337,56.40525425933152,0.1936822688494351,0.05,1,quantile,
nhanes_dm,9,3,5,IF uric_acid >= 5.7 THEN high risk,1,0.0622456548322568,2751,35.778384705423335,0.1846601235914213,0.05,1,quantile,
nhanes_dm,9,3,6,IF total_cholesterol <= 195 THEN high risk,1,0.0622296768440055,5019,65.27506827936013,0.1751344889420203,0.05,1,quantile,
nhanes_dm,9,3,7,IF diastolic_bp <= 81.667 THEN high risk,1,0.0604841972756088,6185,80.43958902328,0.1607113985448666,0.05,1,quantile,
nhanes_dm,9,3,8,IF ast <= 21 THEN high risk,1,0.0602106267386746,4656,60.55403823644166,0.1606529209621993,0.05,1,quantile,
nhanes_dm,9,3,9,IF age >= 57 AND bmi >= 26.8 THEN high risk,1,0.0502716107132797,1885,24.515541682923654,0.3336870026525199,0.05,2,quantile_conjunction,
nhanes_dm,9,3,10,IF age >= 57 AND ggt >= 33 THEN high risk,1,0.0414376314901061,620,8.063467290935101,0.3403225806451613,0.05,2,quantile_conjunction,
nhanes_dm,9,3,11,IF age >= 40 AND systolic_bp >= 122 THEN high risk,1,0.0412444655705508,3321,43.19157237612173,0.2408912978018669,0.05,2,quantile_conjunction,
nhanes_dm,9,3,12,IF bmi >= 26.8 AND triglycerides >= 115 THEN high risk,1,0.0401870106293728,3246,42.21615294576668,0.2153419593345656,0.05,2,quantile_conjunction,
nhanes_dm,9,3,13,IF ggt >= 18 AND systolic_bp >= 126 THEN high risk,1,0.0400421121523196,2015,26.20626869553908,0.2337468982630273,0.05,2,quantile_conjunction,
nhanes_dm,9,3,14,IF hdl <= 51 AND systolic_bp >= 126 THEN high risk,1,0.0399602047615215,1497,19.46937182988685,0.2605210420841683,0.05,2,quantile_conjunction,
nhanes_dm,9,3,15,IF hdl <= 47 AND serum_albumin <= 4.1 THEN high risk,1,0.0397300538179446,1306,16.98530368058265,0.2565084226646248,0.05,2,quantile_conjunction,
nhanes_dm,9,3,16,IF ggt >= 24 AND triglycerides >= 115 THEN high risk,1,0.039671987142503,1813,23.579139029782805,0.2277992277992278,0.05,2,quantile_conjunction,
nhanes_dm,9,3,17,IF hdl <= 47 AND triglycerides >= 115 THEN high risk,1,0.0395142379448328,1963,25.529977890492912,0.2322975038206826,0.05,2,quantile_conjunction,
nhanes_dm,9,3,18,IF age >= 65 AND triglycerides >= 183 THEN high risk,1,0.038903700127751,306,3.979711275848615,0.4411764705882353,0.05,2,quantile_conjunction,
nhanes_dm,9,3,19,IF bmi >= 34.6 AND serum_albumin <= 3.9 THEN high risk,1,0.0382879408049487,673,8.752763688386006,0.2719167904903417,0.05,2,quantile_conjunction,
nhanes_dm,9,3,20,IF serum_albumin <= 3.9 AND systolic_bp >= 117.933 THEN high risk,1,0.0379883171436461,1173,15.255559890753023,0.2566069906223359,0.05,2,quantile_conjunction,
nhanes_dm,9,4,1,IF total_cholesterol <= 215 THEN high risk,1,0.0673933083661037,6162,80.14046039797113,0.1679649464459591,0.05,1,quantile,
nhanes_dm,9,4,2,IF race_ethnicity >= 4 THEN high risk,1,0.0671550521896765,3226,41.956041097672,0.1611903285802851,0.05,1,quantile,
nhanes_dm,9,4,3,IF uric_acid >= 4.3 THEN high risk,1,0.0671252969069906,6171,80.25751072961373,0.1614000972289742,0.05,1,quantile,
nhanes_dm,9,4,4,IF race_ethnicity <= 4 THEN high risk,1,0.0670717155728101,6358,82.689556509299,0.1599559609940233,0.05,1,quantile,
nhanes_dm,9,4,5,IF age >= 49 AND total_cholesterol <= 175 THEN high risk,1,0.0623763554703631,1234,16.0489010274418,0.413290113452188,0.05,2,quantile_conjunction,
nhanes_dm,9,4,6,IF age >= 57 AND triglycerides >= 115 THEN high risk,1,0.0525691114512819,1684,21.901417609572118,0.3165083135391924,0.05,2,quantile_conjunction,
nhanes_dm,9,4,7,IF age >= 49 AND triglycerides >= 115 THEN high risk,1,0.050762374379584,2385,31.01833788529068,0.2825995807127882,0.05,2,quantile_conjunction,
nhanes_dm,9,4,8,IF ggt >= 21 AND serum_albumin <= 4.1 THEN high risk,1,0.0460124268597756,1668,21.69332813109637,0.2422062350119904,0.05,2,quantile_conjunction,
nhanes_dm,9,4,9,IF bmi >= 26.7 AND triglycerides >= 100 THEN high risk,1,0.0443868292899454,3673,47.76954090258811,0.2129049823032943,0.05,2,quantile_conjunction,
nhanes_dm,9,4,10,IF bmi >= 28.7 AND triglycerides >= 115 THEN high risk,1,0.0441658874286125,2752,35.791390297828066,0.2194767441860465,0.05,2,quantile_conjunction,
nhanes_dm,9,4,11,IF bmi >= 26.7 AND hdl <= 51 THEN high risk,1,0.0440440391241081,3395,44.15398621407205,0.2094256259204713,0.05,2,quantile_conjunction,
nhanes_dm,9,4,12,IF bmi >= 26.7 AND systolic_bp >= 121.667 THEN high risk,1,0.0438459992052197,3069,39.91416309012876,0.2196155099380906,0.05,2,quantile_conjunction,
nhanes_dm,9,4,13,IF hdl <= 51 AND total_cholesterol <= 185 THEN high risk,1,0.0435047881286326,2863,37.23501105475354,0.2092210967516591,0.05,2,quantile_conjunction,
nhanes_dm,9,4,14,IF age >= 32 AND systolic_bp >= 117.333 THEN high risk,1,0.0434640561747082,4371,56.84744440109248,0.2070464424616792,0.05,2,quantile_conjunction,
nhanes_dm,9,4,15,IF bmi >= 34.6 AND ggt >= 21 THEN high risk,1,0.0434244958198315,986,12.82351411106776,0.2697768762677485,0.05,2,quantile_conjunction,
nhanes_dm,9,4,16,IF hdl <= 47 AND triglycerides >= 135 THEN high risk,1,0.0433594276674074,1702,22.13551827285733,0.2373678025851938,0.05,2,quantile_conjunction,
nhanes_dm,9,4,17,IF hdl <= 51 AND systolic_bp >= 117.333 THEN high risk,1,0.0429179646737369,3071,39.94017427493822,0.2077499185932921,0.05,2,quantile_conjunction,
nhanes_dm,9,4,18,IF hdl <= 55 AND total_cholesterol <= 185 THEN high risk,1,0.0424234395250464,3227,41.96904669007673,0.2048342113418035,0.05,2,quantile_conjunction,
nhanes_dm,9,4,19,IF bmi >= 26.7 AND systolic_bp >= 135.333 THEN high risk,1,0.0423946224334825,1064,13.837950318637011,0.2763157894736842,0.05,2,quantile_conjunction,
nhanes_dm,9,4,20,IF bmi >= 34.6 AND systolic_bp >= 135.333 THEN high risk,1,0.0416028093326823,398,5.176225777084146,0.3115577889447236,0.05,2,quantile_conjunction,
nhanes_dm,9,5,1,IF triglycerides >= 116 THEN high risk,1,0.0708388178413539,4346,56.52230459097412,0.194431661297745,0.05,1,quantile,
nhanes_dm,9,5,2,IF uric_acid >= 4.3 THEN high risk,1,0.0665947772320409,6235,81.08986864351671,0.1637530072173215,0.05,1,quantile,
nhanes_dm,9,5,3,IF ast <= 21 THEN high risk,1,0.0657847833165329,4689,60.9832227857979,0.1625079974408189,0.05,1,quantile,
nhanes_dm,9,5,4,IF age >= 49 AND hdl <= 55 THEN high risk,1,0.0619211574881509,2491,32.39693068019248,0.3143315937374548,0.05,2,quantile_conjunction,
nhanes_dm,9,5,5,IF age >= 57 AND hdl <= 55 THEN high risk,1,0.0578692651694087,1780,23.149954480426583,0.3567415730337078,0.05,2,quantile_conjunction,
nhanes_dm,9,5,6,IF age >= 57 AND bmi >= 26.8 THEN high risk,1,0.0530503135592318,1872,24.346468981662117,0.3579059829059829,0.05,2,quantile_conjunction,
nhanes_dm,9,5,7,IF age >= 57 AND total_cholesterol <= 175 THEN high risk,1,0.0505068714930346,1005,13.070620366757709,0.4407960199004975,0.05,2,quantile_conjunction,
nhanes_dm,9,5,8,IF age >= 57 AND triglycerides >= 116 THEN high risk,1,0.0501883890972248,1710,22.2395630120952,0.3415204678362573,0.05,2,quantile_conjunction,
nhanes_dm,9,5,9,IF age >= 64 AND hdl <= 47 THEN high risk,1,0.0463830991170536,553,7.192092599817921,0.4773960216998191,0.05,2,quantile_conjunction,
nhanes_dm,9,5,10,IF age >= 32 AND total_cholesterol <= 157 THEN high risk,1,0.0449189972031517,1105,14.37117960723111,0.3520361990950226,0.05,2,quantile_conjunction,
nhanes_dm,9,5,11,IF age >= 64 AND triglycerides >= 136 THEN high risk,1,0.0446093089106251,635,8.258551177006112,0.4141732283464567,0.05,2,quantile_conjunction,
nhanes_dm,9,5,12,IF bmi >= 24.2 AND triglycerides >= 76 THEN high risk,1,0.0445285593371803,5239,68.13629860840162,0.194311891582363,0.05,2,quantile_conjunction,
nhanes_dm,9,5,13,IF age >= 57 AND hdl <= 41 THEN high risk,1,0.0441912863323131,569,7.400182078293666,0.469244288224956,0.05,2,quantile_conjunction,
nhanes_dm,9,5,14,IF serum_albumin <= 4.1 AND triglycerides >= 100 THEN high risk,1,0.0438570356614953,1969,25.608011444921317,0.244794311833418,0.05,2,quantile_conjunction,
nhanes_dm,9,5,15,IF age >= 32 AND ggt >= 33 THEN high risk,1,0.0436940050332637,1400,18.20782936662765,0.2464285714285714,0.05,2,quantile_conjunction,
nhanes_dm,9,5,16,IF bmi >= 34.7 AND triglycerides >= 184 THEN high risk,1,0.0432213396572025,397,5.163220184679412,0.2871536523929471,0.05,2,quantile_conjunction,
nhanes_dm,9,5,17,IF bmi >= 30.8 AND systolic_bp >= 136 THEN high risk,1,0.0427914355127924,651,8.466640655481857,0.3087557603686636,0.05,2,quantile_conjunction,
nhanes_dm,9,5,18,IF age >= 64 AND ggt >= 24 THEN high risk,1,0.0419438388123298,564,7.335154116269996,0.3882978723404255,0.05,2,quantile_conjunction,
nhanes_dm,9,5,19,IF total_cholesterol <= 175 AND triglycerides >= 136 THEN high risk,1,0.0415922022959624,744,9.676160749122124,0.353494623655914,0.05,2,quantile_conjunction,
nhanes_dm,9,5,20,IF ggt >= 24 AND total_cholesterol <= 157 THEN high risk,1,0.0415145169296506,553,7.192092599817921,0.3273056057866184,0.05,2,quantile_conjunction,
